,dial_id,turn_id,role,utterance,topic_id,segmentation_label,da
0,tiage_dial_001,1,user,hey ! do you love cats ?,0,0,
1,tiage_dial_001,2,agent,"hey . . . i am a dog person , i have two",0,0,
2,tiage_dial_001,3,user,"ah that is cool , i have two cats and got a collection of 1000 hats for them !",0,0,
3,tiage_dial_001,4,agent,wow ! ! ! that is a lot lol,0,1,
4,tiage_dial_001,5,user,"yeah , i have a weakness for cats and vanilla ice cream , they are the best !",1,0,
5,tiage_dial_001,6,agent,my weakness is eating when i am bored,1,1,
6,tiage_dial_001,7,user,what is your favorite season ? mine is winter !,2,0,
7,tiage_dial_001,8,agent,i am a summer girl,2,1,
8,tiage_dial_001,9,user,have you ever watched the olympics ? i won a gold medal in 1992 !,3,0,
9,tiage_dial_001,10,agent,cool what did you win for ?,3,0,
10,tiage_dial_001,11,user,it was in the 100 meter dash ! i got 7 seconds !,3,0,
11,tiage_dial_001,12,agent,wow ! ! i just run on my treadmill lol,3,0,
12,tiage_dial_001,13,user,nothing like a good exercise !,3,0,
13,tiage_dial_001,14,agent,yes and i love the rower machine,3,0,
14,tiage_dial_001,15,user,"row row row your boat gently down the stream , when you see a crocodile . . .",3,0,
15,tiage_dial_001,16,user,lol nursery r h y m e s,3,1,
16,tiage_dial_002,1,user,i love bunnies ! i wish i would open a bunny daycare or hotel .,0,1,
17,tiage_dial_002,2,agent,that is a cool idea . how are you today ?,1,0,
18,tiage_dial_002,3,user,a little tired . worked all day today at the shipyard .,1,0,
19,tiage_dial_002,4,agent,"i just got back from school , not a big fan of it though .",1,1,
20,tiage_dial_002,5,user,you should join the military . i am ex military . girls love uniforms ;,2,0,
21,tiage_dial_002,6,agent,i have never considered it . maybe it would help me make some more friends .,2,0,
22,tiage_dial_002,7,user,"i joined the navy because i like navy blue , but infantry has sexy uniforms also .",2,0,
23,tiage_dial_002,8,agent,i will definitely keep the in mind if i join .,2,1,
24,tiage_dial_002,9,user,i donate part of my salary to my bunny rescue . you should too .,3,0,
25,tiage_dial_002,10,agent,do you have any bunnies ?,3,0,
26,tiage_dial_002,11,user,not anymore . i ate them all .,3,0,
27,tiage_dial_002,12,agent,wow ! you have quite the appetite .,3,1,
28,tiage_dial_002,13,user,"yeah , i like to eat . what do you do for a living ?",4,0,
29,tiage_dial_002,14,user,i am a receptionist at a dentist office,4,1,
30,tiage_dial_003,1,user,hi how are you tonight ?,0,0,
31,tiage_dial_003,2,agent,i am worn out from work today . how are you ?,0,0,
32,tiage_dial_003,3,user,me too ! i am trying to train for a 5k,0,1,
33,tiage_dial_003,4,agent,i used to run . i work at a convenience store .,1,0,
34,tiage_dial_003,5,user,oh well i am in high school but i know what i want to do,1,0,
35,tiage_dial_003,6,agent,what do you want to do ?,1,0,
36,tiage_dial_003,7,user,i want to be a physical therapist,1,0,
37,tiage_dial_003,8,agent,that sounds like a good job . i am the manager at the store that i work at .,1,0,
38,tiage_dial_003,9,user,that is cool . i try to make all straight as so i can achieve my goa,1,1,
39,tiage_dial_003,10,agent,great ! do you like taylor swift ? i met her once .,2,0,
40,tiage_dial_003,11,user,yeah she is cool . she seems nice and her songs are catchy,2,1,
41,tiage_dial_003,12,agent,i have her latest album in my car . i have a nissan .,3,0,
42,tiage_dial_003,13,user,nice ! hopefully i will get a car when i graduate,3,0,
43,tiage_dial_003,14,user,what kind of car do you want ?,3,1,
44,tiage_dial_004,1,user,"hi , my name is kate and i am from ohio .",0,0,
45,tiage_dial_004,2,agent,hello miss ! i m ben and i m grounded for not picking up my toys,0,1,
46,tiage_dial_004,3,user,i am sorry to hear that . do you like pizza ?,1,0,
47,tiage_dial_004,4,agent,when mommy orders it . what do you like on your pizza ?,1,0,
48,tiage_dial_004,5,user,it is my favorite food . i really like it with black olives on it . you ?,1,1,
49,tiage_dial_004,6,agent,i like the red stuff underneath the cheese ! how old are you ?,2,0,
50,tiage_dial_004,7,user,i am thirty years old and i work at a supermarket in my town .,2,0,
51,tiage_dial_004,8,agent,is that where my parents pick up the food ?,2,0,
52,tiage_dial_004,9,user,i am not sure if it is the same one .,2,1,
53,tiage_dial_004,10,agent,do you have any pets ?,3,0,
54,tiage_dial_004,11,user,i have a cat . his name is spook . what about you ?,3,0,
55,tiage_dial_004,12,agent,i have a turtle . i named him leo,3,0,
56,tiage_dial_004,13,user,that is cool . how did you get a turtle ?,3,0,
57,tiage_dial_004,14,agent,my best friend got it for me . he lives across he street,3,1,
58,tiage_dial_004,15,user,that was sweet of him . do you like music ?,4,0,
59,tiage_dial_004,16,agent,i like what barney sings !,4,0,
60,tiage_dial_004,17,user,"you may not know them , but the who is a great band !",4,0,
61,tiage_dial_004,18,user,daddy listens to them all the time !,4,1,
62,tiage_dial_005,1,user,hi . i do not like working as a car salesman .,0,1,
63,tiage_dial_005,2,agent,i recently broke my arm so i am not working,1,0,
64,tiage_dial_005,3,user,what happened ? it is hard to do anything with a broken arm .,1,0,
65,tiage_dial_005,4,agent,i blame my skateboarding friends,1,1,
66,tiage_dial_005,5,user,do you think 40 is too old to go back to school ?,2,0,
67,tiage_dial_005,6,agent,"yes , you should retire and learn to knit",2,1,
68,tiage_dial_005,7,user,no money . once i get paid my wife goes shopping . never get married .,3,0,
69,tiage_dial_005,8,agent,"good advise , thank you for that",3,1,
70,tiage_dial_005,9,user,where do you work ?,4,0,
71,tiage_dial_005,10,agent,i try to avoid working at all,4,0,
72,tiage_dial_005,11,user,it is hard for me . i do not like telling people to buy something .,4,1,
73,tiage_dial_005,12,agent,i just want to live free,5,0,
74,tiage_dial_005,13,user,nothing is free . unless you win the lottery .,5,0,
75,tiage_dial_005,14,agent,it could happen one day,5,1,
76,tiage_dial_005,15,user,are you married or are you at home with your parents ?,6,0,
77,tiage_dial_005,16,user,anything is possible right ?,6,1,
78,tiage_dial_006,1,user,"hi , i am taking a break from studying my computer programming",0,0,
79,tiage_dial_006,2,agent,"what is computer programming , i am new to the united states .",0,0,
80,tiage_dial_006,3,user,i am from india so i understand . it is telling computers how to run programs,0,1,
81,tiage_dial_006,4,agent,"cool , i was born in somalia , but my aunt helped me escape .",1,0,
82,tiage_dial_006,5,user,that was nice of her ! my aunt taught me how to swim,1,0,
83,tiage_dial_006,6,agent,"i had to get away , i was forced to marry young , but now i am happy",1,0,
84,tiage_dial_006,7,user,did you take your spouse with you ?,1,0,
85,tiage_dial_006,8,agent,"no , i had to escape him . it was not fun times .",1,0,
86,tiage_dial_006,9,user,i am sorry . i am glad you are safe now,1,1,
87,tiage_dial_006,10,agent,"thank you , do you do anything in your free time ?",2,0,
88,tiage_dial_006,11,user,i love death metal music . i listen and write some too .,2,0,
89,tiage_dial_006,12,agent,"death metal , is that the music you get whip lash from ?",2,1,
90,tiage_dial_006,13,user,yeah ! i also coach competitive swimming .,3,0,
91,tiage_dial_006,14,user,swimming is fun ! have you met any olympians ?,3,1,
92,tiage_dial_007,1,user,hi there how are you tonight ?,0,0,
93,tiage_dial_007,2,agent,i am tired from milking the cows .,0,0,
94,tiage_dial_007,3,user,well i know i am strong for a 100 but i do not think i can do that,0,0,
95,tiage_dial_007,4,agent,100 ? ! that is older then my dad ! would you make your son milk cows ?,0,0,
96,tiage_dial_007,5,user,yea because i sure cant do it,0,1,
97,tiage_dial_007,6,agent,i would rather be coloring in my books ! do you like sports ?,1,0,
98,tiage_dial_007,7,user,yes i have love baseball all my life,1,1,
99,tiage_dial_007,8,agent,i like to watch hockey with my dad . do you have any kids ?,2,0,
100,tiage_dial_007,9,user,yes 8 kids 24 grandkids and counting,2,1,
101,tiage_dial_007,10,agent,wow ! i can not even count that high ! i have a pet though . do you ?,3,0,
102,tiage_dial_007,11,user,no but i should i heard they are great companions,3,1,
103,tiage_dial_007,12,agent,dad got me a german sheperd to help on the farm . where do you live ?,4,0,
104,tiage_dial_007,13,user,in california but i want to move to france,4,0,
105,tiage_dial_007,14,agent,france is a long ways away ! will you drive there ?,4,0,
106,tiage_dial_007,15,user,no way i would die on the way il fly there,4,1,
107,tiage_dial_007,16,user,"do they let people as old as you on planes , mister ?",5,1,
108,tiage_dial_008,1,user,what do you do in your spare time ?,0,0,
109,tiage_dial_008,2,agent,"i recently quit my job , moved in to monastery to pursue my spirituality .",0,0,
110,tiage_dial_008,3,user,that is incredibly brilliant . congratulations,0,0,
111,tiage_dial_008,4,agent,"i appreciate that . are you a spiritual person , may i ask ?",0,0,
112,tiage_dial_008,5,user,yes i am actually . i became very close to god after surviving cancer,0,0,
113,tiage_dial_008,6,agent,you are amazing . thank you for sharing .,0,0,
114,tiage_dial_008,7,user,you are as well . an inspiration . i must remember you when training my clients,0,0,
115,tiage_dial_008,8,agent,what is it that you do ?,0,0,
116,tiage_dial_008,9,user,i actually just started as a life coach,0,0,
117,tiage_dial_008,10,agent,peace be with you as you embark on your new journey,0,0,
118,tiage_dial_008,11,user,thank you . that means a lot to me,0,1,
119,tiage_dial_008,12,agent,"live in he wilderness of alaska now , we do not have many life coaches here .",1,0,
120,tiage_dial_008,13,user,it is very much needed . people need guidance,1,1,
121,tiage_dial_008,14,agent,i agree fully . do you believe in meditation ? my meditation time has brought me much peace,2,0,
122,tiage_dial_008,15,user,i meditate right before i run a big marathon and it helps me keep my stamina .,2,0,
123,tiage_dial_008,16,user,"good for you ! i have never ran a marathon , but i certainly admire your determination !",2,1,
124,tiage_dial_009,1,user,hello how are you this fine day ?,0,0,
125,tiage_dial_009,2,agent,i am good ! counting the days till i can move out . and you ?,0,0,
126,tiage_dial_009,3,user,"i am playing some role playing games online today . i love the internet , probably too much !",0,0,
127,tiage_dial_009,4,agent,my job at burger king is taking away all of my video game time .,0,0,
128,tiage_dial_009,5,user,i work in fast food also .,0,0,
129,tiage_dial_009,6,agent,my coworkers are always complaining i burn the burgers . you are not my parents !,0,0,
130,tiage_dial_009,7,user,i tried to go to school to be a vet . i hated it !,0,1,
131,tiage_dial_009,8,agent,do you drink or do drugs ?,1,1,
132,tiage_dial_009,9,user,i do not . do you dye your hair ? i do every 3 months .,2,0,
133,tiage_dial_009,10,agent,"ok good . but why dye your hair ? that is , like , drugs for your hair .",2,0,
134,tiage_dial_009,11,user,i love to dye it blue . red reminds me of blood and i faint from that !,2,0,
135,tiage_dial_009,12,agent,blue ! ? blue ! ? i hate blue ! ree ! ! !,2,0,
136,tiage_dial_009,13,user,what color should i dye it ?,2,0,
137,tiage_dial_009,14,agent,"black , like my soul . i am very depressed from working at burger king .",2,0,
138,tiage_dial_009,15,user,that is deep . i could do black . my natural hair color is blond .,2,0,
139,tiage_dial_009,16,user,blond is perfectly fine . you should just keep it like that .,2,1,
140,tiage_dial_010,1,user,"hello , how are you doing today ?",0,1,
141,tiage_dial_010,2,agent,okay . i go to school . i like disney world .,1,0,
142,tiage_dial_010,3,user,oh i love disney world . it has a beach nearby and i love the beach .,1,1,
143,tiage_dial_010,4,agent,do you like playing on the swings at the playground ?,2,1,
144,tiage_dial_010,5,user,i normally do not go to the playgrounds much anymore . how old are you ?,3,0,
145,tiage_dial_010,6,agent,i am nine years old . how old are you ?,3,0,
146,tiage_dial_010,7,user,oh ! i am 27 years old . i am also an elementary school teacher .,3,1,
147,tiage_dial_010,8,agent,what grade do you teach ? i am in third . do you like mickey mouse ?,4,0,
148,tiage_dial_010,9,user,i teach 4th grade . i love mickey mouse . i decorate my classroom with him,4,0,
149,tiage_dial_010,10,agent,i bet you would love disney world . do you ever go ?,4,0,
150,tiage_dial_010,11,user,someday i would like to . i am saving up . have you ever been ?,4,0,
151,tiage_dial_010,12,agent,every year . i am lucky . would you like to go with me ?,4,0,
152,tiage_dial_010,13,user,oh that is a sweet offer . you have to ask your parents first !,4,0,
153,tiage_dial_010,14,agent,my dad will take you . he has lot of money . where are your vacations ?,4,0,
154,tiage_dial_010,15,user,i do not take many . i play board games mostly . . . teachers do not make much money,4,1,
155,tiage_dial_010,16,user,i will ask my dad . do you play video games ? i like them .,5,1,
156,tiage_dial_011,1,user,hello ! how are you doing today ?,0,0,
157,tiage_dial_011,2,agent,hi . i am doing great . thanks for asking . and you ?,0,0,
158,tiage_dial_011,3,user,i am doing great ! i am just building a model house,0,0,
159,tiage_dial_011,4,agent,cool . i volunteer at various places at the moment,0,0,
160,tiage_dial_011,5,user,"that is nice , what places ?",0,0,
161,tiage_dial_011,6,agent,"church , high school tutoring , publishing houses",0,1,
162,tiage_dial_011,7,user,i work part time because i cant leave my cats alone long,1,0,
163,tiage_dial_011,8,agent,wow . how many cats do you have ?,1,0,
164,tiage_dial_011,9,user,i have a total of 5 cats,1,1,
165,tiage_dial_011,10,agent,nice . what do you think of someone growing up poor ?,2,0,
166,tiage_dial_011,11,user,i honestly think it makes them a better person,2,0,
167,tiage_dial_011,12,agent,well i asked because i grew up poor during several periods,2,0,
168,tiage_dial_011,13,user,i am sorry to hear . at least your living !,2,1,
169,tiage_dial_011,14,agent,"yes , it is well . enough about me . how about your favorite past times ?",3,0,
170,tiage_dial_011,15,user,i just like to spend time with my cats,3,1,
171,tiage_dial_011,16,user,ok . what about favorite foods ? cheeseburgers ?,4,1,
172,tiage_dial_012,1,user,"hey , what are you planning for today ?",0,0,
173,tiage_dial_012,2,agent,"oh not much , my name is heather and just looking to chat with people",0,0,
174,tiage_dial_012,3,user,"i like chatting too , it is how i got homecoming queen talking to everyone",0,1,
175,tiage_dial_012,4,agent,what is your name and do you have any hobbies ?,1,0,
176,tiage_dial_012,5,user,"kris , i run , training to run a k , how about yourself any hobbies ?",1,1,
177,tiage_dial_012,6,agent,"ha , ha that is funny my husband was homecoming king in high school",2,1,
178,tiage_dial_012,7,user,how long are you married ? did you go to college ?,3,1,
179,tiage_dial_012,8,agent,i like books . not much time now that i am going to have a baby,4,0,
180,tiage_dial_012,9,user,"oh congrats ! i read a lot need , the a hope to be a physical therapist",4,0,
181,tiage_dial_012,10,agent,"i got my degree from college , i have been married for 3 years",4,0,
182,tiage_dial_012,11,user,"cool , i want so badly to finish high school and go to college",4,1,
183,tiage_dial_012,12,agent,so how old are you kris ?,5,0,
184,tiage_dial_012,13,user,"17 , but feels older . how about you ?",5,0,
185,tiage_dial_012,14,agent,do not be so eager to grow up its not as fun as you may think,5,0,
186,tiage_dial_012,15,user,i know but you get to make your own decisions,5,0,
187,tiage_dial_012,16,user,i am 27 and wish i was 17 again ha ha,5,1,
188,tiage_dial_013,1,user,hey ! how are you doing today ?,0,0,
189,tiage_dial_013,2,agent,hi ! doing great . where are you from ?,0,0,
190,tiage_dial_013,3,user,i am from the south in the us . what about you ?,0,0,
191,tiage_dial_013,4,agent,i live in hawaii and i work from home .,0,1,
192,tiage_dial_013,5,user,beautiful place . i have a dog walking business . do you have pets ?,1,0,
193,tiage_dial_013,6,agent,it is . i love it here . i have 2 dogs they love it here too .,1,0,
194,tiage_dial_013,7,user,good to talk to a fellow dog lover ! we have three .,1,1,
195,tiage_dial_013,8,agent,awesome ! will you dress them up for halloween ?,2,0,
196,tiage_dial_013,9,user,"yeah , we will go all out this year ! do you have any plans ?",2,0,
197,tiage_dial_013,10,agent,we are gonna watch a bunch of horror movies . have you seen the new it ?,2,0,
198,tiage_dial_013,11,user,"have not gotten the chance , maybe this week . you a big horror movie buff ?",2,0,
199,tiage_dial_013,12,agent,horror movies are my favorite !,2,0,
200,tiage_dial_013,13,user,perfect time of the year for them !,2,0,
201,tiage_dial_013,14,user,"my thoughts exactly . nice chatting , have a great day !",2,1,
202,tiage_dial_014,1,user,what do you do for work ?,0,0,
203,tiage_dial_014,2,agent,"i am a school teacher , who about you ?",0,0,
204,tiage_dial_014,3,user,i work on my parents farm,0,0,
205,tiage_dial_014,4,agent,i bet that is hard work,0,0,
206,tiage_dial_014,5,user,"it is , but its a lifestyle",0,1,
207,tiage_dial_014,6,agent,true do you have any hobbies outside of the farm ?,1,0,
208,tiage_dial_014,7,user,"i love listening to country music , its the best genre",1,0,
209,tiage_dial_014,8,agent,i love photography and foreign language,1,0,
210,tiage_dial_014,9,user,those sound like fun hobbies,1,0,
211,tiage_dial_014,10,agent,they are very simple but enjoyable,1,1,
212,tiage_dial_014,11,user,do you have any pets ?,2,0,
213,tiage_dial_014,12,agent,"unfortunately no , do you have any ?",2,0,
214,tiage_dial_014,13,user,"yes , a cow . it seems strange , but they are the best pets !",2,0,
215,tiage_dial_014,14,user,now that is unusual but interesting .,2,1,
216,tiage_dial_015,1,user,hi how are you today,0,0,
217,tiage_dial_015,2,agent,i am doing well how about you ?,0,0,
218,tiage_dial_015,3,user,doing good just waiting on the baby birth,0,0,
219,tiage_dial_015,4,agent,aww congratulations . it must be exciting .,0,0,
220,tiage_dial_015,5,user,we are having triplets so very excited,0,0,
221,tiage_dial_015,6,agent,ow wow now that will be hard task,0,0,
222,tiage_dial_015,7,user,yeah do you have kids ?,0,0,
223,tiage_dial_015,8,agent,no i sadly do not . i never been one to hold a steady relationship,0,0,
224,tiage_dial_015,9,user,i just got remarried with step children,0,0,
225,tiage_dial_015,10,agent,and now you are having triplets . now that will be a huge family,0,1,
226,tiage_dial_015,11,user,and i work at a school so kids everywhere,1,0,
227,tiage_dial_015,12,agent,are you a teacher ? or work in administration ?,1,0,
228,tiage_dial_015,13,user,i am a teacher where do you work ?,1,0,
229,tiage_dial_015,14,agent,i am self employed . what subject do you teach,1,0,
230,tiage_dial_015,15,user,i teach early childhood,1,0,
231,tiage_dial_015,16,user,that is cool . my mother is actually the chair of and education department,1,1,
232,tiage_dial_016,1,user,hello . how is it going today ?,0,0,
233,tiage_dial_016,2,agent,"good , studying the lsat today . how about you ?",0,0,
234,tiage_dial_016,3,user,i am good . i have a big home library if you are interested .,0,1,
235,tiage_dial_016,4,agent,really ? i am wanting to be an attorney . where are you from,1,0,
236,tiage_dial_016,5,user,new mexico . i am a tour guide at a local museum there .,1,0,
237,tiage_dial_016,6,agent,i used to live in nm ! i lived in a small town outside abq .,1,0,
238,tiage_dial_016,7,user,cool . i love living here . i am partially deaf and people are understanding .,1,1,
239,tiage_dial_016,8,agent,"they are . we had horses , do you ride ?",2,1,
240,tiage_dial_016,9,user,no . i prefer to hang out in the mall . i love drinking fancy tea .,3,0,
241,tiage_dial_016,10,agent,"tea i am more of a coffee gal , have to study late .",3,0,
242,tiage_dial_016,11,user,"that makes sense . soon you will be a lawyer , right ?",3,1,
243,tiage_dial_016,12,agent,"i hope , have to get good scores first . how is your museum ?",4,0,
244,tiage_dial_016,13,user,it is a small one but we get quite a lot of visitors because entrance is free .,4,0,
245,tiage_dial_016,14,user,"neat . i grew up with horses , is there anything about horses there ?",4,1,
246,tiage_dial_017,1,user,hi . do you like country music ?,0,0,
247,tiage_dial_017,2,agent,it is ok . i prefer rock,0,0,
248,tiage_dial_017,3,user,i am a country singer . i wish i was a rock singer though .,0,0,
249,tiage_dial_017,4,agent,that is cool . are you famous ?,0,0,
250,tiage_dial_017,5,user,"yes , but due to my record contract , i cannot tell you my name . are you famous ?",0,0,
251,tiage_dial_017,6,agent,only at my high school . i just won homecoming queen actually,0,0,
252,tiage_dial_017,7,user,congratulations . i did not go to school because of my musical career . is your crown nice ?,0,1,
253,tiage_dial_017,8,agent,it is gorgeous ! what do you do for fun ?,1,0,
254,tiage_dial_017,9,user,go to national parks . think about what i missed out on in high school . you ?,1,0,
255,tiage_dial_017,10,agent,i run all the time . i want to run a 10k one day .,1,0,
256,tiage_dial_017,11,user,i believe in you . are you on the track team ?,1,0,
257,tiage_dial_017,12,agent,yes i am . but i want to be a physical therapist when i am an adult,1,0,
258,tiage_dial_017,13,user,i want to be a rock singer .,1,0,
259,tiage_dial_017,14,user,you should go for it !,1,1,
260,tiage_dial_018,1,user,hello ! how are you doing today ?,0,0,
261,tiage_dial_018,2,agent,i am great . third grade is tiring though even though i do not have any responsibilities .,0,1,
262,tiage_dial_018,3,user,"funny . well , beats being alone , recluse that i am .",1,0,
263,tiage_dial_018,4,agent,i am hermit . i am like mickey mouse without disney land .,1,0,
264,tiage_dial_018,5,user,oh . like me . i do not go out much because of my water allergy,1,0,
265,tiage_dial_018,6,agent,so i guess your name is not neptune .,1,1,
266,tiage_dial_018,7,user,no . adam . i am famous for my twitch streaming .,2,1,
267,tiage_dial_018,8,agent,i do not video games because i am always at the playground with all my classmates,3,1,
268,tiage_dial_018,9,user,it is fun ! i helped make starcraft . have you played it ?,4,0,
269,tiage_dial_018,10,agent,no . i have played halo it is fun .,4,1,
270,tiage_dial_018,11,user,indeed . now i am into building robots now though .,5,0,
271,tiage_dial_018,12,agent,robots may take over the world,5,0,
272,tiage_dial_018,13,user,sure . i am building one to be my body double . is that not fun ?,5,0,
273,tiage_dial_018,14,user,i wish there was two of me so i could be double trouble .,5,1,
274,tiage_dial_019,1,user,how are you doing today,0,0,
275,tiage_dial_019,2,agent,"i am good ! grading papers all day , you ?",0,0,
276,tiage_dial_019,3,user,i am alright just recording,0,0,
277,tiage_dial_019,4,agent,what are you recording ? that sounds interesting .,0,0,
278,tiage_dial_019,5,user,music in my studio my kids like it,0,0,
279,tiage_dial_019,6,agent,do you like the band up ? i saw them once .,0,0,
280,tiage_dial_019,7,user,i used to . i am into newer stuff now,0,0,
281,tiage_dial_019,8,agent,i cannot wait to go to the beach on vaca this year .,0,0,
282,tiage_dial_019,9,user,have you been there before,0,0,
283,tiage_dial_019,10,agent,i try to go every year with my parents . they were teachers too .,0,0,
284,tiage_dial_019,11,user,all in the family career wise nice,0,0,
285,tiage_dial_019,12,agent,"yeah , i followed in their footsteps .",0,0,
286,tiage_dial_019,13,user,you must have a lot to talk to them about,0,0,
287,tiage_dial_019,14,agent,sometimes . the little kids i teach always make or a good story .,0,0,
288,tiage_dial_019,15,user,i am sure that they do,0,1,
289,tiage_dial_019,16,user,what else do you enjoy ?,1,1,
290,tiage_dial_020,1,user,good evening from alabama ! where are you at ?,0,0,
291,tiage_dial_020,2,agent,"hi , i am in nevada . i am listening to country music .",0,1,
292,tiage_dial_020,3,user,"tacos are my favorite , do you have any great food trucks there ?",1,0,
293,tiage_dial_020,4,agent,"yes we do , i am a store manager and we sell really good tacos .",1,0,
294,tiage_dial_020,5,user,"my three sisters would love that . my brother , not so much .",1,1,
295,tiage_dial_020,6,agent,taylor swift walked into my store the other day ! it was awesome !,2,0,
296,tiage_dial_020,7,user,i am not fond of her . i think i would have escaped .,2,0,
297,tiage_dial_020,8,agent,really ? i cut my hair like hers short and brown .,2,0,
298,tiage_dial_020,9,user,i prefer metal . i do not like country at all .,2,0,
299,tiage_dial_020,10,agent,"i like metal too but the old school , like lyda ford .",2,0,
300,tiage_dial_020,11,user,i love her and ozzy in close your eyes . it is one of my favorites .,2,1,
301,tiage_dial_020,12,agent,oh man you hit the spot ! i play it loud in my nissan pathfinder .,3,0,
302,tiage_dial_020,13,user,i drive a jeep wrangler . i mix it up with tupac .,3,0,
303,tiage_dial_020,14,agent,california knows how to party !,3,0,
304,tiage_dial_020,15,user,"true that ! somewhere between psalms 31 and tupac is me , lol",3,0,
305,tiage_dial_020,16,user,i am more like john 316 and cypress hill .,3,1,
306,tiage_dial_021,1,user,"hello , how are you doing this afternoon ? do you like metal music ?",0,0,
307,tiage_dial_021,2,agent,i am good and no i like country,0,1,
308,tiage_dial_021,3,user,"i love america , i have only been here two years , i am from india .",1,0,
309,tiage_dial_021,4,agent,cool ! i have not traveled much since my transplant,1,0,
310,tiage_dial_021,5,user,"i am sorry , are you okay ?",1,0,
311,tiage_dial_021,6,agent,"i am yes , when i was born my heart was on the outside",1,0,
312,tiage_dial_021,7,user,what was that like ? i am a boring computer student .,1,0,
313,tiage_dial_021,8,agent,it was crazy growing up i could not play like most boys,1,0,
314,tiage_dial_021,9,user,that is so sad . i loved my childhood playing with my friends .,1,0,
315,tiage_dial_021,10,agent,"i bet , i learned to do magic like moving things with my mind",1,1,
316,tiage_dial_021,11,user,"that is very interesting , can you swim ?",2,0,
317,tiage_dial_021,12,agent,yes i enjoy swimming a lot,2,0,
318,tiage_dial_021,13,user,"i am a coach , if you need to brush up on your skills , let me know .",2,0,
319,tiage_dial_021,14,agent,"thank you for the offer , i could use some pointers",2,0,
320,tiage_dial_021,15,user,you are most welcome . we all must do our part to make the world better .,2,0,
321,tiage_dial_021,16,user,i agree with you ! i like helping at animal shelters,2,1,
322,tiage_dial_022,1,user,"i love to play guitar , i was only three when i started",0,0,
323,tiage_dial_022,2,agent,my parents were killed by a clown when i was three . i was then adopted,0,1,
324,tiage_dial_022,3,user,"hi , how are you ? do you like country music ? i am a singer .",1,0,
325,tiage_dial_022,4,agent,it is alright . i am more of a pop fan myself,1,0,
326,tiage_dial_022,5,user,"sad , i am sorry , did they every caught the clown ?",1,0,
327,tiage_dial_022,6,agent,no . now i get scared whenever i see one,1,0,
328,tiage_dial_022,7,user,"lets be happy and not think about that , i love national parks",1,0,
329,tiage_dial_022,8,agent,i recently got a job ! now i work at a gas station,1,1,
330,tiage_dial_022,9,user,do you like rascal flats ? they are my favorite band .,2,0,
331,tiage_dial_022,10,agent,not really . but my adopted dad likes them,2,0,
332,tiage_dial_022,11,user,now that is something happy to talk about ! i work in the industry,2,0,
333,tiage_dial_022,12,agent,what industry do you work in ?,2,1,
334,tiage_dial_022,13,user,"okay , so tell me more about yourself",3,0,
335,tiage_dial_022,14,agent,i am single . though my dad keeps setting me up on blind dates,3,0,
336,tiage_dial_022,15,user,"in the factory , that is what i mean",3,0,
337,tiage_dial_022,16,user,cool . what do you make ?,3,1,
338,tiage_dial_023,1,user,i am addicted to the internet that is why i want to work from home,0,0,
339,tiage_dial_023,2,agent,i love the internet it makes me think i can over take the world,0,0,
340,tiage_dial_023,3,user,it is a dream to work from home and play role play games,0,0,
341,tiage_dial_023,4,agent,yes i use to paint for job . but now i am a maid or housekeeper,0,0,
342,tiage_dial_023,5,user,"i know how you feel , i do not like being a veterinarian",0,0,
343,tiage_dial_023,6,agent,at 56 i am looking forward to retirement,0,0,
344,tiage_dial_023,7,user,do you see blood as a maid ? it makes me faint .,0,0,
345,tiage_dial_023,8,agent,i see just about everything no blood though .,0,0,
346,tiage_dial_023,9,user,"you are too young to retire , what you going to do ?",0,0,
347,tiage_dial_023,10,agent,i may visit my grown children since they never visit me .,0,1,
348,tiage_dial_023,11,user,"that is so good to know , it really scares me",1,1,
349,tiage_dial_023,12,agent,as a older woman i wish i could have plastic surgery .,2,1,
350,tiage_dial_023,13,user,"it is good that you visit them , you do your part",3,1,
351,tiage_dial_023,14,agent,i use to be wrinkle free but the years of time are not kind,4,0,
352,tiage_dial_023,15,user,why is that ? natural is beauty .,4,0,
353,tiage_dial_023,16,user,yes but it is hard to look at sagging skin and eyes,4,1,
354,tiage_dial_024,1,user,do you want to hear something strange ?,0,0,
355,tiage_dial_024,2,agent,sure ! i would love to ! what is it ?,0,0,
356,tiage_dial_024,3,user,i am due to have my fifth set of twins in two months !,0,1,
357,tiage_dial_024,4,agent,wow . my boyfriend would go crazy . we just moved into a house .,1,0,
358,tiage_dial_024,5,user,we just bought our first home . we were living in a two bedroom apartment before .,1,0,
359,tiage_dial_024,6,agent,nice . i enjoy taking walks around my neighbor hood .,1,0,
360,tiage_dial_024,7,user,i wish i had time for walks . my job at the bank keeps me busy .,1,1,
361,tiage_dial_024,8,agent,yeah . i get busy too . all i ever eat is hamburgers and french fries,2,0,
362,tiage_dial_024,9,user,oh my ! that is a poor diet .,2,0,
363,tiage_dial_024,10,agent,yah bi i never drink any soda . i do not like it,2,0,
364,tiage_dial_024,11,user,well that is good . i have not had soda since before i got pregnant .,2,0,
365,tiage_dial_024,12,agent,oh ok . good for you then !,2,1,
366,tiage_dial_024,13,user,we should go on a walk together sometime .,3,0,
367,tiage_dial_024,14,user,sure ! i would love that !,3,1,
368,tiage_dial_025,1,user,what do you like to do in your free time ?,0,0,
369,tiage_dial_025,2,agent,"hi ! well , i usually like to take care of my looks hair , nail , tanning .",0,1,
370,tiage_dial_025,3,user,what do you do as a profession ?,1,0,
371,tiage_dial_025,4,agent,"i do not have one yet , i am thinking about college . what about you ?",1,0,
372,tiage_dial_025,5,user,"ah , i see . well , i have two jobs , but my side job is the interesting one .",1,0,
373,tiage_dial_025,6,agent,tell me about the interesting one . what is it like ?,1,0,
374,tiage_dial_025,7,user,i am an actor of sorts . . . a stunt double ! it is really interesting work .,1,0,
375,tiage_dial_025,8,agent,"wow , i have never met an actor ! you must be very fit .",1,1,
376,tiage_dial_025,9,user,"surprisingly enough , too , i have never broken a bone . tell me something else about yourself .",2,0,
377,tiage_dial_025,10,agent,"well , i seem to always be on a diet . . . even though i love food . . .",2,0,
378,tiage_dial_025,11,user,could you tell me more about that ?,2,0,
379,tiage_dial_025,12,agent,i want to look my best . exercising alone does not seem to cut it .,2,1,
380,tiage_dial_025,13,user,i guess that does make sense . do you like to read ?,3,0,
381,tiage_dial_025,14,agent,"not really . school was so boring , and they forced us to read boring stuff .",3,0,
382,tiage_dial_025,15,user,"reading was boring to me in school , too . but i read lots now .",3,0,
383,tiage_dial_025,16,user,what do you read ? my sister says fantasy novels are the best .,3,1,
384,tiage_dial_026,1,user,good evening . what are you up to ?,0,0,
385,tiage_dial_026,2,agent,"hello , how are you ? i am well . i like to shop for shoes and watches .",0,0,
386,tiage_dial_026,3,user,i do not shop much . prefer to relax at home with my cow .,0,1,
387,tiage_dial_026,4,agent,what do you do ? i am work for a watch dealer .,1,0,
388,tiage_dial_026,5,user,no wonder you like watches ! i am a commercial electrician,1,0,
389,tiage_dial_026,6,agent,"wonderful ! yeah , however , my family does not support my choice of career .",1,0,
390,tiage_dial_026,7,user,why not ? family is important .,1,1,
391,tiage_dial_026,8,agent,i am not sure why they do not . do you like cars ?,2,0,
392,tiage_dial_026,9,user,i do ! i love trucks especially . i drive a big f 250,2,0,
393,tiage_dial_026,10,agent,lovely truck ! i dream of owning a rolls royce ghost one day .,2,1,
394,tiage_dial_026,11,user,that would be lovely . do you like music too ? or just cars ?,3,0,
395,tiage_dial_026,12,agent,i enjoy both . i like all kinds of music .,3,0,
396,tiage_dial_026,13,user,i only like country . play it all day on the farm .,3,0,
397,tiage_dial_026,14,agent,there are some great country music songs out at the moment . i prefer old stuff .,3,1,
398,tiage_dial_026,15,user,i feel you . do you have any other hobbies ?,4,0,
399,tiage_dial_026,16,user,i mostly just take care of my children . nice meeting you . goodnight .,4,1,
400,tiage_dial_027,1,user,hey there buddy boy boyo,0,0,
401,tiage_dial_027,2,agent,"hello , you have any hobbies ?",0,0,
402,tiage_dial_027,3,user,i can listen to britney spears all day,0,0,
403,tiage_dial_027,4,agent,awesome i like listening to it while i play tennis .,0,1,
404,tiage_dial_027,5,user,i love to spend money that i did not earn,1,0,
405,tiage_dial_027,6,agent,"oh , i see that a lot in my insurance office .",1,0,
406,tiage_dial_027,7,user,what do you do for a living ?,1,0,
407,tiage_dial_027,8,agent,since i was fired i found a job in insurance .,1,0,
408,tiage_dial_027,9,user,what is the pay like ?,1,0,
409,tiage_dial_027,10,agent,"it is ok , but my dad made a ton before he passed away .",1,0,
410,tiage_dial_027,11,user,i am sorry . at least he is in a better place now .,1,0,
411,tiage_dial_027,12,agent,"it is ok , i was pretty young when it happened .",1,1,
412,tiage_dial_027,13,user,do you like to tan ?,2,0,
413,tiage_dial_027,14,agent,i normally get tanned from playing softball which i love .,2,0,
414,tiage_dial_027,15,user,i am too lazy to play sports,2,0,
415,tiage_dial_027,16,user,"oh , deal i love playing sports .",2,1,
416,tiage_dial_028,1,user,"hi there , i am bob .",0,0,
417,tiage_dial_028,2,agent,hi there . how are you tonight ?,0,0,
418,tiage_dial_028,3,user,i am amazing as always .,0,0,
419,tiage_dial_028,4,agent,you like skiing ? i love skiing . i love anything to with winter actually .,0,1,
420,tiage_dial_028,5,user,i spend so much money,1,0,
421,tiage_dial_028,6,agent,i spend my extra money on hats . what do you buy ?,1,0,
422,tiage_dial_028,7,user,britney spears and her old clothing,1,0,
423,tiage_dial_028,8,agent,i own over 1000 hats . how much britney do you own ?,1,0,
424,tiage_dial_028,9,user,i buy her sweaty clothes,1,0,
425,tiage_dial_028,10,agent,do you protect them ? my cats would have a ball tearing that up .,1,0,
426,tiage_dial_028,11,user,"ha , well , that would be fun to watch",1,1,
427,tiage_dial_028,12,agent,so what is your greatest weakness ? mine is vanilla ice cream .,2,0,
428,tiage_dial_028,13,user,i think it is chocolate waffles,2,0,
429,tiage_dial_028,14,agent,chocolate waffles with vanilla ice cream ! yum ! !,2,0,
430,tiage_dial_028,15,user,i am on a diet,2,0,
431,tiage_dial_028,16,user,i got over diets after the olympics .,2,1,
432,tiage_dial_029,1,user,"hey , my name is cory and i have 3 dogs and own a dog walking business .",0,0,
433,tiage_dial_029,2,agent,"hello , my name if bebe a mom of 4",0,1,
434,tiage_dial_029,3,user,"hello , bebe do you like to watch the olympics ?",1,0,
435,tiage_dial_029,4,agent,yes every now and then .,1,0,
436,tiage_dial_029,5,user,which olympic sports do you like to watch ?,1,0,
437,tiage_dial_029,6,agent,i love watching baseball or american football,1,1,
438,tiage_dial_029,7,user,"cool , tell me a little about yourself ?",2,0,
439,tiage_dial_029,8,agent,i am a african american woman the age of 30,2,0,
440,tiage_dial_029,9,user,"awesome , i am a white dude in an open relationship .",2,0,
441,tiage_dial_029,10,agent,so when you say open meaning exactly what ?,2,0,
442,tiage_dial_029,11,user,polyamorous meaning me and my boyfriend do stuff with more than one person .,2,0,
443,tiage_dial_029,12,agent,oh okay so are you bisexual or completely gay ?,2,0,
444,tiage_dial_029,13,user,i am completely gay and my boyfriend is bisexual .,2,0,
445,tiage_dial_029,14,agent,oh okay well that is good you open about it some people are not,2,0,
446,tiage_dial_029,15,user,"yeah , i am very open minded its whatever makes the person happy .",2,0,
447,tiage_dial_029,16,user,that is apart of being true to yourself,2,1,
448,tiage_dial_030,1,user,"hello from trooper and i . we are in colorado , he is a lab .",0,0,
449,tiage_dial_030,2,agent,hello ! i am addicted to the internet and play roleplaying games all day,0,0,
450,tiage_dial_030,3,user,i hike and rock climb . getting out of the house is important to me .,0,0,
451,tiage_dial_030,4,agent,really ? because working from home is my dream,0,1,
452,tiage_dial_030,5,user,i have a home office . i went to school for mechanical engineering .,1,0,
453,tiage_dial_030,6,agent,i did go to school to be a vet but i did not like it,1,0,
454,tiage_dial_030,7,user,i would like that . i love animals .,1,1,
455,tiage_dial_030,8,agent,"yeah , my hair is purple because i dye it every 3 months",2,0,
456,tiage_dial_030,9,user,"mine is red , i do not dye mine .",2,1,
457,tiage_dial_030,10,agent,"interesting ! speaking of red , when i see blood i faint",3,0,
458,tiage_dial_030,11,user,not me . i am cool in a crisis .,3,0,
459,tiage_dial_030,12,agent,"lucky man , i hope to be someday",3,1,
460,tiage_dial_030,13,user,"i am a girl . we are engineers too , lol",4,0,
461,tiage_dial_030,14,agent,of course ! girls are just as smart !,4,0,
462,tiage_dial_030,15,user,that we are . we are princesses and superheros .,4,0,
463,tiage_dial_030,16,user,absolutely ! could not agree more !,4,1,
464,tiage_dial_031,1,user,hi ! do you like horses ? i love horses !,0,1,
465,tiage_dial_031,2,agent,horses are great i am george i farm bees,1,0,
466,tiage_dial_031,3,user,so you must live in the country then ? i grew up in a small town .,1,1,
467,tiage_dial_031,4,agent,i did bu i am not close to my family,2,1,
468,tiage_dial_031,5,user,oh . i actually am wanting to be a lawyer . working now to save up money for school,3,0,
469,tiage_dial_031,6,agent,my wife is a model . i met her in italy . she wants to be a lawyer too .,3,0,
470,tiage_dial_031,7,user,has she started school yet ? i am not married yet . focusing on trying to get my education .,3,1,
471,tiage_dial_031,8,agent,no not yet she studies for the lsat . what is your favorite food ? mine is papaya,4,0,
472,tiage_dial_031,9,user,"i have never had papaya ! i love potatoes . mashed , fried , boiled , just love them",4,1,
473,tiage_dial_031,10,agent,single irish lawyer . nice . anything else on your mind ?,5,0,
474,tiage_dial_031,11,user,just cannot wait to get out of this small town and move to a bigger city .,5,0,
475,tiage_dial_031,12,agent,good luck with moving and your studies,5,0,
476,tiage_dial_031,13,user,"good luck with the bees , and good luck to your wife on the lawyer deal",5,0,
477,tiage_dial_031,14,agent,thanks just livin the dream of a humble bee keeping celebrity husband,5,1,
478,tiage_dial_031,15,user,lol . how is it being the husband of a model ? ?,6,0,
479,tiage_dial_031,16,user,my wife is an italian super model,6,1,
480,tiage_dial_032,1,user,i spend my extra time dancing,0,1,
481,tiage_dial_032,2,agent,i am not good at dancing too big and clumsy . i can pet the bunnies though .,1,1,
482,tiage_dial_032,3,user,i was raised in somalia but now living in u . s .,2,1,
483,tiage_dial_032,4,agent,i have a job in the shipyard when i am not volunteering to pet the bunnies .,3,1,
484,tiage_dial_032,5,user,do you have an aunt,4,0,
485,tiage_dial_032,6,agent,nope . did yours save you when you were forced to marry someone ?,4,0,
486,tiage_dial_032,7,user,no no huh my aunt help get me to the u . s .,4,1,
487,tiage_dial_032,8,agent,i donate my money from the shipyard to the bunny rescue . they let me pet the bunnies .,5,1,
488,tiage_dial_032,9,user,all my time is on dancing i love it,6,1,
489,tiage_dial_032,10,agent,i like navy blue . it is my favorite color even though bunnies are not ever blue .,7,1,
490,tiage_dial_032,11,user,do ou own a bunny,8,0,
491,tiage_dial_032,12,agent,lenny will not let me have a bunny .,8,0,
492,tiage_dial_032,13,user,it was nice meeting you and the bunnies,8,0,
493,tiage_dial_032,14,agent,one day i will haves me a farm and get to tend the bunnies .,8,0,
494,tiage_dial_032,15,user,that would be great to have a bunny,8,0,
495,tiage_dial_032,16,user,yes . i will love and pet and hug them .,8,1,
496,tiage_dial_033,1,user,hi how are you today ?,0,0,
497,tiage_dial_033,2,agent,olympian gold medalist here what is up !,0,1,
498,tiage_dial_033,3,user,i like to play with dolls . what do you do ?,1,0,
499,tiage_dial_033,4,agent,gymnastics for about 4 hours a day great work out .,1,1,
500,tiage_dial_033,5,user,my age is 4 . how old are you ?,2,1,
501,tiage_dial_033,6,agent,great whats your favorite color ? mine is yellow,3,0,
502,tiage_dial_033,7,user,i really like the color red .,3,1,
503,tiage_dial_033,8,agent,like pizza ! i like italian food oh garlic bread .,4,1,
504,tiage_dial_033,9,user,i hate to clean so i do not pick up my toys . do you ?,5,0,
505,tiage_dial_033,10,agent,i do not have toys but i do workout .,5,1,
506,tiage_dial_033,11,user,nice . next door is where my best friend lives . how about yours ?,6,0,
507,tiage_dial_033,12,agent,i do not have friends my only love is for the garlic bread .,6,0,
508,tiage_dial_033,13,user,lol . who needs friends when you have garlic bread ?,6,0,
509,tiage_dial_033,14,user,and gym membership cant forget the gym membership .,6,1,
510,tiage_dial_034,1,user,hello . how are you today friend ?,0,0,
511,tiage_dial_034,2,agent,"hello , i am george , i am doing well . how are you ?",0,0,
512,tiage_dial_034,3,user,i am well also . do you like music ?,0,0,
513,tiage_dial_034,4,agent,i do ! what kind do you like ?,0,1,
514,tiage_dial_034,5,user,my parents do not support me but i want to be a musician .,1,0,
515,tiage_dial_034,6,agent,oh that is too bad . i am not close to any of my family either .,1,0,
516,tiage_dial_034,7,user,i want to make it big . i sing folk music and play piano and guitar,1,0,
517,tiage_dial_034,8,agent,"i like isolation , which is why i became a bee farmer .",1,0,
518,tiage_dial_034,9,user,that is interesting . i have a custodian job . it pays the bills i guess,1,0,
519,tiage_dial_034,10,agent,my wife is the bill payer . as an italian super model she makes the big money .,1,1,
520,tiage_dial_034,11,user,wow that is awesome ! do you like music ?,2,1,
521,tiage_dial_034,12,agent,i love music ! what is your favorite food ? mine is papaya .,3,0,
522,tiage_dial_034,13,user,crabs or lobster . it is to close to call !,3,0,
523,tiage_dial_034,14,agent,oh both good choices !,3,0,
524,tiage_dial_034,15,user,i love seafood . do you like it ?,3,0,
525,tiage_dial_034,16,user,"i do like it a lot , especially shrimp !",3,1,
526,tiage_dial_035,1,user,hi how are you doing,0,0,
527,tiage_dial_035,2,agent,"hey ! good , how are you",0,0,
528,tiage_dial_035,3,user,i am good just dropped my kids off at school,0,1,
529,tiage_dial_035,4,agent,"aww nice , i work in few hours . i work in construction . . love building houses",1,1,
530,tiage_dial_035,5,user,that is cool where do you live,2,0,
531,tiage_dial_035,6,agent,"i live in australia , yourself ?",2,0,
532,tiage_dial_035,7,user,cali but i do not like being outside,2,1,
533,tiage_dial_035,8,agent,oh that is bad . . why ? do you have any pet ?,3,0,
534,tiage_dial_035,9,user,no thy are a lot of work,3,0,
535,tiage_dial_035,10,agent,i have five cats . . they are so special !,3,0,
536,tiage_dial_035,11,user,that is nice do you have a favorite,3,0,
537,tiage_dial_035,12,agent,nah . . love them all ! my father loved pets . . i learnt all bout cats from him,3,0,
538,tiage_dial_035,13,user,that is cool are they inside or outside cats,3,0,
539,tiage_dial_035,14,user,"they are inside , they are part of he family",3,1,
540,tiage_dial_036,1,user,hello how is it going ?,0,0,
541,tiage_dial_036,2,agent,"hi . i am doing well , plotting to take over the world .",0,0,
542,tiage_dial_036,3,user,haha i have read a book about that once,0,1,
543,tiage_dial_036,4,agent,"my kids do not visit , so i have a lot of time on my hands , after work .",1,0,
544,tiage_dial_036,5,user,oh my kid days are over finally,1,0,
545,tiage_dial_036,6,agent,mine are too . i am 56 .,1,1,
546,tiage_dial_036,7,user,do you get to travel a lot ? i am 60,2,0,
547,tiage_dial_036,8,agent,"no , i used too when i was younger and a painter .",2,1,
548,tiage_dial_036,9,user,very sad kids do not visit as they should,3,0,
549,tiage_dial_036,10,agent,"no , they never do . i guess they are embarrassed about me not being pretty .",3,1,
550,tiage_dial_036,11,user,who is your favorite artist ? i am sure u look well,4,0,
551,tiage_dial_036,12,agent,"diego , he used to paint me . before freda came along .",4,0,
552,tiage_dial_036,13,user,haha you like cubism i take it ?,4,1,
553,tiage_dial_036,14,user,"i spent a lot of time on the island , before the embargo",5,1,
554,tiage_dial_037,1,user,good morning how old are you i am 34,0,0,
555,tiage_dial_037,2,agent,i am much older than that . my grandchildren are in their thirties,0,1,
556,tiage_dial_037,3,user,do you have any pets ? my two dogs are my everything .,1,0,
557,tiage_dial_037,4,agent,no pets . i am retired so i love to travel . pets would slow me down,1,0,
558,tiage_dial_037,5,user,i understand that . my idea of travel is a long hot bubble bath .,1,0,
559,tiage_dial_037,6,agent,i used to take a lot of bubble baths when i was recovering from cancer,1,0,
560,tiage_dial_037,7,user,did your cancer get cured ?,1,0,
561,tiage_dial_037,8,agent,i did ! feels great to be alive,1,1,
562,tiage_dial_037,9,user,that is wonderful ! do you play chess ?,2,0,
563,tiage_dial_037,10,agent,i do not . do you ?,2,0,
564,tiage_dial_037,11,user,"i do , it is one of my hobbies . what do you do for fun ?",2,1,
565,tiage_dial_037,12,agent,"i spoil my grandkids . they want me to get a smartphone , do you think i should ?",3,1,
566,tiage_dial_037,13,user,i think it depends on the kid . however all or none . are you married ?,4,0,
567,tiage_dial_037,14,agent,i am . are you married ?,4,0,
568,tiage_dial_037,15,user,no i am single . some day the right person will come along .,4,0,
569,tiage_dial_037,16,user,do you date much ? you have to put yourself out there,4,1,
570,tiage_dial_038,1,user,"hello , how are you this evening ?",0,0,
571,tiage_dial_038,2,agent,hello how are you today ?,0,0,
572,tiage_dial_038,3,user,"i am doing well , thank you . playing online chess , how are you ?",0,1,
573,tiage_dial_038,4,agent,"i am chillin , do you have any pets ?",1,0,
574,tiage_dial_038,5,user,"i have two dogs , they are watching my bath run .",1,0,
575,tiage_dial_038,6,agent,"i like chocolate , do they ?",1,0,
576,tiage_dial_038,7,user,"oh no , chocolate is bad for dogs .",1,1,
577,tiage_dial_038,8,agent,why i am only 4 here,2,0,
578,tiage_dial_038,9,user,it makes them very sick .,2,1,
579,tiage_dial_038,10,agent,"change of subject , what is your favorite color ?",3,0,
580,tiage_dial_038,11,user,"i love purple , what is yours ?",3,0,
581,tiage_dial_038,12,agent,"i love red , reminds me of summer time .",3,0,
582,tiage_dial_038,13,user,summer is my favorite season .,3,1,
583,tiage_dial_038,14,agent,i have a best friend,4,0,
584,tiage_dial_038,15,user,"i do too , i have known mine for over thirty years .",4,1,
585,tiage_dial_038,16,user,i really like waffles too,5,1,
586,tiage_dial_039,1,user,hello . how are you doing today ?,0,0,
587,tiage_dial_039,2,agent,"i am well , how are you ?",0,0,
588,tiage_dial_039,3,user,i am wonderful . i just won a gold medal in the olympics .,0,0,
589,tiage_dial_039,4,agent,"wow , that is impressive . what sport ?",0,0,
590,tiage_dial_039,5,user,the sport is gymnastics . it is so my favorite .,0,0,
591,tiage_dial_039,6,agent,that is so cool . i like working with electronics myself .,0,0,
592,tiage_dial_039,7,user,i wore a yellow leotard with sparkles and i have everything yellow .,0,0,
593,tiage_dial_039,8,agent,i take it yellow is your favorite color ?,0,1,
594,tiage_dial_039,9,user,yes it sure is . i had italian food and garlic bread for a year .,1,0,
595,tiage_dial_039,10,agent,"like , you mean that is all you ate for an entire year ?",1,0,
596,tiage_dial_039,11,user,yes . it sure is . i love it . i cannot get enough .,1,0,
597,tiage_dial_039,12,agent,i had spaghetti with vegetarian italian sausage and garlic bread last night . it was so good .,1,1,
598,tiage_dial_039,13,user,cool . i did hardcore exercise four hours everyday .,2,0,
599,tiage_dial_039,14,agent,that is a lot of exercising . i hate exercising . i just work on my robot most days .,2,0,
600,tiage_dial_039,15,user,are we finished ? i think we are .,2,0,
601,tiage_dial_039,16,user,i sure hope so . i want this to be over .,2,1,
602,tiage_dial_040,1,user,hi ! i hope your day is going well . how are you ?,0,0,
603,tiage_dial_040,2,agent,i am just watching a documentary on the vietnam war . you ?,0,0,
604,tiage_dial_040,3,user,just listening to some music and playing video games .,0,1,
605,tiage_dial_040,4,agent,awesome . i am cooking some burgers on the grill . cheeseburgers are my fave,1,0,
606,tiage_dial_040,5,user,"i love a good burger , but i try hard to stay thin and in shape .",1,0,
607,tiage_dial_040,6,agent,i am all about fitness . i used to be a gym teacher,1,1,
608,tiage_dial_040,7,user,did you have a special uniform ? i love my skinny jeans and leggings .,2,0,
609,tiage_dial_040,8,agent,just loose fitting clothing . that is about it,2,0,
610,tiage_dial_040,9,user,"i like band shirts , especially with ruffled sleeves .",2,1,
611,tiage_dial_040,10,agent,i was too poor to afford anything really growing up,3,0,
612,tiage_dial_040,11,user,is life better for you now ?,3,0,
613,tiage_dial_040,12,agent,yes . i serve food to the poor because of what i went through,3,0,
614,tiage_dial_040,13,user,truly that is a great way to give back . i admire you .,3,0,
615,tiage_dial_040,14,user,thank you so much . it is always great to volunteer for a cause .,3,1,
616,tiage_dial_041,1,user,hi ! i am from india . where are you from ?,0,0,
617,tiage_dial_041,2,agent,i m from portland or . i just got back from a long walk,0,0,
618,tiage_dial_041,3,user,haha i just got back from coaching swimming at the pool . walking where ?,0,1,
619,tiage_dial_041,4,agent,i like to walk in parks for good health . no soft drinks for me either !,1,0,
620,tiage_dial_041,5,user,i love soft drinks when i study computer programming . i wish i could cut it off .,1,0,
621,tiage_dial_041,6,agent,i love sodas with my burgers and fries but i m trying to watch sugar intake,1,0,
622,tiage_dial_041,7,user,why in particular sugar ? swimming is a good way to burn off calories .,1,0,
623,tiage_dial_041,8,agent,sodas in us made with high fructose corn syrup . bad for you !,1,0,
624,tiage_dial_041,9,user,very bad but once in a while it is okay !,1,0,
625,tiage_dial_041,10,agent,nah . i want to stay cute and lean for my boyfriend who s a model,1,1,
626,tiage_dial_041,11,user,i wish i had a boyfriend . all i have is my death metal music .,2,0,
627,tiage_dial_041,12,agent,i won t allow death metal music to be played in my house !,2,0,
628,tiage_dial_041,13,user,why not ? as long as it is not too loud !,2,0,
629,tiage_dial_041,14,agent,my boyfriend and i share a house and he has a very sensitive psychic cat,2,0,
630,tiage_dial_041,15,user,a psychic cat ? i would love to know more about that .,2,0,
631,tiage_dial_041,16,user,he can tell when bad things are going to happen by howling loudly,2,1,
632,tiage_dial_042,1,user,"hello , how are you doing today ?",0,0,
633,tiage_dial_042,2,agent,i am good . you ? my family goes to disney world yearly . you sing ?,0,0,
634,tiage_dial_042,3,user,i do . have you ever seen the movie frozen ?,0,0,
635,tiage_dial_042,4,agent,yes ! frozen songs are my fave . i am in third grade . what grade you in ?,0,0,
636,tiage_dial_042,5,user,i am kind of a psychic . do you love mickey mouse ?,0,0,
637,tiage_dial_042,6,agent,get out ! i love mickey . my friend and i sing frozen songs during playground time .,0,0,
638,tiage_dial_042,7,user,i know . like i said . psychic . . .,0,0,
639,tiage_dial_042,8,agent,great ! okay tell me what i am thinking now ? go !,0,0,
640,tiage_dial_042,9,user,you are singing a song from frozen in your head .,0,1,
641,tiage_dial_042,10,agent,"wow ! not ! okay psychic , give me six lottery numbers .",1,0,
642,tiage_dial_042,11,user,that is too much power . i cannot do that .,1,0,
643,tiage_dial_042,12,agent,"oh ! could you try ? heres six for you . 12 , 49 , 34 , 62 , 7 and 19 .",1,0,
644,tiage_dial_042,13,user,12 5 76 34 8 45,1,1,
645,tiage_dial_042,14,user,great ! i will in fourth grade soon . you dance ?,2,1,
646,tiage_dial_043,1,user,hi ! i am travis and my sons are really active kids,0,0,
647,tiage_dial_043,2,agent,"oh ? maybe i can tutor the , i have a gold medal from the olympics !",0,0,
648,tiage_dial_043,3,user,"joey , sam , nate , carl play little league baseball that i coach .",0,0,
649,tiage_dial_043,4,agent,"aw , i am more into gymnastics . i train four hours daily .",0,1,
650,tiage_dial_043,5,user,i own a mini van that i drive around .,1,0,
651,tiage_dial_043,6,agent,"me too ! mine is yellow , my favorite color .",1,1,
652,tiage_dial_043,7,user,that is cool . mine is off blue . and i drink a lot of coffee,2,0,
653,tiage_dial_043,8,agent,i cup back my coffee intake to stay fit .,2,1,
654,tiage_dial_043,9,user,i also drink wine in the evenings,3,0,
655,tiage_dial_043,10,agent,are you a red or a white drinker ?,3,0,
656,tiage_dial_043,11,user,red wines is what i enjoy,3,0,
657,tiage_dial_043,12,agent,"i do as well , full bodied reds are great .",3,0,
658,tiage_dial_043,13,user,i mean if you say so .,3,0,
659,tiage_dial_043,14,agent,it is an acquired taste .,3,0,
660,tiage_dial_043,15,user,it is but i do enjoy it,3,0,
661,tiage_dial_043,16,user,"well , i should be off . i need to train more .",3,1,
662,tiage_dial_044,1,user,"hello , how are you this morning ?",0,0,
663,tiage_dial_044,2,agent,not good . things in my life are not going well .,0,0,
664,tiage_dial_044,3,user,i am so sorry to hear that . have you tried listening to taylor swift ?,0,0,
665,tiage_dial_044,4,agent,music is not going to bring my wife and kids back !,0,0,
666,tiage_dial_044,5,user,"it will help with your depression , country music does this for me .",0,0,
667,tiage_dial_044,6,agent,since they left all i do is work and play games on facebook .,0,1,
668,tiage_dial_044,7,user,do you work ? i am a manager at a convenience store .,1,0,
669,tiage_dial_044,8,agent,i do have a boring job . do you go to church ? i am a non believer .,1,0,
670,tiage_dial_044,9,user,"no , i am pagan . nature is my church .",1,1,
671,tiage_dial_044,10,agent,maybe my wife will come back if i lose weight . any suggestions ?,2,0,
672,tiage_dial_044,11,user,"cardio and weight lifting . as for your wife , counseling may help .",2,1,
673,tiage_dial_044,12,agent,i used to ride bikes with my kids alot . do you have kids ?,3,0,
674,tiage_dial_044,13,user,"no , i do not . only dogs .",3,0,
675,tiage_dial_044,14,agent,i have heard pets can help with depression . what breeds do you own ?,3,0,
676,tiage_dial_044,15,user,springer spaniel and a labrador retriever .,3,0,
677,tiage_dial_044,16,user,do they make you happy ?,3,1,
678,tiage_dial_045,1,user,how are you doing this evening ?,0,0,
679,tiage_dial_045,2,agent,i am doing well . i am so close to achieving my dream .,0,0,
680,tiage_dial_045,3,user,what is your dream ? mine is to meet mickey mouse .,0,0,
681,tiage_dial_045,4,agent,i grew up in a small town and want to live in the city .,0,1,
682,tiage_dial_045,5,user,i am in the 3rd grade . do you go to school ?,1,0,
683,tiage_dial_045,6,agent,i did when i was little . i finished school and am a lawyer .,1,1,
684,tiage_dial_045,7,user,do you like the movie frozen ?,2,0,
685,tiage_dial_045,8,agent,i have never seen it before . what is it about ?,2,0,
686,tiage_dial_045,9,user,2 girls . there is a lot of singing and i know all the words .,2,0,
687,tiage_dial_045,10,agent,oh very nice . are there horses ? i like horses .,2,0,
688,tiage_dial_045,11,user,there is reindeer that acts like a horse .,2,0,
689,tiage_dial_045,12,agent,interesting . my family had a horse farm when i was little .,2,0,
690,tiage_dial_045,13,user,ohh i bet that was fun !,2,0,
691,tiage_dial_045,14,user,"it was , my grandparents did it too .",2,1,
692,tiage_dial_046,1,user,good morning . my name is sophie . i just turned four . what is your name ?,0,0,
693,tiage_dial_046,2,agent,my name is john . i am in my early thirties,0,1,
694,tiage_dial_046,3,user,hi john . i like chocolate . do you ?,1,0,
695,tiage_dial_046,4,agent,no . i do not have money to spend on chocolate . my wife takes it all,1,0,
696,tiage_dial_046,5,user,she should share ! i like to share my blocks and sing songs about letters .,1,1,
697,tiage_dial_046,6,agent,she does not share . we are a getting a divorce . what is your favorite song,2,0,
698,tiage_dial_046,7,user,"the abc song is my favorite . people have a hard time understanding , but i love to talk .",2,1,
699,tiage_dial_046,8,agent,my job is selling cars . do you like cars ?,3,0,
700,tiage_dial_046,9,user,i do . but i want to be a dog when i grow up .,3,0,
701,tiage_dial_046,10,agent,i do not like my job . i should try to be a dog too,3,0,
702,tiage_dial_046,11,user,"you should ! ruff , ruff ! bye now !",3,0,
703,tiage_dial_046,12,agent,bye have a good day at school,3,0,
704,tiage_dial_046,13,user,you try to have a good day at work .,3,0,
705,tiage_dial_046,14,agent,i will try to sell lots of cars today,3,0,
706,tiage_dial_046,15,user,i will try to learn the alphabet !,3,0,
707,tiage_dial_046,16,user,always start with a and end with z,3,1,
708,tiage_dial_047,1,user,hi there how are you ?,0,0,
709,tiage_dial_047,2,agent,good i am studying to be a lawyer right now,0,0,
710,tiage_dial_047,3,user,wow that is awesome i am trying to relax having triplets in 90 days,0,0,
711,tiage_dial_047,4,agent,wow ! are they girls or boys ?,0,0,
712,tiage_dial_047,5,user,all boys so please pray for me lol,0,1,
713,tiage_dial_047,6,agent,i will ! are you from a big or small town ? small town for me,1,0,
714,tiage_dial_047,7,user,small as well everyone knows everyone here,1,1,
715,tiage_dial_047,8,agent,generations of my family had horse farms . i was raised on one,2,0,
716,tiage_dial_047,9,user,i rode one when i was 5 but i do not remember i only have a pic,2,0,
717,tiage_dial_047,10,agent,i ride them all the time,2,0,
718,tiage_dial_047,11,user,your but does not get sore ?,2,0,
719,tiage_dial_047,12,agent,it does but you get used to it lol,2,1,
720,tiage_dial_047,13,user,lol i do not know i am barely getting used to this country,3,0,
721,tiage_dial_047,14,agent,what country are you from ?,3,0,
722,tiage_dial_047,15,user,spain but i had already been here just not to live my school hired me ft,3,0,
723,tiage_dial_047,16,user,that is cool what do you do ?,3,1,
724,tiage_dial_048,1,user,"hello , how are you tonight ?",0,0,
725,tiage_dial_048,2,agent,"ok . since alabama , my home team , won saturday night .",0,0,
726,tiage_dial_048,3,user,i am an ohio state fan . do you skate ?,0,0,
727,tiage_dial_048,4,agent,no . too busy with all of my 19 dogs and 3 sisters .,0,0,
728,tiage_dial_048,5,user,oh wow . that is a lot of dogs .,0,0,
729,tiage_dial_048,6,agent,yes love them almost as my tacos . no i love my dogs more .,0,1,
730,tiage_dial_048,7,user,my fiance makes a killer fish taco with cilantro lime slaw .,1,0,
731,tiage_dial_048,8,agent,wow . my sisters and i love chicken tacos .,1,1,
732,tiage_dial_048,9,user,"those are good too , i live in cali . along the ocean .",2,0,
733,tiage_dial_048,10,agent,i live in middle of alabama . do not get to ocean much .,2,0,
734,tiage_dial_048,11,user,"i could not stand to live inland , the ocean runs through my veins .",2,1,
735,tiage_dial_048,12,agent,yes . i want to go more but no one to stay with 19 dogs .,3,0,
736,tiage_dial_048,13,user,maybe someone will come and dog sit for you .,3,0,
737,tiage_dial_048,14,agent,maybe each sister could take six dogs each and foxy go with me .,3,0,
738,tiage_dial_048,15,user,"there you go . where there is a will , there is a way .",3,0,
739,tiage_dial_048,16,user,that is right . and take my tacos .,3,1,
740,tiage_dial_049,1,user,"hello , i finally got a chance to use the internet ! tell me about yourself .",0,0,
741,tiage_dial_049,2,agent,"hey , good for you ! me ? well , i love my cats . all five of them , lol .",0,1,
742,tiage_dial_049,3,user,i want to see my cat ! at least my moms is visiting soon . have you been arrested ?,1,0,
743,tiage_dial_049,4,agent,"arrested ? ! ? you think so . . . lol . no , they have not caught me yet .",1,0,
744,tiage_dial_049,5,user,"i am in here for shoplifting , with a month to go . what have you got away with ?",1,0,
745,tiage_dial_049,6,agent,"my dad taught me a lot . even how to stay out of jail , fortunately ! lol . .",1,1,
746,tiage_dial_049,7,user,i wish i knew my dad . do you have any tips for staying out of trouble ?,2,0,
747,tiage_dial_049,8,agent,sure . do not do drugs . do not be stupid . get married and obey your wife . simple .,2,1,
748,tiage_dial_049,9,user,sounds kind of boring ! what do you do for fun ?,3,0,
749,tiage_dial_049,10,agent,lol . i play with my cats . what could be funner ? ! ?,3,0,
750,tiage_dial_049,11,user,"i was caught stealing a new toy for my cat , so that does not help . p",3,0,
751,tiage_dial_049,12,agent,"haha . you do not need to steal a toy . cats can play with string , right ?",3,1,
752,tiage_dial_049,13,user,"mine is spoiled , only wants the best ! do you have kids ?",4,0,
753,tiage_dial_049,14,agent,no kids . i work construction and cant afford them . plus no girls love me .,4,1,
754,tiage_dial_049,15,user,no i feel like i am older then you ! want any tips on getting girls ?,5,0,
755,tiage_dial_049,16,user,"yes please ! working construction , i whistle at lots of girls , but no luck .",5,1,
756,tiage_dial_050,1,user,hello there how are you today,0,0,
757,tiage_dial_050,2,agent,i am good . i am just taking a break from unpacking,0,1,
758,tiage_dial_050,3,user,oh okay that is good . so tell me about yourself,1,0,
759,tiage_dial_050,4,agent,i am a bartender . i use the money to pay for my school,1,0,
760,tiage_dial_050,5,user,cool . i am currently not working but i help out at food bank sometimes,1,0,
761,tiage_dial_050,6,agent,that is very kind of you to do so,1,1,
762,tiage_dial_050,7,user,yeah i try . do you have any pets ?,2,0,
763,tiage_dial_050,8,agent,"no unfortunately not , but this is a new apartment . i might get a cat",2,0,
764,tiage_dial_050,9,user,oh okay i actually have a cat and a dog,2,0,
765,tiage_dial_050,10,agent,how sweet ! what are their names ?,2,0,
766,tiage_dial_050,11,user,leo and jazzy . they are fun to have,2,0,
767,tiage_dial_050,12,agent,very cute names . what do you look like ?,2,0,
768,tiage_dial_050,13,user,"i am 5 foot 7 , average weight with curly hair . you ?",2,0,
769,tiage_dial_050,14,user,i have ice blue eyes and platinum blonde hair,2,1,
770,tiage_dial_051,1,user,"hi there , how is it going ?",0,0,
771,tiage_dial_051,2,agent,it is going very well,0,1,
772,tiage_dial_051,3,user,i am going to a gig tonight . do you like music ?,1,0,
773,tiage_dial_051,4,agent,my baby does . she kicks every time .,1,0,
774,tiage_dial_051,5,user,bless her ! no kids here . more of a dog man .,1,0,
775,tiage_dial_051,6,agent,there is nothing wrong with that,1,0,
776,tiage_dial_051,7,user,do you have any pets ? my pit bull charlie needs a friend .,1,0,
777,tiage_dial_051,8,agent,no . i am working on the kids,1,0,
778,tiage_dial_051,9,user,working on them ? that sounds painful !,1,0,
779,tiage_dial_051,10,agent,it will be when i go in labor,1,0,
780,tiage_dial_051,11,user,how long have you got ?,1,0,
781,tiage_dial_051,12,agent,a couple of weeks hopefully,1,0,
782,tiage_dial_051,13,user,"close , then ! i bet you are excited . nervous ?",1,0,
783,tiage_dial_051,14,agent,i am trying to read the pain away,1,1,
784,tiage_dial_051,15,user,that reminds me of a song by peaches . . . do you know it ?,2,0,
785,tiage_dial_051,16,user,no i do not . is that an old band .,2,1,
786,tiage_dial_052,1,user,did you have to work today ?,0,1,
787,tiage_dial_052,2,agent,"no , not today , do you like sailing ?",1,0,
788,tiage_dial_052,3,user,"not really , thinking of spending the day playing with my dog .",1,0,
789,tiage_dial_052,4,agent,"sounds fun , i will be studying art and eating fish and chips , are you working ?",1,0,
790,tiage_dial_052,5,user,talking about fish chips is making me hungry for fish tacos !,1,1,
791,tiage_dial_052,6,agent,"christopher columbus is my ancestor , so i am sailing to europe again this year",2,0,
792,tiage_dial_052,7,user,how cool ! i do not have to work either . are you seeing family today ?,2,1,
793,tiage_dial_052,8,agent,i study art so i like to view it in europe . my family lives far away,3,0,
794,tiage_dial_052,9,user,i will see two of my four siblings today . what type of art ?,3,1,
795,tiage_dial_052,10,agent,"realism is the best , why does it take so long for you to respond ?",4,0,
796,tiage_dial_052,11,user,i am wordy ? and slow internet .,4,1,
797,tiage_dial_052,12,agent,"lol , i see , what kind of dog do you have",5,0,
798,tiage_dial_052,13,user,a mutt the best and most loyal dog ever !,5,0,
799,tiage_dial_052,14,user,dogs are my third favorite behind art and fish and chips . i have one,5,1,
800,tiage_dial_053,1,user,"hey , how are you ? i was just daydreaming about my favorite car .",0,0,
801,tiage_dial_053,2,agent,i am good . just came back from mountain biking .,0,1,
802,tiage_dial_053,3,user,"i rode a bike to work today , speaking of which want to buy a watch ?",1,0,
803,tiage_dial_053,4,agent,not really . i would buy a cup of coffee though .,1,0,
804,tiage_dial_053,5,user,i should have been a barista . . . my dad makes fun of my career choice all the time .,1,0,
805,tiage_dial_053,6,agent,do you sell watches ?,1,0,
806,tiage_dial_053,7,user,i do . but i spend all my paychecks on more watches . and shoes .,1,1,
807,tiage_dial_053,8,agent,interesting job . do you drink ?,2,0,
808,tiage_dial_053,9,user,i subside entirely on royal crown cola .,2,0,
809,tiage_dial_053,10,agent,that is funny . my favorite drink is a cup of coffee,2,0,
810,tiage_dial_053,11,user,if i collect enough empty cans i can sell them for a rolls royce .,2,0,
811,tiage_dial_053,12,agent,that would be a lot of cans .,2,0,
812,tiage_dial_053,13,user,"it is not like i have it any other way , i am paid entirely in broken watches .",2,0,
813,tiage_dial_053,14,user,i do not understand that . how are you paid in broken watches ?,2,1,
814,tiage_dial_054,1,user,"hello , how are you today ?",0,0,
815,tiage_dial_054,2,agent,tired . spent all night trying to do algebra homework i don t understand .,0,1,
816,tiage_dial_054,3,user,"oh no , how old are you . i am 60 , retiring in a few years .",1,0,
817,tiage_dial_054,4,agent,13 . i have an older brother who is 17 .,1,1,
818,tiage_dial_054,5,user,"nice , i love kids , i work as a librarian",2,0,
819,tiage_dial_054,6,agent,i like our school librarian . she s also our soccer coach . really nice .,2,1,
820,tiage_dial_054,7,user,"that is great , does your family like to travel ? i do",3,0,
821,tiage_dial_054,8,agent,no . not too much . i take a school bus but we mostly stay at home . except thanksgiving,3,0,
822,tiage_dial_054,9,user,"i have been to spain a few times , where do you go for thanksgiving ?",3,0,
823,tiage_dial_054,10,agent,my grandma frankie s house . my mom s mom who lives in ojai .,3,0,
824,tiage_dial_054,11,user,"that sounds like fun , with lots of good food",3,0,
825,tiage_dial_054,12,agent,not really . she s a bad cook and we end up getting pollo loco a lot,3,0,
826,tiage_dial_054,13,user,oh no ! but you still have to love grandma lol,3,0,
827,tiage_dial_054,14,agent,i love my grandma frankie . but she has whiskers that hurt my face when she hugs me,3,0,
828,tiage_dial_054,15,user,"haha , you sound like a great kid .",3,0,
829,tiage_dial_054,16,user,i guess . i only wish theda thorpe would go steady with me .,3,1,
830,tiage_dial_055,1,user,hey how are you today ?,0,1,
831,tiage_dial_055,2,agent,i am great . you have any animals ?,1,0,
832,tiage_dial_055,3,user,horses on the farm and you,1,0,
833,tiage_dial_055,4,agent,"three dogs , i have a business dealing with dogs .",1,0,
834,tiage_dial_055,5,user,that is good what dogs name . horses keep me busy .,1,0,
835,tiage_dial_055,6,agent,i do no have names since one part of my job is walking them .,1,0,
836,tiage_dial_055,7,user,walking is relaxing enjoy to relax after a long day,1,0,
837,tiage_dial_055,8,agent,"well , i already walk a ton being a salesman .",1,1,
838,tiage_dial_055,9,user,what you like to sale and exercise is good,2,0,
839,tiage_dial_055,10,agent,"all kinds , but would rather be watching the olympics than walking .",2,0,
840,tiage_dial_055,11,user,tv relax me after a long day outside,2,0,
841,tiage_dial_055,12,agent,"yes , plus its a full house seeing as i am in a polyamorous relationship .",2,0,
842,tiage_dial_055,13,user,oh my a lot going on music is loud,2,1,
843,tiage_dial_055,14,agent,"yes , but following my dads footsteps going door to door selling .",3,0,
844,tiage_dial_055,15,user,money is always nice just enjoy the country life,3,0,
845,tiage_dial_055,16,user,yes i agree you are soo right !,3,1,
846,tiage_dial_056,1,user,"hey , what is your favorite band ?",0,0,
847,tiage_dial_056,2,agent,my favorite band is metallica . i have liked them since high school .,0,0,
848,tiage_dial_056,3,user,radical ! mine is the rolling stones . i see them in concert every year .,0,1,
849,tiage_dial_056,4,agent,very cool . what is your work out routine these days ?,1,0,
850,tiage_dial_056,5,user,"i love to work out , and i eat a completely raw diet to complement it . you ?",1,0,
851,tiage_dial_056,6,agent,i try to hit the gym regularly . i like the treadmill and rowing machine .,1,0,
852,tiage_dial_056,7,user,"ooh , i love the rowing machine . are you going to school at all ?",1,1,
853,tiage_dial_056,8,agent,no . all done with school . are you a student ?,2,0,
854,tiage_dial_056,9,user,"yes , and i am majoring in economics . what did you go for ?",2,0,
855,tiage_dial_056,10,agent,marketing . so is it hard to keep up with a raw diet ?,2,0,
856,tiage_dial_056,11,user,"yeah , it can get expensive . i recently bought a house and need to watch my spending .",2,1,
857,tiage_dial_056,12,agent,nice chatting with you . i am going to get a short haircut now .,3,0,
858,tiage_dial_056,13,user,that sounds nice . i should definitely get a haircut soon as well .,3,0,
859,tiage_dial_056,14,agent,how long is your hair now ?,3,0,
860,tiage_dial_056,15,user,"it is past my armpits , haha ! it can get unruly . how long is yours ?",3,0,
861,tiage_dial_056,16,user,i keep it short all the time .,3,1,
862,tiage_dial_057,1,user,"hi , how are you doing ?",0,0,
863,tiage_dial_057,2,agent,"hi , i am doing well , how are you ?",0,0,
864,tiage_dial_057,3,user,cant complain . i had a wonderful afternoon in the park .,0,0,
865,tiage_dial_057,4,agent,"oh , that is nice . i like being in parks especially in nice weather",0,1,
866,tiage_dial_057,5,user,yes . the weather is perfect here now . what do you like to do ?,1,0,
867,tiage_dial_057,6,agent,i like to watch nascar racing and sometimes ufc,1,0,
868,tiage_dial_057,7,user,that sounds fun ! i have time to do that since i am out of work right now .,1,1,
869,tiage_dial_057,8,agent,how long have you been working at your current place ?,2,0,
870,tiage_dial_057,9,user,i worked as a doctor in the er for 15 years .,2,0,
871,tiage_dial_057,10,agent,"oh that is nice , i like to be in the medical field someday .",2,0,
872,tiage_dial_057,11,user,and what do you do ?,2,0,
873,tiage_dial_057,12,agent,i work as an usher at an orchestra theatre since i was sixteen years old,2,0,
874,tiage_dial_057,13,user,i would love working near music .,2,0,
875,tiage_dial_057,14,user,yeah it is nice . do you have a favorite band ?,2,1,
876,tiage_dial_058,1,user,"hello there , how are you ?",0,0,
877,tiage_dial_058,2,agent,i am well and you ? in honor of aim i will ask a s l,0,1,
878,tiage_dial_058,3,user,45 m chicago in town . just trying to stay away from the bars,1,1,
879,tiage_dial_058,4,agent,i am 37 f tampa . i like my walks on the beach and cheeseburgers in paradise .,2,1,
880,tiage_dial_058,5,user,funny thing is i came from farm life,3,0,
881,tiage_dial_058,6,agent,i was named after a horse . my boyfriend likes to may nay sounds at me .,3,0,
882,tiage_dial_058,7,user,sounds like the crazy medicine i take,3,0,
883,tiage_dial_058,8,agent,just do not mix with alcohol or can get crazy around here .,3,0,
884,tiage_dial_058,9,user,i used to be an alcoholic so no can do,3,0,
885,tiage_dial_058,10,agent,i tend to stick to my water only . soda is worse !,3,0,
886,tiage_dial_058,11,user,that is what everyone should strive for,3,0,
887,tiage_dial_058,12,agent,as long as i have my french fries !,3,0,
888,tiage_dial_058,13,user,well everyone can cheat once in a while,3,0,
889,tiage_dial_058,14,agent,of course . now all of this has made me hungry .,3,0,
890,tiage_dial_058,15,user,you can go for some grub,3,0,
891,tiage_dial_058,16,user,chicago has some great places to eat too .,3,1,
892,tiage_dial_059,1,user,europe is so much fun !,0,0,
893,tiage_dial_059,2,agent,are you visiting there now,0,0,
894,tiage_dial_059,3,user,"no , but i like to go at least twice a year .",0,0,
895,tiage_dial_059,4,agent,that is nice where are you in particular,0,0,
896,tiage_dial_059,5,user,"usa , they have good fish and chips here , which i love to eat !",0,0,
897,tiage_dial_059,6,agent,i live in a small town so i do not travel much,0,0,
898,tiage_dial_059,7,user,"travelling is great , i have been on many cruises",0,1,
899,tiage_dial_059,8,agent,that is fun i live on a horse farm,1,0,
900,tiage_dial_059,9,user,"horses can be a lot of hard work . i am retired , trying to avoid work .",1,0,
901,tiage_dial_059,10,agent,yeah they can be but my family helps out,1,1,
902,tiage_dial_059,11,user,i will stay home and cook some paella today,2,0,
903,tiage_dial_059,12,agent,that sounds great is that something you learned from you trips,2,0,
904,tiage_dial_059,13,user,"christopher columbus was my great great grandfather , he travelled a lot !",2,0,
905,tiage_dial_059,14,agent,wow that is pretty cool i like history,2,0,
906,tiage_dial_059,15,user,"yes , better get to feeding the horses , i will start cooking ! bye !",2,0,
907,tiage_dial_059,16,user,ok have a great day,2,1,
908,tiage_dial_060,1,user,hello how are you today,0,0,
909,tiage_dial_060,2,agent,i am hood . thanks for asking .,0,1,
910,tiage_dial_060,3,user,what do you like to do in your spare time,1,0,
911,tiage_dial_060,4,agent,i am going to college so not a lot of spare time . you ?,1,0,
912,tiage_dial_060,5,user,i gamble my life away,1,1,
913,tiage_dial_060,6,agent,what do you do for a living ?,2,0,
914,tiage_dial_060,7,user,i retired so i do nothing,2,0,
915,tiage_dial_060,8,agent,awesome ! i work at a bar at night to help while in school .,2,1,
916,tiage_dial_060,9,user,i like to bbq alot,3,0,
917,tiage_dial_060,10,agent,i love bbq except chicken . i do not like chicken .,3,1,
918,tiage_dial_060,11,user,i fly south in the winter,4,1,
919,tiage_dial_060,12,agent,do you live with anyone ?,5,0,
920,tiage_dial_060,13,user,i am a loner so no,5,0,
921,tiage_dial_060,14,agent,i just got an apartment with my best friend .,5,0,
922,tiage_dial_060,15,user,is your friend a guy,5,0,
923,tiage_dial_060,16,user,no . it is not a guy .,5,1,
924,tiage_dial_061,1,user,hello what are you up to this evening ?,0,1,
925,tiage_dial_061,2,agent,i love horses we done this for generations,1,0,
926,tiage_dial_061,3,user,my family is more into string instruments than farming .,1,1,
927,tiage_dial_061,4,agent,"i am fine , being a lawyer is my dream .",2,0,
928,tiage_dial_061,5,user,good luck ! i see some cool law firms while exploring my city,2,1,
929,tiage_dial_061,6,agent,"i see , i grew up in ta horse farm in a small town ,",3,0,
930,tiage_dial_061,7,user,awesome . i grew up listening to my father play the violin in the symphony,3,1,
931,tiage_dial_061,8,agent,that is why i want to move to the city it is my dream,4,0,
932,tiage_dial_061,9,user,i love the city . i help out at the homeless shelter on the weekends,4,0,
933,tiage_dial_061,10,agent,"you are lucky , they only love horses",4,0,
934,tiage_dial_061,11,user,i hope you make it to the city someday . it is great to explore,4,0,
935,tiage_dial_061,12,agent,"that is so sweet of you , i bring my horses to the children hospital once",4,0,
936,tiage_dial_061,13,user,haha was it able to fit in the elevator ?,4,0,
937,tiage_dial_061,14,agent,"yes , the city has many great places and people",4,0,
938,tiage_dial_061,15,user,wait so you fit a horse in an elevator ? i need to hear more about this,4,0,
939,tiage_dial_061,16,user,"yes , it did , we brought in a mini pony the kids loves it .",4,1,
940,tiage_dial_062,1,user,hi how are you doing,0,0,
941,tiage_dial_062,2,agent,i am doing well . how are you ?,0,0,
942,tiage_dial_062,3,user,i am good i am a doctor and work long hours,0,0,
943,tiage_dial_062,4,agent,i am sure that can be difficult . what type of doctor are you ?,0,0,
944,tiage_dial_062,5,user,labor and delivery its hard but rewarding,0,1,
945,tiage_dial_062,6,agent,what do you do for fun when your not working ?,1,0,
946,tiage_dial_062,7,user,i live in cali so i go to disney a lot,1,0,
947,tiage_dial_062,8,agent,that is a good way to reduce stress from work . my wife is doctor as well .,1,1,
948,tiage_dial_062,9,user,that is nice i also like to read,2,0,
949,tiage_dial_062,10,agent,i read many tennis related books because i play tennis professionally .,2,0,
950,tiage_dial_062,11,user,wow how long have you done that,2,0,
951,tiage_dial_062,12,agent,i have been professional for 20 years .,2,0,
952,tiage_dial_062,13,user,that is so great do you travel and compete,2,0,
953,tiage_dial_062,14,agent,unfortunately i travel all the time . it can be tough on my family .,2,0,
954,tiage_dial_062,15,user,yeah that makes sense can they ever travel with you,2,0,
955,tiage_dial_062,16,user,sometimes my kids are able to but my wife mostly works at the hospital .,2,1,
956,tiage_dial_063,1,user,"hello , how are you today ?",0,0,
957,tiage_dial_063,2,agent,"hey there ! i am noah . doing great , how are you ?",0,0,
958,tiage_dial_063,3,user,"not much just taking care of my two cats , i love them so much !",0,0,
959,tiage_dial_063,4,agent,"that is awesome , i love cats . mine like to watch nascar with me",0,0,
960,tiage_dial_063,5,user,i have a weakness for cats and vanilla ice cream .,0,1,
961,tiage_dial_063,6,agent,"pretty cool , i love mexican food , can not get enough ! what do you do for fun ?",1,0,
962,tiage_dial_063,7,user,i collect hats ! i have a collection of 1000 hats !,1,0,
963,tiage_dial_063,8,agent,holy cow . a lot of hats ! i just have one . my construction worker hat .,1,1,
964,tiage_dial_063,9,user,have you ever watched the olympics ? i won a gold medal in 1992 !,2,0,
965,tiage_dial_063,10,agent,"wow , really ? i am not much into sports , except ufc but that is quite an accomplishment !",2,1,
966,tiage_dial_063,11,user,thank you so much ! do you have any other hobbies ?,3,0,
967,tiage_dial_063,12,agent,"well , speaking of the nineties , i toured around following aerosmith . love those guys .",3,0,
968,tiage_dial_063,13,user,"that sounds great , music is a nice way to relax !",3,0,
969,tiage_dial_063,14,agent,best way since i started working at 16 . what kind of tunes do you like ?,3,0,
970,tiage_dial_063,15,user,"i mostly listen to electronic music , it helps me work and focus ! you ?",3,0,
971,tiage_dial_063,16,user,"classic rock never goes out of style , man .",3,1,
972,tiage_dial_064,1,user,hey there how are you ?,0,0,
973,tiage_dial_064,2,agent,"i am good , how are you ? do you know of any good jobs around here ?",0,0,
974,tiage_dial_064,3,user,i am good . well depends on where you live,0,0,
975,tiage_dial_064,4,agent,i am in north carolina . where are you from ?,0,0,
976,tiage_dial_064,5,user,i am from new york . do i get brownie points for that ? haha,0,1,
977,tiage_dial_064,6,agent,maybe ! do they have restaurant jobs up there ? i might relocate .,1,0,
978,tiage_dial_064,7,user,yes they do ! there are alot of job openings here .,1,0,
979,tiage_dial_064,8,agent,my older sister tried to get me a job but there was not much here .,1,1,
980,tiage_dial_064,9,user,i want to become a physical therapist too here .,2,0,
981,tiage_dial_064,10,agent,how did you get interested in doing that ?,2,0,
982,tiage_dial_064,11,user,from my father . he is a top batch therapist .,2,1,
983,tiage_dial_064,12,agent,do you like to play basketball ?,3,0,
984,tiage_dial_064,13,user,no because i used to study a lot . i had straight as,3,1,
985,tiage_dial_064,14,user,"nerd ! haha , just kidding . who is your favorite music artist ?",4,1,
986,tiage_dial_065,1,user,"hello , how is it going ?",0,0,
987,tiage_dial_065,2,agent,hey i go to preschool . my name is roddy,0,1,
988,tiage_dial_065,3,user,"hey roddy , my name is tim and i love to grill outdoors .",1,0,
989,tiage_dial_065,4,agent,my dad grills my favorite hot dogs all the time,1,0,
990,tiage_dial_065,5,user,"oh yeah , there is nothing better than grilled hot dogs and burgers and ribs .",1,1,
991,tiage_dial_065,6,agent,yummy . . . do you have kids my age ?,2,0,
992,tiage_dial_065,7,user,"yes i have two kids your age , a girl and a boy . i am retired .",2,0,
993,tiage_dial_065,8,agent,cool i need some new friends,2,0,
994,tiage_dial_065,9,user,the girls name is molly and the boys name is troy . we mow the lawn together .,2,0,
995,tiage_dial_065,10,agent,i have to wait til i am older to do that,2,0,
996,tiage_dial_065,11,user,your dad can get you a tiny lawn mower for your size .,2,0,
997,tiage_dial_065,12,agent,that is a good idea but i prefer to play with my toys,2,0,
998,tiage_dial_065,13,user,maybe a toy version of lawn mower would be right for you .,2,0,
999,tiage_dial_065,14,agent,that would be fun . my best friend could play too,2,0,
1000,tiage_dial_065,15,user,"yes most definitely , i love to gamble in my spare time .",2,0,
1001,tiage_dial_065,16,user,like the lottery or casino ?,2,1,
1002,tiage_dial_066,1,user,"hi , how are you , how is day ?",0,0,
1003,tiage_dial_066,2,agent,"i am okay , eating some ice cream before bed .",0,1,
1004,tiage_dial_066,3,user,"good , i am married , are you married",1,0,
1005,tiage_dial_066,4,agent,"i am , my wife and i have three girls .",1,0,
1006,tiage_dial_066,5,user,"great , i have five childrens",1,0,
1007,tiage_dial_066,6,agent,we are looking to adopt a few more in the coming years .,1,1,
1008,tiage_dial_066,7,user,"great think , i have mini van",2,0,
1009,tiage_dial_066,8,agent,"i have a truck , i prefer cars though .",2,1,
1010,tiage_dial_066,9,user,"i am a driver , what is your hobbies",3,0,
1011,tiage_dial_066,10,agent,spending time with my family and shopping .,3,1,
1012,tiage_dial_066,11,user,"good , what is your favorite drink ?",4,0,
1013,tiage_dial_066,12,agent,"i prefer cosmopolitans , and white russians .",4,1,
1014,tiage_dial_066,13,user,"i like coffee , what is your favorite dish ?",5,0,
1015,tiage_dial_066,14,agent,ice cream . chocolate ice cream .,5,0,
1016,tiage_dial_066,15,user,"oh , i like pizza and meat",5,0,
1017,tiage_dial_066,16,user,"i like bacon , fries and waffles .",5,1,
1018,tiage_dial_067,1,user,hi ! have you ever ridden a horse ?,0,0,
1019,tiage_dial_067,2,agent,yes ! its part of my cancer treatment . i started a new job . you ?,0,1,
1020,tiage_dial_067,3,user,i have heard that cutting meat out of your diet helps with cancer,1,1,
1021,tiage_dial_067,4,agent,i run marathons and never ate meat . you sing or dance ?,2,1,
1022,tiage_dial_067,5,user,i do not . but i do ride horses competitively .,3,1,
1023,tiage_dial_067,6,agent,i am a life coach for hospitalized children . what else you do ?,4,0,
1024,tiage_dial_067,7,user,i am a sophomore in high school,4,1,
1025,tiage_dial_067,8,agent,great ! do your parents ride horses too ? my parents are dead .,5,0,
1026,tiage_dial_067,9,user,they have not recently because they were painting my bedroom purple and lime green,5,0,
1027,tiage_dial_067,10,agent,wow ! we buried my aunt in lime green her favorite color .,5,1,
1028,tiage_dial_067,11,user,sorry to hear about your aunt,6,0,
1029,tiage_dial_067,12,agent,thanks . she died a long time ago . she was a meat eater too .,6,0,
1030,tiage_dial_067,13,user,that makes me sad . vegan is the way to be .,6,1,
1031,tiage_dial_067,14,user,yes ! meat eaters are dropping like flies these days . where do you ride ?,7,1,
1032,tiage_dial_068,1,user,thanksgiving is right around the corner i am very sad about it !,0,0,
1033,tiage_dial_068,2,agent,why are you sad about it ?,0,0,
1034,tiage_dial_068,3,user,just getting older and holidays upset me . how do they make you feel ?,0,0,
1035,tiage_dial_068,4,agent,"i feel great , just been traveling so much lately . i am 23",0,1,
1036,tiage_dial_068,5,user,"traveling , exciting ! do you have any pets ?",1,1,
1037,tiage_dial_068,6,agent,"nope , i love food to be honest . i own a yacht",2,0,
1038,tiage_dial_068,7,user,sounds like you have fun hobbies ! all i do is bird watch !,2,1,
1039,tiage_dial_068,8,agent,"cool , i know some people who do . can you cook ?",3,0,
1040,tiage_dial_068,9,user,i cook chicken for my cats sometimes but that is really all !,3,1,
1041,tiage_dial_068,10,agent,weird . i rent my boat when i am not cruising,4,1,
1042,tiage_dial_068,11,user,that is neat ! i like to go to animal rights rallies ! do you own furs ?,5,1,
1043,tiage_dial_068,12,agent,"nope , just faux . what is your gender ?",6,0,
1044,tiage_dial_068,13,user,i am a woman ! what about you ?,6,0,
1045,tiage_dial_068,14,user,"i am not sure , i think i am a girl last i checked",6,1,
1046,tiage_dial_069,1,user,"hey , jefferson here , i want a rolls royce",0,0,
1047,tiage_dial_069,2,agent,"good for you jefferson , i am sam and drive a ford pinto",0,1,
1048,tiage_dial_069,3,user,"cool . i work for a watch dealer , where do you work ?",1,0,
1049,tiage_dial_069,4,agent,i work at a computer shop in town,1,0,
1050,tiage_dial_069,5,user,does that give you enough money to shop ? i love shopping .,1,0,
1051,tiage_dial_069,6,agent,enough for what i need . i spend most of my time playing games,1,1,
1052,tiage_dial_069,7,user,"oh that is cool , i play video games sometimes .",2,0,
1053,tiage_dial_069,8,agent,i love call of duty,2,0,
1054,tiage_dial_069,9,user,i like to play the sims .,2,0,
1055,tiage_dial_069,10,agent,"my sister loves to play that , i never got into it",2,0,
1056,tiage_dial_069,11,user,it is quite a fun game .,2,1,
1057,tiage_dial_069,12,agent,i do roleplaying events in the park on weekends,3,0,
1058,tiage_dial_069,13,user,oh i have seen those people before they are funny .,3,0,
1059,tiage_dial_069,14,agent,"it is very silly , so i do not take it to seriously",3,0,
1060,tiage_dial_069,15,user,that is good to hear .,3,0,
1061,tiage_dial_069,16,user,what other things do you like to do for fun,3,1,
1062,tiage_dial_070,1,user,good morning . i just got to work .,0,0,
1063,tiage_dial_070,2,agent,"me too i am an engineer , what do you do ?",0,0,
1064,tiage_dial_070,3,user,i work with my parents at a bank with my finance degree .,0,1,
1065,tiage_dial_070,4,agent,"oh nice , do you live in the rocky state , colorado , as well ?",1,0,
1066,tiage_dial_070,5,user,washington here ! but planning to go back to business school in a few months .,1,0,
1067,tiage_dial_070,6,agent,"washington is nice , i love hiking there in the spring .",1,0,
1068,tiage_dial_070,7,user,i hike as well . i pack the bmw and drive out to rainier often .,1,1,
1069,tiage_dial_070,8,agent,"that is nice , i need a new car , how is the bmw ?",2,0,
1070,tiage_dial_070,9,user,"it handles very well , and is very comfortable . you would like it .",2,0,
1071,tiage_dial_070,10,agent,"does it have heated seats , that is my favorite , we could go rock climbing sometime .",2,0,
1072,tiage_dial_070,11,user,it does have heated seats . really nice in the winter . let us do it !,2,0,
1073,tiage_dial_070,12,agent,"i am down , when can you come visit ?",2,0,
1074,tiage_dial_070,13,user,shall we plan for next weekend ? it is only like a 15 hour drive .,2,0,
1075,tiage_dial_070,14,agent,"that would be fun , friday or saturday ?",2,0,
1076,tiage_dial_070,15,user,i will be there saturday morning . we can go out the whole day .,2,0,
1077,tiage_dial_070,16,user,"i will bring the ropes and pulleys , you bring the snacks",2,1,
1078,tiage_dial_071,1,user,"hello , how are you tonight ?",0,0,
1079,tiage_dial_071,2,agent,i am fine thank you,0,1,
1080,tiage_dial_071,3,user,what do you do for a living ?,1,0,
1081,tiage_dial_071,4,agent,i sing folk music for a living,1,0,
1082,tiage_dial_071,5,user,nice ! i am a part time piano teacher .,1,0,
1083,tiage_dial_071,6,agent,i am a custodian to put bread on the table,1,0,
1084,tiage_dial_071,7,user,"nothing wrong with that , i am a volunteer at a shelter for women .",1,1,
1085,tiage_dial_071,8,agent,my parents do not support me in my pursuit in becoming a singer,2,0,
1086,tiage_dial_071,9,user,my father is a concert violinist . he is supportive of me .,2,0,
1087,tiage_dial_071,10,agent,you are very lucky then,2,0,
1088,tiage_dial_071,11,user,"i am , maybe one day your parents will change their minds .",2,0,
1089,tiage_dial_071,12,agent,hopefully not you do not want that,2,0,
1090,tiage_dial_071,13,user,i do not want what ?,2,0,
1091,tiage_dial_071,14,agent,your father to be unsupportive,2,0,
1092,tiage_dial_071,15,user,why is that a bad thing ?,2,0,
1093,tiage_dial_071,16,user,because of things you know,2,1,
1094,tiage_dial_072,1,user,"good evening , how are you ?",0,1,
1095,tiage_dial_072,2,agent,"hey , i like the color yellow a lot !",1,0,
1096,tiage_dial_072,3,user,"that is great , i like yellow too . i paint houses as part of my construction work .",1,1,
1097,tiage_dial_072,4,agent,i love gymnastics its my favorite to do as far as sports !,2,1,
1098,tiage_dial_072,5,user,"i am not big on sports . i like music though , aerosmith is my favorite band .",3,0,
1099,tiage_dial_072,6,agent,"yeah , i workout at least flour hours a day to music",3,0,
1100,tiage_dial_072,7,user,"cool ! is nascar racing considered to be a sport ? i like that , and ufc .",3,1,
1101,tiage_dial_072,8,agent,"no , i got a gold medal in swimming . i love italian food",4,0,
1102,tiage_dial_072,9,user,i like italian food as well . my favorite food is mexican though . i love it .,4,0,
1103,tiage_dial_072,10,agent,garlic bread is the best . i love mexican also,4,1,
1104,tiage_dial_072,11,user,where do you work ? i have been working since i was 16 years old .,5,0,
1105,tiage_dial_072,12,agent,i am a music teacher,5,0,
1106,tiage_dial_072,13,user,that is lovely . do you teach your students to play aerosmith ?,5,0,
1107,tiage_dial_072,14,agent,"no , i cant stand aerosmith . i teach them real music like radiohead",5,0,
1108,tiage_dial_072,15,user,"aerosmith is a classic band . radiohead , is alright too .",5,0,
1109,tiage_dial_072,16,user,i like dream on a lot,5,1,
1110,tiage_dial_073,1,user,hope your day is better than mine . i am in jail for juvenile delinquents .,0,0,
1111,tiage_dial_073,2,agent,bet that makes you feel old . you need a couple of old mustangs like me,0,1,
1112,tiage_dial_073,3,user,well i will be released in november . never shoplifting again ! what do you do ?,1,0,
1113,tiage_dial_073,4,agent,i keep a couple of vintage mustangs on the road and play with my dogs,1,0,
1114,tiage_dial_073,5,user,sounds cool . i feel vintage in this place . what kind of dogs do you have ?,1,1,
1115,tiage_dial_073,6,agent,do you get visitors ? go to a country music concert when you get out,2,0,
1116,tiage_dial_073,7,user,just family . i love country music . have you been to any concerts lately ?,2,0,
1117,tiage_dial_073,8,agent,"every weekend i go , the dogs are mutts , blue and biscuit , i love them",2,0,
1118,tiage_dial_073,9,user,awesome ! sounds fun ! i miss my dogs at home .,2,1,
1119,tiage_dial_073,10,agent,"stealing is bad , not as bad as getting caught . can you work on cars there ?",3,0,
1120,tiage_dial_073,11,user,"actually yes , we have an auto mechanics class . i have learned alot .",3,1,
1121,tiage_dial_073,12,agent,what did you do before your little inconvenience ?,4,0,
1122,tiage_dial_073,13,user,"i am only 16 , so i just had a cashier job .",4,0,
1123,tiage_dial_073,14,agent,"i see , sometimes you mess up and the price is too high , right ?",4,1,
1124,tiage_dial_073,15,user,yes . big mistake . do you have any hobbies ?,5,0,
1125,tiage_dial_073,16,user,"i work on my two old mustangs , love country music and go to concerts",5,1,
1126,tiage_dial_074,1,user,"hello , how are you ? i have had strange powers since a recent surgery .",0,0,
1127,tiage_dial_074,2,agent,"wow , tell me about these powers please",0,0,
1128,tiage_dial_074,3,user,one is that i can become a boy or a girl . i am currently a boy .,0,1,
1129,tiage_dial_074,4,agent,oh you can switch on whim ? wow . do you like sweets ?,1,0,
1130,tiage_dial_074,5,user,yes because i had my stomach transplanted .,1,0,
1131,tiage_dial_074,6,agent,"i did not know that was a side effect , well i am a donut fan",1,1,
1132,tiage_dial_074,7,user,that is cool i can move donuts with my mind . my heart is outside of me .,2,0,
1133,tiage_dial_074,8,agent,"that sounds exciting and scary , you can see your own heart ?",2,1,
1134,tiage_dial_074,9,user,yep . lately i have been able to visit china and mexico at the same time .,3,0,
1135,tiage_dial_074,10,agent,how do you do that ?,3,0,
1136,tiage_dial_074,11,user,strange powers i tell you . do you have any powers ?,3,0,
1137,tiage_dial_074,12,agent,i have a total of zero powers,3,0,
1138,tiage_dial_074,13,user,that is not a lot of powers . would you consider surfing with me ?,3,1,
1139,tiage_dial_074,14,agent,"i would dry that , do you want to play an video games ?",4,0,
1140,tiage_dial_074,15,user,"yes , lets play an unlimited amount of video games .",4,0,
1141,tiage_dial_074,16,user,i already play a ton of call of duty,4,1,
1142,tiage_dial_075,1,user,"hi there , did you know i am super high maintenance ?",0,0,
1143,tiage_dial_075,2,agent,"well considering i do not know you ? no , but i am too",0,0,
1144,tiage_dial_075,3,user,"well yeah , i love to go around spending money everywhere",0,0,
1145,tiage_dial_075,4,agent,"i spend the most money , on hair care products honestly , my favorite",0,0,
1146,tiage_dial_075,5,user,"i don not really spend it on hair , i spend it on tanning beds",0,0,
1147,tiage_dial_075,6,agent,"i really want to try that once , i heard its bad for you",0,0,
1148,tiage_dial_075,7,user,yeah i listen to brittney spears while tanning .,0,0,
1149,tiage_dial_075,8,agent,go figure . what do you do for fun,0,0,
1150,tiage_dial_075,9,user,"spend cash , go shopping , drink smoothies",0,0,
1151,tiage_dial_075,10,agent,"ha , wow , sounds pretty irresponsible .",0,0,
1152,tiage_dial_075,11,user,"no it is totally cool , haters going to hate",0,0,
1153,tiage_dial_075,12,agent,"not really , i am all for it . after you do what your supposed to",0,0,
1154,tiage_dial_075,13,user,"yeah you bet , what do you like to do for fun ?",0,0,
1155,tiage_dial_075,14,agent,"i play a lot of video games , especially the xbox",0,0,
1156,tiage_dial_075,15,user,"wow , you must be super popular like my boyfriend",0,0,
1157,tiage_dial_075,16,user,"video games do not make any one popular , more the opposite",0,1,
1158,tiage_dial_076,1,user,"hello out there , just taking a break online after my dance class",0,1,
1159,tiage_dial_076,2,agent,"nice , i am just enjoying some vanilla ice cream",1,0,
1160,tiage_dial_076,3,user,i have to avoid it so i don t become fat,1,0,
1161,tiage_dial_076,4,agent,surely a little bit would not hurt !,1,0,
1162,tiage_dial_076,5,user,"i have to climb ladders at the bookstore where i work , so no fatties !",1,0,
1163,tiage_dial_076,6,agent,i used to have to diet as i was an athlete,1,0,
1164,tiage_dial_076,7,user,me and my dog compete in competitions so have to be fit,1,0,
1165,tiage_dial_076,8,agent,i won a gold medal in the olympics back in the 90s,1,0,
1166,tiage_dial_076,9,user,very impressive . you were a hero when i was studying chemistry !,1,1,
1167,tiage_dial_076,10,agent,you have a dog ? i have 2 cats,2,0,
1168,tiage_dial_076,11,user,"a snake . ohhh cnn just had trump on tv , he s so orange , my least favorite color",2,1,
1169,tiage_dial_076,12,agent,"haha , very true , do you collect anything ?",3,0,
1170,tiage_dial_076,13,user,only grudges ! how about you ?,3,0,
1171,tiage_dial_076,14,user,"i collect hats , i have over 1000 !",3,1,
1172,tiage_dial_077,1,user,do you have any kids ? i have one in middle school .,0,0,
1173,tiage_dial_077,2,agent,i do not . my husband and i have chosen to not have any .,0,0,
1174,tiage_dial_077,3,user,"probably a smart decision , too many people on the planet .",0,1,
1175,tiage_dial_077,4,agent,"i am a surgeon , he is a detective .",1,0,
1176,tiage_dial_077,5,user,i love horror movies . i bet your marriage is like one .,1,0,
1177,tiage_dial_077,6,agent,"no , it is not . we have a great life .",1,0,
1178,tiage_dial_077,7,user,"i used to work in human services , i heard it all the time .",1,0,
1179,tiage_dial_077,8,agent,"human services is evil , they make up asinine rules .",1,0,
1180,tiage_dial_077,9,user,so is the government but i do not see them being approached .,1,0,
1181,tiage_dial_077,10,agent,"that is your opinion , and one you are entitled too",1,0,
1182,tiage_dial_077,11,user,i believe you were looking to use to instead of too .,1,0,
1183,tiage_dial_077,12,agent,"it does not matter , as you know what i was saying . lighten up .",1,0,
1184,tiage_dial_077,13,user,my dad worked at home depot . i do not know how .,1,0,
1185,tiage_dial_077,14,agent,that has nothing to do with you .,1,0,
1186,tiage_dial_077,15,user,it built character . and my shed .,1,0,
1187,tiage_dial_077,16,user,"how was that possible since it was your dad who worked there , not you .",1,1,
1188,tiage_dial_078,1,user,hi ! how are you today ?,0,0,
1189,tiage_dial_078,2,agent,i am feeling healthy and ready to go ! how about you ?,0,1,
1190,tiage_dial_078,3,user,same ! i am feeling healthy and stronger than ever . cancer could not beat me !,1,0,
1191,tiage_dial_078,4,agent,are you a survivor ? that is amazing !,1,0,
1192,tiage_dial_078,5,user,"i am , thank you so much ! it gave me a whole new outlook on life .",1,1,
1193,tiage_dial_078,6,agent,i am sure ! that is why i only eat raw foods .,2,0,
1194,tiage_dial_078,7,user,"how do you like it ? i have been looking for newer , healthier ways of eating .",2,0,
1195,tiage_dial_078,8,agent,i love it . so do my two kids and wife !,2,0,
1196,tiage_dial_078,9,user,"excellent ! i want to get my whole family on board , kids and grandchildren too .",2,0,
1197,tiage_dial_078,10,agent,"plus , as an economics major , i can assure you that it makes financial sense too !",2,0,
1198,tiage_dial_078,11,user,you study economics ? how interesting ! i worked in finance until retirement .,2,1,
1199,tiage_dial_078,12,agent,amazing ! do you like music ?,3,0,
1200,tiage_dial_078,13,user,"i love music ! i am pretty eclectic , i like a little of everything . what are you into ?",3,0,
1201,tiage_dial_078,14,agent,i love the rolling stones . i see them at least once per year .,3,0,
1202,tiage_dial_078,15,user,"nice ! i have not seen them yet , but i want to . i saw bruce springsteen recently .",3,0,
1203,tiage_dial_078,16,user,he is great too ! do you live in nj ?,3,1,
1204,tiage_dial_079,1,user,hello how are you ?,0,0,
1205,tiage_dial_079,2,agent,hi . good . i am just picking out paint for my new apartment with my boyfriend .,0,0,
1206,tiage_dial_079,3,user,sounds like a good way to end the weekend,0,1,
1207,tiage_dial_079,4,agent,yeah . he will not go for red even though i love it . what is your favorite color ?,1,0,
1208,tiage_dial_079,5,user,i like green but red would be nice also,1,0,
1209,tiage_dial_079,6,agent,green is okay . silver is my other favorite .,1,1,
1210,tiage_dial_079,7,user,are you a cat or dog person ?,2,0,
1211,tiage_dial_079,8,agent,neither really . i already have 25 3rd grade students in the class i teach .,2,0,
1212,tiage_dial_079,9,user,"oh wow that is alot , i am both a dog and a cat",2,0,
1213,tiage_dial_079,10,agent,do have a bunch of them ?,2,0,
1214,tiage_dial_079,11,user,"nope just 1 cat and 1 dog , not that crazy animal guy lol",2,1,
1215,tiage_dial_079,12,agent,i am a bit of a language buff . i am fluent in three languages .,3,0,
1216,tiage_dial_079,13,user,which three languages are you fluent in ?,3,0,
1217,tiage_dial_079,14,agent,"english , french , and spanish . do you speak any other languages ?",3,1,
1218,tiage_dial_079,15,user,"no i do not , but i enjoy a good party",4,0,
1219,tiage_dial_079,16,user,parties are a lot of fun ! do you have other hobbies ?,4,1,
1220,tiage_dial_080,1,user,"hi , how are you doing today ?",0,0,
1221,tiage_dial_080,2,agent,great just finished watching a documentary with my husband,0,0,
1222,tiage_dial_080,3,user,i am a teacher ! love documentaries ! what was it about ?,0,0,
1223,tiage_dial_080,4,agent,me too ! they are my favorite . was watching taxi to the dark side,0,0,
1224,tiage_dial_080,5,user,i have never seen that . i will have to check it out .,0,0,
1225,tiage_dial_080,6,agent,"it is very well made , i usually read a lot but love documentaries",0,1,
1226,tiage_dial_080,7,user,i like gardening and anything outdoors !,1,1,
1227,tiage_dial_080,8,agent,i am pregnant first timeso have been stuck at home myself,2,0,
1228,tiage_dial_080,9,user,that is exciting ! do you go to church ?,2,0,
1229,tiage_dial_080,10,agent,"i do , me and my husband both go to bible study every wednesday",2,0,
1230,tiage_dial_080,11,user,i attend every week as well . just got home from church .,2,1,
1231,tiage_dial_080,12,agent,are you married as well ? what part of the country you from ?,3,0,
1232,tiage_dial_080,13,user,"i live in massachusetts . and no , i am single",3,1,
1233,tiage_dial_080,14,user,"i am in pennsylvania myself , love the weather here . is it nice there ?",4,1,
1234,tiage_dial_081,1,user,"hi there , how are you",0,0,
1235,tiage_dial_081,2,agent,"i am doing great , but i hate orange . the color .",0,1,
1236,tiage_dial_081,3,user,"okay ? well , do you like any specific foods ?",1,0,
1237,tiage_dial_081,4,agent,no i do not care much about foods . or fashion .,1,0,
1238,tiage_dial_081,5,user,"that is pretty lame , considering you need food to survive",1,0,
1239,tiage_dial_081,6,agent,"the only thing i need to survive is dance , i do that on the weekends .",1,0,
1240,tiage_dial_081,7,user,"right , well how do you survive the rest of the week then",1,0,
1241,tiage_dial_081,8,agent,well i work in a bookstore and i like books .,1,0,
1242,tiage_dial_081,9,user,i used to love reading until i got into art,1,1,
1243,tiage_dial_081,10,agent,"yeah , i got into dog agility classes .",2,0,
1244,tiage_dial_081,11,user,"oh i love my puppy to death , but he does not listen for anything",2,0,
1245,tiage_dial_081,12,agent,i love your puppy too and i have not even met him,2,0,
1246,tiage_dial_081,13,user,do you have some dogs ?,2,0,
1247,tiage_dial_081,14,agent,"i have one dog , his name is tim .",2,0,
1248,tiage_dial_081,15,user,any other animals ? i have 4 cats as well,2,0,
1249,tiage_dial_081,16,user,i have a bird named goose,2,1,
1250,tiage_dial_082,1,user,"hello , there ! having a good day ?",0,0,
1251,tiage_dial_082,2,agent,hello ! i am having an okay day . how about you ?,0,0,
1252,tiage_dial_082,3,user,i am a bit tired . i have been training for an upcoming marathon all evening,0,0,
1253,tiage_dial_082,4,agent,oh wow . i do not run much . how is that ?,0,0,
1254,tiage_dial_082,5,user,it is tough but keeps me healthy . what are you into ?,0,0,
1255,tiage_dial_082,6,agent,i really enjoy fishing and cooking my catches .,0,0,
1256,tiage_dial_082,7,user,that is awesome . i love eating fish and anything clean and healthy .,0,0,
1257,tiage_dial_082,8,agent,i do as well . i also enjoy being on the water in any capacity .,0,0,
1258,tiage_dial_082,9,user,i love water too . especially swimming . it is a fun way to exercise .,0,1,
1259,tiage_dial_082,10,agent,for sure . i am also really into comic books and heros .,1,0,
1260,tiage_dial_082,11,user,oh those are always fun . i used to read many comics during my hospitalizations .,1,0,
1261,tiage_dial_082,12,agent,"oh my , what were you in the hospital for ?",1,0,
1262,tiage_dial_082,13,user,i am actually a cancer survivor which is why i decided to become a life coach,1,0,
1263,tiage_dial_082,14,agent,oh wow . congratulations on your recovery .,1,0,
1264,tiage_dial_082,15,user,thank you so much . i appreciate it .,1,0,
1265,tiage_dial_082,16,user,what do you do as a life coach ?,1,1,
1266,tiage_dial_083,1,user,good afternoon . i hope you are well and healthy .,0,0,
1267,tiage_dial_083,2,agent,i am . just thinking about taking my bike out for a spin,0,0,
1268,tiage_dial_083,3,user,that sounds lovely . are you an athlete ?,0,0,
1269,tiage_dial_083,4,agent,not really . i do race my bike though .,0,0,
1270,tiage_dial_083,5,user,wow . i wish my grandchildren were interested in something similar . but they like smartphones .,0,0,
1271,tiage_dial_083,6,agent,that seems to be the thing now . so expensive too,0,0,
1272,tiage_dial_083,7,user,true . and i have come to know a great life does not come from expensive things .,0,0,
1273,tiage_dial_083,8,agent,so tre . i just wish i did not have to wait tables to get extra money .,0,0,
1274,tiage_dial_083,9,user,"its all tedious at first dear , but i know it will get better for you .",0,1,
1275,tiage_dial_083,10,agent,i guess it just really want to be out on my red bike .,1,0,
1276,tiage_dial_083,11,user,"sounds like a true joy . i am retired now , so you are inspiring me to try that .",1,0,
1277,tiage_dial_083,12,agent,awesome . maybe we could go out riding together .,1,0,
1278,tiage_dial_083,13,user,i would love that . life is too short to miss out on making new friends .,1,0,
1279,tiage_dial_083,14,user,"i have to go , talk to you later .",1,1,
1280,tiage_dial_084,1,user,"hello , how are you doing ?",0,0,
1281,tiage_dial_084,2,agent,i just got off work,0,0,
1282,tiage_dial_084,3,user,where do you work at ?,0,0,
1283,tiage_dial_084,4,agent,i am a tour guide at a museum . what do you do for a living ?,0,0,
1284,tiage_dial_084,5,user,"if you consider being a feminist a job , that is what i do .",0,1,
1285,tiage_dial_084,6,agent,interesting . do you have any hobbies ?,1,0,
1286,tiage_dial_084,7,user,i love browsing the web . what about you ?,1,0,
1287,tiage_dial_084,8,agent,i like to garden . i grow roses .,1,1,
1288,tiage_dial_084,9,user,roses are pretty . what kind of a diet do you follow ?,2,0,
1289,tiage_dial_084,10,agent,i do not follow any particular diet . do you ?,2,0,
1290,tiage_dial_084,11,user,strictly organic . its best for our bodies .,2,0,
1291,tiage_dial_084,12,agent,"yes , maybe i would not be partly deaf if i ate like that .",2,1,
1292,tiage_dial_084,13,user,possibly . do you utilize solar panels ?,3,0,
1293,tiage_dial_084,14,agent,"no , do you use solar panels ?",3,0,
1294,tiage_dial_084,15,user,"yes , on my roof . you should look into them",3,0,
1295,tiage_dial_084,16,user,i will . i think i have a book about them in the library at my house .,3,1,
1296,tiage_dial_085,1,user,"hello , currently residing in canada , on the run . how are you ?",0,0,
1297,tiage_dial_085,2,agent,i am okay . tired from cleaning all day .,0,0,
1298,tiage_dial_085,3,user,do you eat shawarma while you clean ? that is my fav food .,0,0,
1299,tiage_dial_085,4,agent,"no , but i do sing folk songs to make work go easier .",0,1,
1300,tiage_dial_085,5,user,singing and cleaning . my grandpa and i served in the world war .,1,1,
1301,tiage_dial_085,6,agent,together ? that is interesting . do either of you play any instruments ?,2,0,
1302,tiage_dial_085,7,user,"ya it was a great experience . used to play wood blocks , you ?",2,0,
1303,tiage_dial_085,8,agent,"i tickle the ivories , strum on the guitar , and sing . i want to be rich and famous .",2,0,
1304,tiage_dial_085,9,user,i am good at the sing instrument . i failed out of high school though .,2,0,
1305,tiage_dial_085,10,agent,"well , you made it through a world war , so you must have been smart enough .",2,0,
1306,tiage_dial_085,11,user,i did ok . was really good at chucking grenades .,2,0,
1307,tiage_dial_085,12,agent,i like explosions . but they do not let me use grenades while i clean the school .,2,0,
1308,tiage_dial_085,13,user,that seems odd . my local school allows most weapons and explosives .,2,0,
1309,tiage_dial_085,14,agent,maybe i should relocate . your place sounds like more fun .,2,0,
1310,tiage_dial_085,15,user,ya a lot of brilliant people graduate from there . maybe that is why i did not .,2,0,
1311,tiage_dial_085,16,user,"just keep a song in your heart , and your head held high . we will get through .",2,1,
1312,tiage_dial_086,1,user,how are you today ?,0,0,
1313,tiage_dial_086,2,agent,great ! how about you ? i am jeremy .,0,0,
1314,tiage_dial_086,3,user,"nice to meet you jeremy , my name is sue",0,1,
1315,tiage_dial_086,4,agent,hi sue . do you have any pets ?,1,0,
1316,tiage_dial_086,5,user,i have no pets . i do have children though,1,0,
1317,tiage_dial_086,6,agent,i have two cats . mistletoe and gingerbread . you can tell i love winter . how many children ?,1,0,
1318,tiage_dial_086,7,user,i have five young sons .,1,1,
1319,tiage_dial_086,8,agent,cool . do they all like icecream ? i like vanilla .,2,1,
1320,tiage_dial_086,9,user,"they do , they also keep me busy . coffee has become my favorite beverage .",3,0,
1321,tiage_dial_086,10,agent,i am a coffee lover also . do you have any collections . i have 1010 hats .,3,0,
1322,tiage_dial_086,11,user,"that is amazing , i collect rare wine . i enjoy a nice glass at night .",3,0,
1323,tiage_dial_086,12,agent,five boys . . . yes ! wine ! i am not much of a drinker . no children though .,3,1,
1324,tiage_dial_086,13,user,then you have great peace . and a nice car too . i drive a minivan .,4,1,
1325,tiage_dial_086,14,agent,"yes , true . do you have any hobbies ?",5,0,
1326,tiage_dial_086,15,user,"i never have time , just a glass of my rare wine in the evenings .",5,1,
1327,tiage_dial_086,16,user,"i see . i was an ice skater . olympics , 1992 i won a gold .",6,1,
1328,tiage_dial_087,1,user,"hello , how are you today ?",0,0,
1329,tiage_dial_087,2,agent,"i am well thank you , how is your night going ?",0,0,
1330,tiage_dial_087,3,user,it is going very great . i just have homework to do,0,0,
1331,tiage_dial_087,4,agent,oh what are you in school for ?,0,0,
1332,tiage_dial_087,5,user,high school . on my sophomore year,0,0,
1333,tiage_dial_087,6,agent,are you planning to go to college ?,0,1,
1334,tiage_dial_087,7,user,i am ! i want to be a professional soccer player,1,0,
1335,tiage_dial_087,8,agent,"exciting ! i played soccer in high school too , long ago",1,0,
1336,tiage_dial_087,9,user,did you enjoy it ? i love it,1,0,
1337,tiage_dial_087,10,agent,very much . now i have bad knees and back from all the construction work,1,0,
1338,tiage_dial_087,11,user,i am sorry to hear . that does not sound fun,1,0,
1339,tiage_dial_087,12,agent,"it is ok , i love building houses , no regrets",1,0,
1340,tiage_dial_087,13,user,wow seems like a lot of hard work,1,0,
1341,tiage_dial_087,14,agent,it is ! then i get to go home to my cats and a beer,1,0,
1342,tiage_dial_087,15,user,"i have never drank , is it fun ?",1,0,
1343,tiage_dial_087,16,user,as long as you drink responsibly it is,1,1,
1344,tiage_dial_088,1,user,"hi there , my name is ali .",0,0,
1345,tiage_dial_088,2,agent,good evening ali . tanya here .,0,0,
1346,tiage_dial_088,3,user,hey tanya . i went to school with a girl named tanya back when i was at yale .,0,1,
1347,tiage_dial_088,4,agent,"cool . i have been so bored , so of course i eat !",1,0,
1348,tiage_dial_088,5,user,oh i understand that . i grew up with some of the best food back in manhattan .,1,0,
1349,tiage_dial_088,6,agent,yum . good thing i enjoy using the rowing machine and treadmill .,1,0,
1350,tiage_dial_088,7,user,so did i ! my parents had all kinds of equipment thanks to their banking job .,1,1,
1351,tiage_dial_088,8,agent,that is great . any pets ? i have a german shepherd and a schnauzer .,2,0,
1352,tiage_dial_088,9,user,unfortunately no . the dorms at business school does not allow them .,2,1,
1353,tiage_dial_088,10,agent,do you long hair or short ? i just tried a short haircut .,3,0,
1354,tiage_dial_088,11,user,long hair all the way . although short hair may look more professional .,3,1,
1355,tiage_dial_088,12,agent,i have to get used to this . so any hobbies ?,4,0,
1356,tiage_dial_088,13,user,i love being in the stock market . i guess that is why i am going to finance .,4,0,
1357,tiage_dial_088,14,agent,that is your major ? that will be great to know about money .,4,0,
1358,tiage_dial_088,15,user,"well i already have one degree , but i am going back to business school for another .",4,0,
1359,tiage_dial_088,16,user,"go education ! ! well , take care and good luck with your classes .",4,1,
1360,tiage_dial_089,1,user,"hello , how are you doing today ?",0,0,
1361,tiage_dial_089,2,agent,wonderful i just moved to a new place !,0,0,
1362,tiage_dial_089,3,user,oh that is neat . where did you move to ?,0,0,
1363,tiage_dial_089,4,agent,close to my school in philadelphia .,0,1,
1364,tiage_dial_089,5,user,that is neat . are you male or female ?,1,0,
1365,tiage_dial_089,6,agent,"female . with blue eyes and light blonde hair , yourself ?",1,0,
1366,tiage_dial_089,7,user,"female as well , light skin , blonde hair , and brown eyes . hah !",1,1,
1367,tiage_dial_089,8,agent,what is your favorite food . mine is strawberries,2,0,
1368,tiage_dial_089,9,user,i will gladly take a nice slice of pizza any day .,2,1,
1369,tiage_dial_089,10,agent,lol . do you work ? i am part time at a bar .,3,0,
1370,tiage_dial_089,11,user,"i do work ! i waitress during the day , then i do side jobs during the evening .",3,1,
1371,tiage_dial_089,12,agent,i see ! so you have any hobbies ?,4,0,
1372,tiage_dial_089,13,user,i like to ride my motorcycle when possible . i always have to have a helmet !,4,1,
1373,tiage_dial_089,14,user,safety first ! my best friend is vegan . which works well . because chicken is gross,5,1,
1374,tiage_dial_090,1,user,hello how are you today ?,0,0,
1375,tiage_dial_090,2,agent,hi . okay . heartburn . 2 months until i am due . the twins are restless tonight .,0,1,
1376,tiage_dial_090,3,user,"that is funny , i do not get along with my wife",1,0,
1377,tiage_dial_090,4,agent,"oh , no . sorry to hear that . hubby and i disagree once in a while about the kids .",1,0,
1378,tiage_dial_090,5,user,"we fight about our cat , spook",1,1,
1379,tiage_dial_090,6,agent,"yeah . well , i wish you luck there . we bought a cute 2 story house .",2,0,
1380,tiage_dial_090,7,user,"nice , i do not think i have ever left ohio",2,0,
1381,tiage_dial_090,8,agent,you should travel if you get a chance . its expensive to travel with kids .,2,0,
1382,tiage_dial_090,9,user,not if you like to hitch hike,2,0,
1383,tiage_dial_090,10,agent,"i suppose , but that does not work with a pregnant woman and 3 kids",2,0,
1384,tiage_dial_090,11,user,sounds like someone has been busy,2,0,
1385,tiage_dial_090,12,agent,"yep . between work at the bank and the kids , i am exhausted every night .",2,0,
1386,tiage_dial_090,13,user,yes you need to get more sleep,2,0,
1387,tiage_dial_090,14,agent,so true . enough about me . tell me more about you .,2,1,
1388,tiage_dial_090,15,user,i should fly to england,3,0,
1389,tiage_dial_090,16,user,sounds like a lot of fun .,3,1,
1390,tiage_dial_091,1,user,"hello , how are you today ?",0,0,
1391,tiage_dial_091,2,agent,hey ! just watching a game of football with my children . you ?,0,1,
1392,tiage_dial_091,3,user,that is cool ! i am an alcoholic who is recovering,1,0,
1393,tiage_dial_091,4,agent,ah man congrats for trying to get back on the road !,1,0,
1394,tiage_dial_091,5,user,"yeah , i live in the city now so its hard",1,0,
1395,tiage_dial_091,6,agent,"ah i live in florida man , i feel you . the city is full of temptations .",1,0,
1396,tiage_dial_091,7,user,yeah it really is tempting ! i used to live on a farm though,1,1,
1397,tiage_dial_091,8,agent,do you have a job currently ? i am a programmer for a game company .,2,0,
1398,tiage_dial_091,9,user,i want to but i am a male 45 year old who was an alcoholic,2,0,
1399,tiage_dial_091,10,agent,"it must be hard making a living , i feel sorry for you pal .",2,0,
1400,tiage_dial_091,11,user,it is ok ! i will hopefully get better,2,1,
1401,tiage_dial_091,12,agent,do you have any hobbies ?,3,0,
1402,tiage_dial_091,13,user,yeah i like to count the freckles on my foot,3,0,
1403,tiage_dial_091,14,agent,haha you are a funny guy ! maybe you should be a stand up comedian !,3,0,
1404,tiage_dial_091,15,user,thank you ! that would be really fun,3,0,
1405,tiage_dial_091,16,user,"anyways man i gotta go walk my dogs soon , it was nice chatting with you !",3,1,
1406,tiage_dial_092,1,user,"hi , want to get to know each other ?",0,0,
1407,tiage_dial_092,2,agent,sure ! what do you do for a living ?,0,0,
1408,tiage_dial_092,3,user,"i am a student . i study languages , you ?",0,0,
1409,tiage_dial_092,4,agent,"i am a student also , i have a degree from yale but i am going back soon .",0,0,
1410,tiage_dial_092,5,user,"wow , what is your degree in ?",0,0,
1411,tiage_dial_092,6,agent,"finance , i am going back for business next .",0,1,
1412,tiage_dial_092,7,user,ambitious . i am just about fluent in spanish . i am starting french soon .,1,0,
1413,tiage_dial_092,8,agent,"wow that is awesome ! thanks , my parents inspired me . they are rich bankers .",1,0,
1414,tiage_dial_092,9,user,rich is probably nice . i would like more money for travel,1,0,
1415,tiage_dial_092,10,agent,me too . they make me work for everything i have .,1,1,
1416,tiage_dial_092,11,user,that is for the best . what do you do for fun ?,2,0,
1417,tiage_dial_092,12,agent,not much really . i stay pretty busy . you ?,2,0,
1418,tiage_dial_092,13,user,well i try to . i play in a band on weekends,2,1,
1419,tiage_dial_092,14,agent,that is nice ! which instrument ? i just bought my first car .,3,0,
1420,tiage_dial_092,15,user,i play the drums . like lane kim . what kind of car,3,0,
1421,tiage_dial_092,16,user,never heard of him . a 2000 bmw . its not much but i am proud .,3,1,
1422,tiage_dial_093,1,user,"hey , what is your favorite food ? mine is donuts .",0,1,
1423,tiage_dial_093,2,agent,"hello , i love fries , and am getting married soon .",1,1,
1424,tiage_dial_093,3,user,that is exciting ! what do you like to do for fun ?,2,0,
1425,tiage_dial_093,4,agent,i love to try new restaurants and dance .,2,0,
1426,tiage_dial_093,5,user,"cool ! during the weekends , i like to do live action roleplaying events .",2,0,
1427,tiage_dial_093,6,agent,"i am a kindergarten teacher , i look up new painting techniques on the weekends",2,0,
1428,tiage_dial_093,7,user,that sounds like fun . i play a ridiculous amount of call of duty .,2,0,
1429,tiage_dial_093,8,agent,i used to play a lot of fallout when i was in college .,2,0,
1430,tiage_dial_093,9,user,"oh man , i love fallout . was just playing new vegas earlier .",2,0,
1431,tiage_dial_093,10,agent,dogmeat is awesome . i would love to go to an elvis school,2,0,
1432,tiage_dial_093,11,user,an elvis school ? what is that ?,2,0,
1433,tiage_dial_093,12,agent,it is one of the areas in fallout .,2,1,
1434,tiage_dial_093,13,user,"oh good lord , i am too tired . what kind of car do you drive ?",3,0,
1435,tiage_dial_093,14,agent,"i have a maclaren , it is awesome .",3,0,
1436,tiage_dial_093,15,user,radical ! mine is a ford pinto .,3,0,
1437,tiage_dial_093,16,user,my boyfriend bought it for me as a wedding gift .,3,1,
1438,tiage_dial_094,1,user,hello i am 8 years old how old are you ?,0,0,
1439,tiage_dial_094,2,agent,"hi , i am 20 . nice to meet you .",0,1,
1440,tiage_dial_094,3,user,i love mackey mouse . what is your favorite character ?,1,0,
1441,tiage_dial_094,4,agent,i like cartman . my favorite thing is shopping .,1,1,
1442,tiage_dial_094,5,user,i meant mickey . cool i have a lot of friends and love the playground . do you ?,2,0,
1443,tiage_dial_094,6,agent,"sounds fun , yes i do ! shoes and watches are my favorites to shop for .",2,1,
1444,tiage_dial_094,7,user,frozen songs are the best what songs are your favorite ?,3,0,
1445,tiage_dial_094,8,agent,do you want to build a snowman !,3,1,
1446,tiage_dial_094,9,user,oh gosh of course ! do you go to school ?,4,0,
1447,tiage_dial_094,10,agent,"no , i am just a watch dealer . my family do not like it",4,0,
1448,tiage_dial_094,11,user,third grade has been awesome . oh no that stinks .,4,0,
1449,tiage_dial_094,12,agent,third grade was so fun ! good for you .,4,1,
1450,tiage_dial_094,13,user,do you like mickey mouse ?,5,0,
1451,tiage_dial_094,14,agent,i would like him more if he got me a rolls royce ghost,5,1,
1452,tiage_dial_094,15,user,that would be cool . what is your favorite toy on the playground ?,6,0,
1453,tiage_dial_094,16,user,i like to swing on the swing sets . how about you ?,6,1,
1454,tiage_dial_095,1,user,"good day , how are you ?",0,0,
1455,tiage_dial_095,2,agent,"hello , i am doing well . i think i may have had too much coffee . you ?",0,0,
1456,tiage_dial_095,3,user,"i am good , taking a break from my assignments before heading to europe .",0,0,
1457,tiage_dial_095,4,agent,i went to a star wars convention in helsinki . are you going there ?,0,0,
1458,tiage_dial_095,5,user,"that sounds fun , i am actually go to visit the louvre in paris .",0,0,
1459,tiage_dial_095,6,agent,"that is a nice museum , i visited last summer , before football season .",0,1,
1460,tiage_dial_095,7,user,"i went to spain then , learned i love cooking paella . what team are you for ?",1,0,
1461,tiage_dial_095,8,agent,i am with ohio state . born and raised in ohio,1,1,
1462,tiage_dial_095,9,user,awesome . what do you do for a living,2,0,
1463,tiage_dial_095,10,agent,"i am a student , going to school for veterinary medicine .",2,0,
1464,tiage_dial_095,11,user,i am a art major at julliard with a minor in dance .,2,1,
1465,tiage_dial_095,12,agent,very nice . do you like animals ?,3,0,
1466,tiage_dial_095,13,user,i love them . there is a dog on my bed right now .,3,0,
1467,tiage_dial_095,14,agent,"mine too , a beagle . what do you have ?",3,0,
1468,tiage_dial_095,15,user,"she is my roommates dog , but a chihuahua . i have a lab pit mix .",3,1,
1469,tiage_dial_095,16,user,how tiny ! do you like coffee ?,4,1,
1470,tiage_dial_096,1,user,what are you doing up this late,0,0,
1471,tiage_dial_096,2,agent,i was cooking ! what about you ?,0,0,
1472,tiage_dial_096,3,user,i am walking my dogs,0,1,
1473,tiage_dial_096,4,agent,this late ! i am just practicing my cooking . how old are you ?,1,0,
1474,tiage_dial_096,5,user,yes this late can you make tacos,1,0,
1475,tiage_dial_096,6,agent,"yes ! i love tacos ! there is not much i do not like , i am 23",1,1,
1476,tiage_dial_096,7,user,where do you live,2,0,
1477,tiage_dial_096,8,agent,i live in oregon for now but i have been all over the world this year .,2,0,
1478,tiage_dial_096,9,user,have you been alabama,2,0,
1479,tiage_dial_096,10,agent,yes . the tacos there were amazing ! where do you live ?,2,0,
1480,tiage_dial_096,11,user,i live in montgomery,2,0,
1481,tiage_dial_096,12,agent,i keep my yacht close by there . i am renting it out right now .,2,0,
1482,tiage_dial_096,13,user,you have yacht nice,2,1,
1483,tiage_dial_096,14,user,would you like to travel with me ? i have been almost everywhere .,3,1,
1484,tiage_dial_097,1,user,"hello ! finishing up my nightly glass of wine , what are you drinking ?",0,0,
1485,tiage_dial_097,2,agent,i have coffee . up late sewing . you ?,0,0,
1486,tiage_dial_097,3,user,looking over the little league roster . i have to coach in the morning .,0,0,
1487,tiage_dial_097,4,agent,oh ! my grandson is in little league . what age group ?,0,0,
1488,tiage_dial_097,5,user,i have the babies . 4 6 . they are adorable . i have five boys .,0,0,
1489,tiage_dial_097,6,agent,that sounds great ! do you ever go so pro league games with them ?,0,0,
1490,tiage_dial_097,7,user,"i try not too . i am a mini van mom , that is their dads job",0,0,
1491,tiage_dial_097,8,agent,"lol . i get it . i am retired , and i leave that to my kids !",0,0,
1492,tiage_dial_097,9,user,i wish i was retired ! i live on coffee in the day .,0,1,
1493,tiage_dial_097,10,agent,"it is great , especially once i beat the cancer .",1,0,
1494,tiage_dial_097,11,user,very nice to hear . congratulations !,1,1,
1495,tiage_dial_097,12,agent,thanks ! so how old are your kids ?,2,0,
1496,tiage_dial_097,13,user,"16 , 14 , 8 , 5 , 5 . the youngest are twins .",2,0,
1497,tiage_dial_097,14,agent,"wow ! that is nice . my kids are grown . grandkids are 10 , 12 , 15 , 17 .",2,0,
1498,tiage_dial_097,15,user,"those are the fun ages . i like the teens , even though they come with drama",2,0,
1499,tiage_dial_097,16,user,"yes , and i can send them home if they act up !",2,1,
1500,tiage_dial_098,1,user,hi there . how is it going ?,0,0,
1501,tiage_dial_098,2,agent,hello ! how are you doing ? i am doing pretty well today,0,0,
1502,tiage_dial_098,3,user,i am doing great ! just got home from shopping .,0,1,
1503,tiage_dial_098,4,agent,where are you from ? i live in the us now but was born in africa . somalia,1,0,
1504,tiage_dial_098,5,user,i live in north carolina .,1,1,
1505,tiage_dial_098,6,agent,nice . how is the weather there ? are you married ?,2,1,
1506,tiage_dial_098,7,user,tell me something about yourself .,3,0,
1507,tiage_dial_098,8,agent,i love dancing . all kinds,3,0,
1508,tiage_dial_098,9,user,i love to shop alot !,3,0,
1509,tiage_dial_098,10,agent,shopping can be quite fun . i was not allowed to shop as a child in somalia .,3,0,
1510,tiage_dial_098,11,user,i shop for shoes and watches .,3,0,
1511,tiage_dial_098,12,agent,i could use dance shoes . if we lived closer together i would suggest we go shopping,3,1,
1512,tiage_dial_098,13,user,"i am married , have been for 5 years .",4,1,
1513,tiage_dial_098,14,agent,my aunt brought me to california after she found out i had to marry a man .,5,0,
1514,tiage_dial_098,15,user,"oh , i love going to ca",5,1,
1515,tiage_dial_098,16,user,it is quite pretty here . i own a dance studio,6,1,
1516,tiage_dial_099,1,user,hi . how are you today ?,0,1,
1517,tiage_dial_099,2,agent,what are you doing today ?,1,0,
1518,tiage_dial_099,3,user,working on building a house .,1,0,
1519,tiage_dial_099,4,agent,cool . i am listening to the rolling stones .,1,1,
1520,tiage_dial_099,5,user,that is a good band . do you have pets ?,2,1,
1521,tiage_dial_099,6,agent,nope . just two kids . what do you like to do ?,3,0,
1522,tiage_dial_099,7,user,i like to build houses and hang out with my cats .,3,1,
1523,tiage_dial_099,8,agent,what is your favorite food ?,4,0,
1524,tiage_dial_099,9,user,i do not really have one . how about you ?,4,0,
1525,tiage_dial_099,10,agent,veggies . i like to eat clean .,4,1,
1526,tiage_dial_099,11,user,what do you do for work ?,5,0,
1527,tiage_dial_099,12,agent,i am an economist . is building houses a job or hobby ?,5,0,
1528,tiage_dial_099,13,user,it is my job . my dad was who taught me the trade .,5,0,
1529,tiage_dial_099,14,agent,very interesting ! nice chatting . have a great day !,5,0,
1530,tiage_dial_099,15,user,you do the same . i will go play with my cats now .,5,0,
1531,tiage_dial_099,16,user,how many do you have ?,5,1,
1532,tiage_dial_100,1,user,"hey , jefferson here , i love documentaries",0,1,
1533,tiage_dial_100,2,agent,"i love dogs her name is barnaby , a german shepherd",1,0,
1534,tiage_dial_100,3,user,oh that is so cool . i have a dog with my husband in pennsylvania .,1,1,
1535,tiage_dial_100,4,agent,"nice to meet you , i work in the usps",2,1,
1536,tiage_dial_100,5,user,i order a lot of books online . i read one every week .,3,1,
1537,tiage_dial_100,6,agent,how big are the dogs ? are they grey color ? that is my color,4,0,
1538,tiage_dial_100,7,user,"i would not know , they are your dogs haha .",4,1,
1539,tiage_dial_100,8,agent,do you order from amazon ? my dad is a nascar racer,5,0,
1540,tiage_dial_100,9,user,"i do order from amazon , i am a pa right now .",5,1,
1541,tiage_dial_100,10,agent,are there scorpions in your area ? i hate them,6,0,
1542,tiage_dial_100,11,user,"i sure hope not , they are scary !",6,1,
1543,tiage_dial_100,12,agent,amazon is a great place to order books,7,0,
1544,tiage_dial_100,13,user,oh yeah that is a fact .,7,1,
1545,tiage_dial_100,14,agent,"i feel the same , they are so dangerous in my area",8,0,
1546,tiage_dial_100,15,user,my uncle died from a scorpion .,8,1,
1547,tiage_dial_100,16,user,do you like to go fishing ?,9,1,
1548,tiage_dial_101,1,user,hi i am george . i love papayas !,0,0,
1549,tiage_dial_101,2,agent,hi i am john and love to the mountains,0,1,
1550,tiage_dial_101,3,user,do you like models ? i married one . from italy,1,0,
1551,tiage_dial_101,4,agent,yes i like models and i am not married,1,0,
1552,tiage_dial_101,5,user,"do you want to be , i have no close family",1,0,
1553,tiage_dial_101,6,agent,sure how can that happen ?,1,0,
1554,tiage_dial_101,7,user,"meet a woman , , go on dates have fun",1,1,
1555,tiage_dial_101,8,agent,i have one dog and a nice career,2,1,
1556,tiage_dial_101,9,user,that is nice to hear . i farm honey bees,3,1,
1557,tiage_dial_101,10,agent,in the spring time i go hiking all the time,4,0,
1558,tiage_dial_101,11,user,"that sounds like fun , i love the outdoors and everything in them",4,1,
1559,tiage_dial_101,12,agent,do you have any pets ?,5,0,
1560,tiage_dial_101,13,user,yes i do i have a dog and 2 cats at the moment,5,0,
1561,tiage_dial_101,14,agent,"i have one dog myself , she can be a bit of pain",5,0,
1562,tiage_dial_101,15,user,mine are so spoiled and i only have myself to blame,5,1,
1563,tiage_dial_101,16,user,rock climbing can be scary at times but its very exciting to see the top,6,1,
1564,tiage_dial_102,1,user,"hi there , do you love taylor swift ?",0,1,
1565,tiage_dial_102,2,agent,you know it . i wish it was still summer .,1,0,
1566,tiage_dial_102,3,user,"not me , i am ready for the cuddle weather .",1,0,
1567,tiage_dial_102,4,agent,cool ! i love to go rock climbing my fav summer activity .,1,0,
1568,tiage_dial_102,5,user,i do not like your summer at all,1,0,
1569,tiage_dial_102,6,agent,i like spring too for hiking . you like winter best ?,1,0,
1570,tiage_dial_102,7,user,"i just love the cold , i am only twenty four",1,1,
1571,tiage_dial_102,8,agent,so where do you live ? me colorado your kind of weather,2,0,
1572,tiage_dial_102,9,user,"cali , it gets hot over here",2,1,
1573,tiage_dial_102,10,agent,job for me is mechanical engineer . what about you ?,3,0,
1574,tiage_dial_102,11,user,i dance on the weekends for money,3,1,
1575,tiage_dial_102,12,agent,pets ? i have a dog named trooper . he is a black lab .,4,1,
1576,tiage_dial_102,13,user,does he like tacos ? i really like tacos,5,1,
1577,tiage_dial_102,14,agent,he likes everything . lol what do you do during the week ?,6,0,
1578,tiage_dial_102,15,user,i need to catch up on sleep,6,0,
1579,tiage_dial_102,16,user,i can relate to that i am always tired .,6,1,
1580,tiage_dial_103,1,user,hello there ! how are you doing today ?,0,0,
1581,tiage_dial_103,2,agent,just jamming out to some new kids on the block ! !,0,0,
1582,tiage_dial_103,3,user,oh my ! i am just enjoying a new coloring book after a hectic evening .,0,1,
1583,tiage_dial_103,4,agent,how sweet ! ! i need to get my dance gear ready for my class tomorrow night !,1,0,
1584,tiage_dial_103,5,user,my husband found out he was adopted earlier . . . would not necessarily call it sweet .,1,0,
1585,tiage_dial_103,6,agent,"now that is heavy stuff ! being born in the early eighties myself , i suppose anything is possible .",1,1,
1586,tiage_dial_103,7,user,"it definitely came as a shock . so , you are a dancer ?",2,0,
1587,tiage_dial_103,8,agent,big time ! i love hip hop ! and you ?,2,0,
1588,tiage_dial_103,9,user,we listen to a lot of underground rap . not too popular in our rural farm community .,2,1,
1589,tiage_dial_103,10,agent,"ha ! i love that randomness ! so , i was cleaning out closets and found my lite brite !",3,0,
1590,tiage_dial_103,11,user,lol . i had one of those when i was a kiddo . . . along with my easy bake oven p,3,1,
1591,tiage_dial_103,12,agent,yes ! so throwback ! what is your go to late night snack ?,4,0,
1592,tiage_dial_103,13,user,hmm . . . nachos or chili cheese fries . you ?,4,0,
1593,tiage_dial_103,14,agent,"whoa ! again , intense ! i am a cereal kind of girl .",4,0,
1594,tiage_dial_103,15,user,i have a super high metabolism so i usually eat whatever i want . favorite cereal ?,4,0,
1595,tiage_dial_103,16,user,raisin bran ! i am way hard core . i have crap metabolism .,4,1,
1596,tiage_dial_104,1,user,i am jo and i love the color yello,0,0,
1597,tiage_dial_104,2,agent,hi jo . yellow is a great color . it is the color of fall in colorado .,0,0,
1598,tiage_dial_104,3,user,yellow i am a gold medalist for 100 meter in the olympics,0,0,
1599,tiage_dial_104,4,agent,wow ! that is impressive . swimming or running ?,0,0,
1600,tiage_dial_104,5,user,running . and i also do gymnastics it is my fave,0,0,
1601,tiage_dial_104,6,agent,nice . i prefer hiking and rock climbing myself . living in co is great for those .,0,1,
1602,tiage_dial_104,7,user,nice i love enjoy italian food and garlic bread,1,0,
1603,tiage_dial_104,8,agent,me too . i often go to company dinners at italian restaurants . what is your favorite dish ?,1,0,
1604,tiage_dial_104,9,user,that is awesome . i love chicken alfredo,1,0,
1605,tiage_dial_104,10,agent,delicious choice . i love coming home from work to a nice plate of that .,1,0,
1606,tiage_dial_104,11,user,it is and i do enjoy it a lot .,1,1,
1607,tiage_dial_104,12,agent,i work as a mechanical engineer so i do not know a lot about gymnastics .,2,0,
1608,tiage_dial_104,13,user,yeah i its quite not that hard to understand the mechanics of it,2,1,
1609,tiage_dial_104,14,agent,i am sure . have you ever been to colorado ?,3,0,
1610,tiage_dial_104,15,user,no i have never been to colorado,3,0,
1611,tiage_dial_104,16,user,"i live there , you will have to come visit sometime . great trails for running .",3,1,
1612,tiage_dial_105,1,user,"hello , how are you this evening ?",0,0,
1613,tiage_dial_105,2,agent,so far so good . who am i speaking to ?,0,0,
1614,tiage_dial_105,3,user,"i am bryan the rose gardener , who are you ?",0,0,
1615,tiage_dial_105,4,agent,philip . me and my dog charlie are just listening to music,0,0,
1616,tiage_dial_105,5,user,"awesome , i am hanging out in my big in home library",0,0,
1617,tiage_dial_105,6,agent,well that is nice . what book are you currently reading ?,0,0,
1618,tiage_dial_105,7,user,"a book on how to read lips , i am half deaf",0,0,
1619,tiage_dial_105,8,agent,i always thought that would be an interesting skill to have lol,0,0,
1620,tiage_dial_105,9,user,"it works for me , and i love to read when i drink my fancy tea",0,0,
1621,tiage_dial_105,10,agent,tea huh ? like the stuff but goes awful with pizza imo,0,0,
1622,tiage_dial_105,11,user,"i bet , i prefer a nice glass of cow milk with my pizza , lol",0,0,
1623,tiage_dial_105,12,agent,"the double cow consumption , nice . always goes down with some lil wayne",0,0,
1624,tiage_dial_105,13,user,"lil wayne , what is that ? sounds like a soda flavor , mom get me some lil wayne",0,0,
1625,tiage_dial_105,14,user,lol i do not know how to respond to that,0,1,
1626,tiage_dial_106,1,user,"greetings from the big apple , kim here , how are you ?",0,0,
1627,tiage_dial_106,2,agent,"i am fine , how much are your apples ?",0,0,
1628,tiage_dial_106,3,user,not for sale ! they are looking good in central park though,0,0,
1629,tiage_dial_106,4,agent,i actually thought you were selling chocolate covered apples,0,0,
1630,tiage_dial_106,5,user,"sorry , i live there on central park west , costs as much to park as to live , you ?",0,0,
1631,tiage_dial_106,6,agent,"well , i do not have a car . i just use a bike instead lol",0,0,
1632,tiage_dial_106,7,user,"i have a beemer , what kind of bike ?",0,0,
1633,tiage_dial_106,8,agent,"a roadmaster , how well does yours work ?",0,1,
1634,tiage_dial_106,9,user,"great , when i can get it out in traffic , are you in school ?",1,0,
1635,tiage_dial_106,10,agent,"i go to school from home , on a computer . i use it for exercise",1,0,
1636,tiage_dial_106,11,user,"i see , live remote with parents ? my dad is bank president , so we live in town",1,0,
1637,tiage_dial_106,12,agent,"that is pretty cool , i kind of enjoy being alone",1,0,
1638,tiage_dial_106,13,user,i start business school next year to be a banker like parents . i like crowds,1,1,
1639,tiage_dial_106,14,agent,you can be you and i can be me . i am practicing my 3rd language,2,0,
1640,tiage_dial_106,15,user,i like money too and i want to live in a penthouse when i leave home,2,0,
1641,tiage_dial_106,16,agent,"penthouses are really nice , i believe you will get there with determination",2,0,
1642,tiage_dial_106,17,user,"i will , thank you for chatting with me",2,0,
1643,tiage_dial_106,18,user,"you are very welcome , keep dreaming big and have a nice day",2,1,
1644,tiage_dial_107,1,user,hello . what kind of car do you drive ?,0,0,
1645,tiage_dial_107,2,agent,"a mazda protege , what do you drive ?",0,0,
1646,tiage_dial_107,3,user,i drive a classic mustang . i am a mechanic .,0,1,
1647,tiage_dial_107,4,agent,"i study language and music , can you speak french ?",1,1,
1648,tiage_dial_107,5,user,"no , sorry . i can only speak english . do you have any pets ?",2,0,
1649,tiage_dial_107,6,agent,"i am allergic to symbiotic connection so i own no animals , do you ?",2,0,
1650,tiage_dial_107,7,user,i do . two dogs . they are amazing .,2,0,
1651,tiage_dial_107,8,agent,what are there names ?,2,0,
1652,tiage_dial_107,9,user,dixon and sirius . they are black labs .,2,1,
1653,tiage_dial_107,10,agent,"i used to have a black lab named cooper , are you religious ?",3,0,
1654,tiage_dial_107,11,user,"i am spiritual , yes . i am a pagan .",3,0,
1655,tiage_dial_107,12,agent,do you practice the left hand path ? i do as well .,3,0,
1656,tiage_dial_107,13,user,i do baneful workings if the situation calls for it .,3,0,
1657,tiage_dial_107,14,user,how has that been going ?,3,1,
1658,tiage_dial_108,1,user,do you live in the southwest by chance ?,0,1,
1659,tiage_dial_108,2,agent,no i do not . i love wearing band shirts with ruffles on the sleeves,1,0,
1660,tiage_dial_108,3,user,thank goodness ! i am petrified of scorpions . i moved north because of them .,1,1,
1661,tiage_dial_108,4,agent,"haha ok , i have blond short hair . i am a girl and pretty skinny staying in shape",2,1,
1662,tiage_dial_108,5,user,i used to stay in shape helping my dad during his nascar races . do you watch ?,3,0,
1663,tiage_dial_108,6,agent,"no i do not watch , i listen to music and play video games",3,0,
1664,tiage_dial_108,7,user,my favorite game is call of duty . what about you ?,3,0,
1665,tiage_dial_108,8,agent,"same here , its an awesome game",3,0,
1666,tiage_dial_108,9,user,"totally ! i deliver the mail , but sometimes drive crazy .",3,0,
1667,tiage_dial_108,10,agent,yeah is that your job that you do ?,3,0,
1668,tiage_dial_108,11,user,"yeah , i deliver the mail . it pays well but the holiday hours are rough .",3,0,
1669,tiage_dial_108,12,agent,that is cool . i work at an insurance company,3,0,
1670,tiage_dial_108,13,user,what kind of insurance ? maybe you can help me .,3,0,
1671,tiage_dial_108,14,agent,health insurance helping old folks with their policy,3,0,
1672,tiage_dial_108,15,user,i need new car insurance . my favorite grey car was hit .,3,0,
1673,tiage_dial_108,16,user,ouch that reminds me of my car insurance .,3,1,
1674,tiage_dial_109,1,user,hey . you want to go out sometime ? i cannot resist fish and chips !,0,1,
1675,tiage_dial_109,2,agent,"greetings , i like fish , not chips , what is your trabajo ? work",1,0,
1676,tiage_dial_109,3,user,i am a college student . art major .,1,0,
1677,tiage_dial_109,4,agent,"i am unable to go out , too busy studying , lots on my plate , art ? i like music",1,0,
1678,tiage_dial_109,5,user,"cool . speaking of plates , i do love making paella",1,1,
1679,tiage_dial_109,6,agent,"who is your favorite artist ? mine is wagner , do you speak espanol ? love paella !",2,0,
1680,tiage_dial_109,7,user,no spanish . which is surprising for a descendant of christopher columbus !,2,0,
1681,tiage_dial_109,8,agent,"you love food ! all i do is study , spanish now , french next , in between music",2,1,
1682,tiage_dial_109,9,user,i try to visit europe twice yearly . you should come with me then !,3,0,
1683,tiage_dial_109,10,agent,"no time for travel . i hate flying , could we go on a boat ?",3,0,
1684,tiage_dial_109,11,user,i wish i could . i will have sea sickness if i did .,3,0,
1685,tiage_dial_109,12,agent,"i could study , listen to music and go to europe , you could eat . lol",3,0,
1686,tiage_dial_109,13,user,i like where your mind is going !,3,0,
1687,tiage_dial_109,14,user,"take medicine , sounds fun , let us go ? you pay , okay ?",3,1,
1688,tiage_dial_110,1,user,i live on cloud nine .,0,0,
1689,tiage_dial_110,2,agent,"i am learning spanish in school ,",0,0,
1690,tiage_dial_110,3,user,i have a superpower and know all languages .,0,0,
1691,tiage_dial_110,4,agent,that is super cool . i love the spanish word trabajo,0,0,
1692,tiage_dial_110,5,user,that means work and i do not like work .,0,1,
1693,tiage_dial_110,6,agent,why is that ? i am also a musician,1,0,
1694,tiage_dial_110,7,user,"i am a lonely , weird little girl .",1,0,
1695,tiage_dial_110,8,agent,well why do you feel so lonely ?,1,0,
1696,tiage_dial_110,9,user,i can make time stop .,1,0,
1697,tiage_dial_110,10,agent,well that is cool what is the secret to making time stop ?,1,0,
1698,tiage_dial_110,11,user,that is a great question nobody has asked me before .,1,0,
1699,tiage_dial_110,12,agent,i am also studying other different languages as well .,1,0,
1700,tiage_dial_110,13,user,which others ? i like different languages but my favorite is english .,1,0,
1701,tiage_dial_110,14,agent,english is not so hard to speak,1,0,
1702,tiage_dial_110,15,user,it is hard to learn if your not born with it .,1,0,
1703,tiage_dial_110,16,user,i had to learn how to do it .,1,1,
1704,tiage_dial_111,1,user,hello how are you doing tonight ?,0,0,
1705,tiage_dial_111,2,agent,i have a doll . her name is susie .,0,0,
1706,tiage_dial_111,3,user,i have a cat . her name is spook .,0,0,
1707,tiage_dial_111,4,agent,i have a turtle . his name is shelly . hehe,0,0,
1708,tiage_dial_111,5,user,do you have a lot of pets ?,0,0,
1709,tiage_dial_111,6,agent,no . just a turtle . i have lots of toys .,0,1,
1710,tiage_dial_111,7,user,are you a little kid ?,1,0,
1711,tiage_dial_111,8,agent,i am almost five . i am not little !,1,1,
1712,tiage_dial_111,9,user,wow you are right ! do you like pizza like i do ?,2,0,
1713,tiage_dial_111,10,agent,"i love pizza . my best friend , lucy , her mommy cooks pizza",2,0,
1714,tiage_dial_111,11,user,i bet you do not like black olives on it though ! that is my favorite topping,2,0,
1715,tiage_dial_111,12,agent,i like cheese pizza . olives are yucky .,2,0,
1716,tiage_dial_111,13,user,i work at the store where they sell olives and pizza ! its a grocery store,2,0,
1717,tiage_dial_111,14,agent,do you get free pizza ? do they make you eat olives ?,2,0,
1718,tiage_dial_111,15,user,i can get free pizza but i can choose if i want the olives or not,2,1,
1719,tiage_dial_111,16,agent,mommy is mad . i did not pick up my toys .,3,0,
1720,tiage_dial_111,17,user,uh oh you better go do that,3,0,
1721,tiage_dial_111,18,agent,bye . thanks for talking to me . susie says bye too .,3,0,
1722,tiage_dial_111,19,user,bye bye ! have a nice night,3,0,
1723,tiage_dial_111,20,user,uh oh . shelly is running away .,3,1,
1724,tiage_dial_112,1,user,"hello , what are you doing ?",0,0,
1725,tiage_dial_112,2,agent,i am doing good . how are you ?,0,0,
1726,tiage_dial_112,3,user,i am good . i am eating leftovers .,0,1,
1727,tiage_dial_112,4,agent,"cool , i am eating donuts . what do you do ?",1,0,
1728,tiage_dial_112,5,user,i am retired . how about you ?,1,0,
1729,tiage_dial_112,6,agent,i am of video game tester for call of duty . what did you do ?,1,0,
1730,tiage_dial_112,7,user,i am yoga instructor . what is call of duty ?,1,0,
1731,tiage_dial_112,8,agent,it is a war based video game .,1,0,
1732,tiage_dial_112,9,user,that sounds like a lot of fun .,1,0,
1733,tiage_dial_112,10,agent,"it is , almost as fun live action roleplay on the weekends .",1,1,
1734,tiage_dial_112,11,user,i like watching war movies .,2,1,
1735,tiage_dial_112,12,agent,i do not but i did enjoy hacksaw ridge . are you married ?,3,0,
1736,tiage_dial_112,13,user,yes i am married to my wife of 32 years .,3,0,
1737,tiage_dial_112,14,agent,that is amazing . i can not wait to meet the woman i could spend forever with .,3,0,
1738,tiage_dial_112,15,user,it is a great thing . i met her at school .,3,0,
1739,tiage_dial_112,16,user,what school did you go too ?,3,1,
1740,tiage_dial_113,1,user,i love cats and have five of them .,0,1,
1741,tiage_dial_113,2,agent,cats are nice . how old are you ?,1,0,
1742,tiage_dial_113,3,user,old enough to work in the construction field . you ?,1,0,
1743,tiage_dial_113,4,agent,"i am 68 , been retired for a few years now .",1,0,
1744,tiage_dial_113,5,user,great . what did you work and retire from ?,1,0,
1745,tiage_dial_113,6,agent,i was a tailor . these days i spend a lot of time at the casino,1,0,
1746,tiage_dial_113,7,user,ahh . my father taught me everything i know but not how to gamble .,1,1,
1747,tiage_dial_113,8,agent,its probably for the best . i also enjoy mowing the lawn on a beautiful day,2,1,
1748,tiage_dial_113,9,user,do you have a pet cat or dog ?,3,0,
1749,tiage_dial_113,10,agent,no not anymore . do you ?,3,0,
1750,tiage_dial_113,11,user,i have 5 cats that i love like humans,3,0,
1751,tiage_dial_113,12,agent,animals are better friends than humans .,3,0,
1752,tiage_dial_113,13,user,sometimes and they are always happy to see you come in the door .,3,1,
1753,tiage_dial_113,14,user,"it such a nice day today , thinking about starting the grill",4,1,
1754,tiage_dial_114,1,user,hello how are you today ?,0,0,
1755,tiage_dial_114,2,agent,"not much , just came back from iraq . you ?",0,0,
1756,tiage_dial_114,3,user,"wow , i am an olympic athlete and won a gold medal !",0,0,
1757,tiage_dial_114,4,agent,"congrats ! i am in the canadian army , served for 5 years .",0,1,
1758,tiage_dial_114,5,user,good for you ! i love garlic bread and italian food !,1,0,
1759,tiage_dial_114,6,agent,i worked at an italian restaurant after i left high school .,1,0,
1760,tiage_dial_114,7,user,nice ! did you eat pizza all the time,1,0,
1761,tiage_dial_114,8,agent,"yeah , i used to make it for my grandfather , he served in ww2 .",1,0,
1762,tiage_dial_114,9,user,wow ! a rich history of serving countries !,1,0,
1763,tiage_dial_114,10,agent,yeah my whole family is part of the military and we all enjoy cooking !,1,1,
1764,tiage_dial_114,11,user,"cool , i just really like to do gymnastics",2,0,
1765,tiage_dial_114,12,agent,that is cool ! are you going pro or you are doing it just as a workout ?,2,0,
1766,tiage_dial_114,13,user,just as a workout ! i do for 4 hours a day,2,0,
1767,tiage_dial_114,14,user,sorry i have to go right now ! my wife and kids are back home . see ya !,2,1,
1768,tiage_dial_115,1,user,hello ! how is your day going ?,0,0,
1769,tiage_dial_115,2,agent,"hey ! after the meal i just had , my day is going great , thanks !",0,0,
1770,tiage_dial_115,3,user,i just got finished feeding my fish .,0,0,
1771,tiage_dial_115,4,agent,"ooooh , what kind of fish do you have ?",0,0,
1772,tiage_dial_115,5,user,i have a piranha . i was just feeding him pieces of my ex boyfriend .,0,0,
1773,tiage_dial_115,6,agent,lol ! you are funny ! i fed myself pieces of hamburger and fries !,0,0,
1774,tiage_dial_115,7,user,hamburgers are the best ! i had one yesterday for my 18th .,0,0,
1775,tiage_dial_115,8,agent,hope it was especially yummy for you ! and happy belated birthday !,0,1,
1776,tiage_dial_115,9,user,thank you ! do you like nature walks ?,1,0,
1777,tiage_dial_115,10,agent,"i like walking , period ! but yes , especially nature walks . how about you ?",1,0,
1778,tiage_dial_115,11,user,i enjoy hiking and watching the sun . the best is when the sun is orange .,1,1,
1779,tiage_dial_115,12,agent,the sun is magical and divine like that . my boyfriend is a sun gazer .,2,0,
1780,tiage_dial_115,13,user,my boyfriend used to gaze at other,2,0,
1781,tiage_dial_115,14,agent,he used to gaze at other what ?,2,0,
1782,tiage_dial_115,15,user,other things . that is why i broke up with him a couple months ago .,2,0,
1783,tiage_dial_115,16,user,"oh dear , i am sorry . totally his loss .",2,1,
1784,tiage_dial_116,1,user,hi there how are you doing ?,0,0,
1785,tiage_dial_116,2,agent,hi . i am not doing well . my family does not support my choice of career .,0,0,
1786,tiage_dial_116,3,user,really why is that ? mine does not get me for being a vegetarian,0,0,
1787,tiage_dial_116,4,agent,i want to work for a watch dealer and i like to shop for watches and shoes .,0,0,
1788,tiage_dial_116,5,user,well if that is what makes you happy go for it,0,0,
1789,tiage_dial_116,6,agent,i really enjoy shopping and my dream is to one day own a rolls royce ghost .,0,1,
1790,tiage_dial_116,7,user,wow i enjoy running over driving,1,0,
1791,tiage_dial_116,8,agent,running is also quite lovely . breathing in the lovely outside air .,1,0,
1792,tiage_dial_116,9,user,yes it is is it clears my head when i need to as well,1,0,
1793,tiage_dial_116,10,agent,"yes , and it also helps with depression i have found .",1,0,
1794,tiage_dial_116,11,user,yes i wish i knew that before when i was a teenager,1,0,
1795,tiage_dial_116,12,agent,"me too , it is good to know . spread the word to others . better than any medication .",1,0,
1796,tiage_dial_116,13,user,yes it is i never thought about it but i just might thanks for the idea,1,0,
1797,tiage_dial_116,14,agent,no problem . always here to help a friend .,1,1,
1798,tiage_dial_116,15,user,so what else do you like to do on your spare time ?,2,0,
1799,tiage_dial_116,16,user,"oh , i like to spend time with my cat , nelly .",2,1,
1800,tiage_dial_117,1,user,"good evening , i heard you like horses can you tell me what kind",0,1,
1801,tiage_dial_117,2,agent,how are you doing today ?,1,0,
1802,tiage_dial_117,3,user,i am doing excellent . i would love to know more about your horses . i love horses,1,0,
1803,tiage_dial_117,4,agent,i have one named charlie its just a pony,1,0,
1804,tiage_dial_117,5,user,oh that is a good name for a pony . what do they eat ?,1,0,
1805,tiage_dial_117,6,agent,his and mine s favorite little snack is pizza,1,0,
1806,tiage_dial_117,7,user,really ! i did not know that pony eats pizza . that is really a fun fact,1,0,
1807,tiage_dial_117,8,agent,he loves it do you have any pets ?,1,0,
1808,tiage_dial_117,9,user,i have a horse also named coco,1,1,
1809,tiage_dial_117,10,agent,that is actually my nickname for my honda civic that is brown,2,1,
1810,tiage_dial_117,11,user,oh yeah ! that is awesome . what do you like to do for fun ?,3,0,
1811,tiage_dial_117,12,agent,i like music and what about you ?,3,0,
1812,tiage_dial_117,13,user,i love music ? it is very relaxing . what kind of music do you listen to ?,3,0,
1813,tiage_dial_117,14,agent,i work with a few different artists,3,0,
1814,tiage_dial_117,15,user,oh yeah but what kind of music do you like to listen to ?,3,0,
1815,tiage_dial_117,16,user,mainly country and you ?,3,1,
1816,tiage_dial_118,1,user,"hi , how are you doing today ?",0,0,
1817,tiage_dial_118,2,agent,i am really great . just got home from a ride on my bike .,0,0,
1818,tiage_dial_118,3,user,"me too , i am a custodian in the daytime and a singer at night .",0,0,
1819,tiage_dial_118,4,agent,i am a waitress . it works but i wish i could make more money .,0,1,
1820,tiage_dial_118,5,user,"same here , i sing folk music and play the guitar , what do you like ?",1,0,
1821,tiage_dial_118,6,agent,my favorite thing is to ride my motorcycle . i do not even have a car .,1,0,
1822,tiage_dial_118,7,user,"when i make it big one day , i will buy the car of my dreams",1,1,
1823,tiage_dial_118,8,agent,what do you look like ?,2,0,
1824,tiage_dial_118,9,user,i am 19 years old and have long black hair . so i still live with my parents .,2,0,
1825,tiage_dial_118,10,agent,i have pale skin and large brown eyes . and i wear my bike helmet all the time .,2,0,
1826,tiage_dial_118,11,user,"sine i live with my parents they want me to finish school , i want to sing .",2,0,
1827,tiage_dial_118,12,agent,what kind of music if your favorite to sing ?,2,0,
1828,tiage_dial_118,13,user,folk music and i like to play the piano and guitar as well .,2,0,
1829,tiage_dial_118,14,agent,i wish i could play instruments . i am not very musically inclined .,2,0,
1830,tiage_dial_118,15,user,folk music and i like to play the piano and guitar as well .,2,0,
1831,tiage_dial_118,16,user,i like rock music the most,2,1,
1832,tiage_dial_119,1,user,how are you doing this fine evening ?,0,0,
1833,tiage_dial_119,2,agent,"i am well , retired and living my best life ! how about you ?",0,0,
1834,tiage_dial_119,3,user,that is really great . i design video games,0,0,
1835,tiage_dial_119,4,agent,that sounds great . my grandkids would love that !,0,0,
1836,tiage_dial_119,5,user,it is great . they should check out my game starcraft .,0,1,
1837,tiage_dial_119,6,agent,i will mention it to them . do you have any hobbies ?,1,0,
1838,tiage_dial_119,7,user,i like to keep to myself . i am a recluse .,1,0,
1839,tiage_dial_119,8,agent,i understand . i sew my own clothes so i could probably be a recluse too .,1,0,
1840,tiage_dial_119,9,user,i like to make things too . i am working on a robot,1,0,
1841,tiage_dial_119,10,agent,that sounds very complicated . i hope it turns out well .,1,0,
1842,tiage_dial_119,11,user,i want to use it as a body double,1,0,
1843,tiage_dial_119,12,agent,like an avatar or something ?,1,0,
1844,tiage_dial_119,13,user,yes ! that is going to be amazing,1,0,
1845,tiage_dial_119,14,agent,i think it will be great !,1,0,
1846,tiage_dial_119,15,user,so what else do you do ?,1,0,
1847,tiage_dial_119,16,user,"well , i did have cancer , but it is gone now .",1,1,
1848,tiage_dial_120,1,user,"hi , how are you tonight ?",0,0,
1849,tiage_dial_120,2,agent,i am very well ! i just dyed my hair rainbow,0,0,
1850,tiage_dial_120,3,user,that sounds amazing . i am filling out a match profile .,0,0,
1851,tiage_dial_120,4,agent,how is that going ? i am too old to date,0,0,
1852,tiage_dial_120,5,user,my dad keeps setting up blind dates for me . old ?,0,0,
1853,tiage_dial_120,6,agent,sounds fun ! i am too old to say .,0,0,
1854,tiage_dial_120,7,user,you are old with rainbow hair ? that is unusual .,0,0,
1855,tiage_dial_120,8,agent,yes i am an animal rights worker i am very trendy,0,0,
1856,tiage_dial_120,9,user,he keeps sending random guys to the gas station where i work .,0,0,
1857,tiage_dial_120,10,agent,that is scary that would depress me,0,1,
1858,tiage_dial_120,11,user,are you a hippie ? like those nudist colony folk ?,1,0,
1859,tiage_dial_120,12,agent,i used to be . now i just like to watch birds with my kitties,1,0,
1860,tiage_dial_120,13,user,your kitties like birds ? do not they try to snatch them ?,1,0,
1861,tiage_dial_120,14,agent,sometimes yes . i have to stop them haha,1,0,
1862,tiage_dial_120,15,user,i mean where i come from kitties do not play with birds .,1,0,
1863,tiage_dial_120,16,user,why not ? they must want to eat them,1,1,
1864,tiage_dial_121,1,user,hello how are you today ?,0,0,
1865,tiage_dial_121,2,agent,i am good how are you ?,0,0,
1866,tiage_dial_121,3,user,"i am pretty good , i am a buddhist",0,1,
1867,tiage_dial_121,4,agent,nice ! are you married ? because i am gong to be in the spring,1,0,
1868,tiage_dial_121,5,user,"no i am lonely , i cant speak since three months ago",1,0,
1869,tiage_dial_121,6,agent,oh wow ! what happened ? 3 months ago was my 24th birthday,1,0,
1870,tiage_dial_121,7,user,because i pursued my spirituality,1,0,
1871,tiage_dial_121,8,agent,"oh , i pursue my personality by working with my kindergarten students",1,0,
1872,tiage_dial_121,9,user,that is good . i do meditation,1,0,
1873,tiage_dial_121,10,agent,"cool , i relax by going out for dinner with my friends",1,1,
1874,tiage_dial_121,11,user,i do to . when are you getting married ?,2,0,
1875,tiage_dial_121,12,agent,"in april , its a spring wedding ! i am so excited !",2,1,
1876,tiage_dial_121,13,user,"i hope you have a good time , where are you from",3,0,
1877,tiage_dial_121,14,agent,"thank you , and i am from the galapagos islands",3,0,
1878,tiage_dial_121,15,user,"i heard its nice there , i am from chicago illinois",3,1,
1879,tiage_dial_121,16,agent,"nice , are you a chicago cubs fan ?",4,0,
1880,tiage_dial_121,17,user,no i am a sox fan,4,0,
1881,tiage_dial_121,18,user,"oh cool , do u think they will beat the astros tomorrow",4,1,
1882,tiage_dial_122,1,user,how are you doing today,0,0,
1883,tiage_dial_122,2,agent,"hello , i am doing very well , thank you . i am getting married soon .",0,0,
1884,tiage_dial_122,3,user,that sounds great . i want to get married to eric .,0,0,
1885,tiage_dial_122,4,agent,who is eric ? i am hoping taylor swift will agree to sing at my wedding .,0,0,
1886,tiage_dial_122,5,user,off of the fishy movie,0,1,
1887,tiage_dial_122,6,agent,i do not think i have ever seen it . how old are you ?,1,0,
1888,tiage_dial_122,7,user,four and two quarters and a penny,1,0,
1889,tiage_dial_122,8,agent,lol . that is awesome . i am so going to use that in a snapchat .,1,0,
1890,tiage_dial_122,9,user,what is snapchat ? a barbie ?,1,0,
1891,tiage_dial_122,10,agent,social media site . like a cross between facebook messenger and face time .,1,0,
1892,tiage_dial_122,11,user,my mom has facebook and it has pictures,1,1,
1893,tiage_dial_122,12,agent,it sure does . do you like legos ?,2,0,
1894,tiage_dial_122,13,user,yes . what color do you like,2,0,
1895,tiage_dial_122,14,agent,"i love purple , what is your favorite ?",2,0,
1896,tiage_dial_122,15,user,i like red and pink and blue,2,0,
1897,tiage_dial_122,16,user,those are pretty colors as well . i like yellow .,2,1,
1898,tiage_dial_123,1,user,"hello , how are you today ?",0,0,
1899,tiage_dial_123,2,agent,exhausted driving my five boys around in the mini van everywhere all day .,0,0,
1900,tiage_dial_123,3,user,"wow , i am in prison right now",0,0,
1901,tiage_dial_123,4,agent,oh no ! what happened ?,0,0,
1902,tiage_dial_123,5,user,i was caught shoplifting at walmart,0,0,
1903,tiage_dial_123,6,agent,hope you learn from that . i could really use a glass of wine tonight !,0,0,
1904,tiage_dial_123,7,user,"cool , but i am going to be released in a month",0,0,
1905,tiage_dial_123,8,agent,glad to hear it . we could meet for coffee my favorite is pumpkin flavor .,0,0,
1906,tiage_dial_123,9,user,me too ! ! ! except i am in a detention center for juveniles,0,1,
1907,tiage_dial_123,10,agent,"oh you are very young , i am a baseball coach . ever think of playing ?",1,0,
1908,tiage_dial_123,11,user,i would love to but i am old,1,1,
1909,tiage_dial_123,12,agent,ok . i am with a little league . have any hobbies to keep you busy ?,2,0,
1910,tiage_dial_123,13,user,yeah i like to count the freckles on my arm,2,0,
1911,tiage_dial_123,14,agent,that sounds different . maybe read some good books .,2,0,
1912,tiage_dial_123,15,user,i do not have any books though,2,0,
1913,tiage_dial_123,16,user,"i could send you some , my boys have many books . where are you located ?",2,1,
1914,tiage_dial_124,1,user,hi there . how goes it ?,0,0,
1915,tiage_dial_124,2,agent,hey ! ! so i have a house warming party for my new apartment with my buddy tomorrow !,0,0,
1916,tiage_dial_124,3,user,that is cool . i hope that you have a great time !,0,0,
1917,tiage_dial_124,4,agent,i am just hoping no one brings chicken ! that stuff makes me harf !,0,0,
1918,tiage_dial_124,5,user,lol . . . i love chicken . i will be eating pizza with an artist i represent and my dog charlie .,0,1,
1919,tiage_dial_124,6,agent,cool ! so what do you do for a living ? i am a bartender through college .,1,0,
1920,tiage_dial_124,7,user,i produce music for a handful of rap artists . as well as eat a lot of pizza !,1,0,
1921,tiage_dial_124,8,agent,just do not eat too much ! i am going to be a nurse . i would know .,1,0,
1922,tiage_dial_124,9,user,"to be honest , it is pretty much all i eat . . .",1,0,
1923,tiage_dial_124,10,agent,rebel ! you must have a crazy high metabolism .,1,0,
1924,tiage_dial_124,11,user,i guess so . i have been 175 pounds for well over 10 years .,1,0,
1925,tiage_dial_124,12,agent,geez . i am 320 . i hate my body . and i eat under 1800 cals a day .,1,0,
1926,tiage_dial_124,13,user,what is the saying . . . big is beautiful ?,1,0,
1927,tiage_dial_124,14,agent,big is unhealthy . it is not fun .,1,0,
1928,tiage_dial_124,15,user,aww . i am sure all will turn out well for you .,1,0,
1929,tiage_dial_124,16,user,hopefully i will learn stuff in nursing school .,1,1,
1930,tiage_dial_125,1,user,"hi there , tell me about yourself",0,0,
1931,tiage_dial_125,2,agent,hi my name is katie i was born in 1982 . what about you ?,0,0,
1932,tiage_dial_125,3,user,hi katie . i just got a job at a gas station and love gardening,0,1,
1933,tiage_dial_125,4,agent,that is awesome ! i love to garden too ! what kind of music do you like ?,1,0,
1934,tiage_dial_125,5,user,i prefer rock . how about you ?,1,0,
1935,tiage_dial_125,6,agent,"i like hip hop , new kids on the block is my favorite .",1,0,
1936,tiage_dial_125,7,user,do you like clowns ? they horrify me !,1,0,
1937,tiage_dial_125,8,agent,no ! my favorite toy as a kid was lite brite because i was so scared !,1,0,
1938,tiage_dial_125,9,user,my father keeps setting me up on blind dates . so frustrating !,1,0,
1939,tiage_dial_125,10,agent,that would be frustrating ! have you gone on any ?,1,0,
1940,tiage_dial_125,11,user,just one and i was done ! i was adopted when i was young,1,0,
1941,tiage_dial_125,12,agent,your father must love you ! how did knowing you were adopted affect you ?,1,0,
1942,tiage_dial_125,13,user,i was adopted by an older couple . they love me .,1,1,
1943,tiage_dial_125,14,agent,amazing ! do you have any hobbies ?,2,0,
1944,tiage_dial_125,15,user,i like working with my hands . woodworking etc . you ?,2,0,
1945,tiage_dial_125,16,user,what is the coolest thing you have ever made ? i like to go to concerts .,2,1,
1946,tiage_dial_126,1,user,hello how are you today ?,0,0,
1947,tiage_dial_126,2,agent,"hi , my husband is old and adopted . i love coloring farms in books .",0,0,
1948,tiage_dial_126,3,user,ok that is random . i have never been an artist type,0,0,
1949,tiage_dial_126,4,agent,great ! i live on a farm with a dog named trump who watches hockey .,0,0,
1950,tiage_dial_126,5,user,i do not care for dogs . i am waiting for retirement,0,0,
1951,tiage_dial_126,6,agent,good luck with retirement . my dog trump is a german shepherd .,0,1,
1952,tiage_dial_126,7,user,thanks if only retirement will come faster . what do you do for a living ?,1,0,
1953,tiage_dial_126,8,agent,actor . i adopted a dog and a husband in the same year .,1,0,
1954,tiage_dial_126,9,user,oh acting that sounds fun . sounds like you went through some big life events,1,0,
1955,tiage_dial_126,10,agent,i did ! i got rid of my husband and kept the dog .,1,0,
1956,tiage_dial_126,11,user,well at least some good came out of it . hope everything is well for you,1,0,
1957,tiage_dial_126,12,agent,it is ! we farm and watch hockey where i live . what about you ?,1,0,
1958,tiage_dial_126,13,user,i am not a big fan of sports but i do like to travel quite a lot,1,0,
1959,tiage_dial_126,14,user,that is cool ! i color in books to settle my nerves .,1,1,
1960,tiage_dial_127,1,user,hello ! how are you today ?,0,0,
1961,tiage_dial_127,2,agent,i am good but missing having family connections,0,0,
1962,tiage_dial_127,3,user,sorry to hear that . i tend to cope with tea .,0,0,
1963,tiage_dial_127,4,agent,i like eating papaya when i am sad,0,1,
1964,tiage_dial_127,5,user,"i have a library in my house , i like to read books while drinking tea .",1,0,
1965,tiage_dial_127,6,agent,when i try to read i say to myself farmer george no time for reading,1,0,
1966,tiage_dial_127,7,user,"haha . if you ever want to visit me , i have a beautiful rose garden .",1,0,
1967,tiage_dial_127,8,agent,my bees would love your roses,1,1,
1968,tiage_dial_127,9,user,are you a bee keeper ?,2,1,
1969,tiage_dial_127,10,agent,yes i am . would you believe farmer george is married to an italian model ?,3,0,
1970,tiage_dial_127,11,user,fantastic ! good for you . that is wonderful,3,1,
1971,tiage_dial_127,12,agent,thank you ! what do you do for fun ?,4,0,
1972,tiage_dial_127,13,user,i tend my rose garden and read books . i am deaf in one ear,4,0,
1973,tiage_dial_127,14,agent,as long as you can hear out of one its all good right ?,4,0,
1974,tiage_dial_127,15,user,i make do . what about you ? what do you do for fun ?,4,0,
1975,tiage_dial_127,16,agent,well i sure do not talk to my family since they hate me now,4,0,
1976,tiage_dial_127,17,user,that is terrible i am sorry . why do they hate you ?,4,0,
1977,tiage_dial_127,18,agent,i married magdalena the model and she is the same age as my daughter,4,0,
1978,tiage_dial_127,19,user,that is crazy ! how can they hate you if its true love ?,4,0,
1979,tiage_dial_127,20,agent,they think i am only with her for her looks,4,0,
1980,tiage_dial_127,21,user,"very sad . but you love her , right ?",4,0,
1981,tiage_dial_127,22,agent,i sure do . we were meant to be,4,0,
1982,tiage_dial_127,23,user,true love is the strongest magic . i hope your family can understand someday .,4,0,
1983,tiage_dial_127,24,agent,thank you . i hope you are right !,4,0,
1984,tiage_dial_127,25,user,i hope so too ! it was nice talking to you,4,0,
1985,tiage_dial_127,26,user,you too ! best wishes to you,4,1,
1986,tiage_dial_128,1,user,i go dancing on the weekends,0,0,
1987,tiage_dial_128,2,agent,me too . i love music .,0,1,
1988,tiage_dial_128,3,user,the color orange does not suite me at all . what about you ?,1,0,
1989,tiage_dial_128,4,agent,i have short blonde hair so it actually works for me,1,1,
1990,tiage_dial_128,5,user,"that is awesome . i studied chemistry , yet work in a bookstore",2,0,
1991,tiage_dial_128,6,agent,i work at a grocery store but i want to be a fashion designer .,2,1,
1992,tiage_dial_128,7,user,that is awesome ! ! i have a dog who competes and takes dog agility classes,3,0,
1993,tiage_dial_128,8,agent,wow that is impressive . i wish i had a dog,3,1,
1994,tiage_dial_128,9,user,yeah we have lots of ribbons . i am not big on fashion,4,0,
1995,tiage_dial_128,10,agent,i live for ruffles and leggings !,4,0,
1996,tiage_dial_128,11,user,yeah i do not always wear leggings unless i am going out in the cold,4,1,
1997,tiage_dial_128,12,agent,do you live somewhere cold ?,5,0,
1998,tiage_dial_128,13,user,i do not . i am in new mexico how about you ?,5,0,
1999,tiage_dial_128,14,agent,i live in north carolina but i want to live in new york .,5,1,
2000,tiage_dial_128,15,user,do you plan on moving to new york ?,6,0,
2001,tiage_dial_128,16,user,maybe someday . maybe i will be a fitness trainer there .,6,1,
2002,tiage_dial_129,1,user,hello ! how are you tonight ?,0,0,
2003,tiage_dial_129,2,agent,"hey there , i am doing pretty well , you ?",0,0,
2004,tiage_dial_129,3,user,"i am doing great ! i just got a new job . not glorious , but it pays the bills .",0,0,
2005,tiage_dial_129,4,agent,"i just started my new job two days ago , so same here . nothing i am proud of",0,0,
2006,tiage_dial_129,5,user,"still , that is great ! what do you do ?",0,0,
2007,tiage_dial_129,6,agent,"i just started at what a burger , not sure my position yet , only worked two days",0,0,
2008,tiage_dial_129,7,user,"i have never worked in fast food , but i do love burgers !",0,1,
2009,tiage_dial_129,8,agent,"fast food , is miserable will not lie . my father wanted me to take over his construction company",1,0,
2010,tiage_dial_129,9,user,"my parents never owned much , but there was never a shortage of love .",1,0,
2011,tiage_dial_129,10,agent,"my father could not show love , so i grew up with a lot of materialistic items",1,0,
2012,tiage_dial_129,11,user,"my natural parents could not show love either . i am adopted , you see .",1,0,
2013,tiage_dial_129,12,agent,"well , maybe it was more than just lack of love",1,0,
2014,tiage_dial_129,13,user,i am sorry to hear that you grew up like that .,1,1,
2015,tiage_dial_129,14,agent,"it happens , do you have any hobbies ?",2,0,
2016,tiage_dial_129,15,user,"yeah , i love getting outside in my garden . what about you ?",2,0,
2017,tiage_dial_129,16,user,i take as much time off as i can to go mountain biking,2,1,
2018,tiage_dial_130,1,user,how are you doing today,0,0,
2019,tiage_dial_130,2,agent,"i am alright , living the great retired life . what about you ?",0,0,
2020,tiage_dial_130,3,user,i work in an office,0,1,
2021,tiage_dial_130,4,agent,that must be interesting . do you need a smartphone for that ? i do not have one .,1,0,
2022,tiage_dial_130,5,user,you do not . they provide everything,1,1,
2023,tiage_dial_130,6,agent,that does not sound too bad . do you know how to sew ?,2,0,
2024,tiage_dial_130,7,user,i want to learn but i am not sure,2,0,
2025,tiage_dial_130,8,agent,you should learn ! i can make all of my own clothes .,2,0,
2026,tiage_dial_130,9,user,that would save a lot of money,2,1,
2027,tiage_dial_130,10,agent,"it sure does , and i needed it for my cancer treatments .",3,0,
2028,tiage_dial_130,11,user,i am sorry about that,3,0,
2029,tiage_dial_130,12,agent,"no worries , it is gone now , and i had the support of my kids and grandkids .",3,1,
2030,tiage_dial_130,13,user,it sounds like you have a big family,4,0,
2031,tiage_dial_130,14,agent,i sure do . do you have a big family ?,4,0,
2032,tiage_dial_130,15,user,i have four siblings and two loving parents,4,0,
2033,tiage_dial_130,16,user,"wow , four siblings . that sure is a lot . must have been busy growing up",4,1,
2034,tiage_dial_131,1,user,"hi how are you ? also , what are some of your interests ?",0,0,
2035,tiage_dial_131,2,agent,i am well . i am a homebody that spends a lot of time at work .,0,0,
2036,tiage_dial_131,3,user,i particularly enjoy browsing the web myself . i also love solar technology !,0,0,
2037,tiage_dial_131,4,agent,i have to try to save money . care sales always change . i hate it .,0,0,
2038,tiage_dial_131,5,user,i try to save money by eating only organic food . really helps my health !,0,0,
2039,tiage_dial_131,6,agent,we eat out a lot . my wife hates cooking and i work so late sometimes,0,0,
2040,tiage_dial_131,7,user,i love eating out ! i have a favorite organic cafe i eat at .,0,0,
2041,tiage_dial_131,8,agent,when you are forty years old . you do not really care what it is . just eat it,0,0,
2042,tiage_dial_131,9,user,that is true . the older you get the less it matters .,0,0,
2043,tiage_dial_131,10,agent,"yeah , been married for 20 years and can not manage to save a dime from work .",0,1,
2044,tiage_dial_131,11,user,i try to save . it is hard sometimes though . i like shoes too much .,1,0,
2045,tiage_dial_131,12,agent,you and my wife both . she has a closet full .,1,0,
2046,tiage_dial_131,13,user,would you consider yourself a feminist ? i am for sure .,1,0,
2047,tiage_dial_131,14,agent,"i keep an open mind . everyone works for a living , some manage better than others .",1,1,
2048,tiage_dial_131,15,user,i agree with that idea . do you like twitter ? it is my favorite !,2,0,
2049,tiage_dial_131,16,user,i do all my car advertising on facebook . i have not really tried twitter,2,1,
2050,tiage_dial_132,1,user,hi i am tom i work as a indie wrestler,0,0,
2051,tiage_dial_132,2,agent,hi how are you today ? i like to walk .,0,0,
2052,tiage_dial_132,3,user,i am good i like people i volunteer to help local shelters,0,0,
2053,tiage_dial_132,4,agent,that is nice of you . i deliver babies so i am a doctor .,0,0,
2054,tiage_dial_132,5,user,oh that is a good profession must make alot of money,0,1,
2055,tiage_dial_132,6,agent,it is a comfortable living . i like spending time with family .,1,0,
2056,tiage_dial_132,7,user,that is cool i do not have family these days,1,0,
2057,tiage_dial_132,8,agent,i am sorry to hear that . we used to go to disneyland together .,1,0,
2058,tiage_dial_132,9,user,i have never been there but saw the commercials before,1,0,
2059,tiage_dial_132,10,agent,it is alot of fun my favorite character is mickey mouse .,1,0,
2060,tiage_dial_132,11,user,i like goofy he is pretty cool,1,0,
2061,tiage_dial_132,12,agent,i like him also he is a trip .,1,1,
2062,tiage_dial_132,13,user,what do you have planned today ? i have to volunteer again tonight,2,0,
2063,tiage_dial_132,14,agent,no alot just spending time with my kids . that is nice to volunteer .,2,1,
2064,tiage_dial_132,15,user,oh that is cool i started a new show on netflix,3,1,
2065,tiage_dial_132,16,user,i like to read books also .,4,1,
2066,tiage_dial_133,1,user,good afternoon how are you doing ?,0,0,
2067,tiage_dial_133,2,agent,i am great ! just got in from a long walk .,0,0,
2068,tiage_dial_133,3,user,i do that in my spare time it is good excercise,0,0,
2069,tiage_dial_133,4,agent,it is . i live french fries and burgers so i need to exercise !,0,0,
2070,tiage_dial_133,5,user,lol well that is a good reason,0,1,
2071,tiage_dial_133,6,agent,"yes , where do you live ?",1,0,
2072,tiage_dial_133,7,user,i live in the sunny state of florida surrounded by my huge family,1,0,
2073,tiage_dial_133,8,agent,that is so nice ! i just bought a house in tennessee . do you like florida ?,1,0,
2074,tiage_dial_133,9,user,yes i love it my children are always around and my grandchildren are always over visiting,1,1,
2075,tiage_dial_133,10,agent,"that is wonderful . i am working on being healthier . no soda , just water !",2,0,
2076,tiage_dial_133,11,user,water is all i drink because i had medical issues three years ago,2,1,
2077,tiage_dial_133,12,agent,well it is good for you . do you have any pets ?,3,0,
2078,tiage_dial_133,13,user,yes i have a black lab who is constantly at my side,3,0,
2079,tiage_dial_133,14,agent,i am a huge dog lover ! i have a mutt i adopted from the shelter .,3,0,
2080,tiage_dial_133,15,user,awww yeah she is my therapy dog i had cancer three years ago,3,0,
2081,tiage_dial_133,16,user,i am sorry but glad that you have her !,3,1,
2082,tiage_dial_134,1,user,hello ! i just got back from a run . what are you up to today ?,0,0,
2083,tiage_dial_134,2,agent,hi ! i am thinking where to go next . i am traveling .,0,0,
2084,tiage_dial_134,3,user,that sounds exciting . what about somewhere that has great food ?,0,0,
2085,tiage_dial_134,4,agent,"that would be france , french food is the best . but i have been there , 5 times .",0,0,
2086,tiage_dial_134,5,user,wow that is a lot ! i only travel to go to marathons . i need to try france !,0,1,
2087,tiage_dial_134,6,agent,"are you an athlete ? i try to stay in shape , too .",1,0,
2088,tiage_dial_134,7,user,"i would say i am athletic , yes . however i just run and swim . nothing else",1,0,
2089,tiage_dial_134,8,agent,do you like swimming in the ocean ? i do .,1,0,
2090,tiage_dial_134,9,user,yes ! i go to the ocean when i do the la marathon each year .,1,1,
2091,tiage_dial_134,10,agent,"that is nice . i have a yacht , i love sailing it .",2,0,
2092,tiage_dial_134,11,user,a yacht ! that is awesome . i am impressed .,2,0,
2093,tiage_dial_134,12,agent,"thanks . i wish i could say i earned it . no , inherited .",2,0,
2094,tiage_dial_134,13,user,have you had it long ? i imagine it was hard to learn how to drive it,2,0,
2095,tiage_dial_134,14,agent,"about two years . i have a captain , so i do not drive it myself .",2,0,
2096,tiage_dial_134,15,user,did the captain come with the yacht ?,2,0,
2097,tiage_dial_134,16,user,"no , i had to hire one . the previous one was too old .",2,1,
2098,tiage_dial_135,1,user,"hi there , how are you",0,0,
2099,tiage_dial_135,2,agent,i am good . how are you ?,0,0,
2100,tiage_dial_135,3,user,i am pretty good . tell me about yourself ?,0,0,
2101,tiage_dial_135,4,agent,"well , i love shopping and pampering myself . i go to the spa a lot !",0,0,
2102,tiage_dial_135,5,user,sounds like fun . i personally like watching nascar racing and ufc,0,1,
2103,tiage_dial_135,6,agent,"i do not watch much television , but i love music . britney spears is my favorite .",1,0,
2104,tiage_dial_135,7,user,"britney spears is good but not my favorite , aerosmith is .",1,1,
2105,tiage_dial_135,8,agent,that is cool . what is your favorite food ?,2,0,
2106,tiage_dial_135,9,user,"mexican food is my favorite , whats yours ?",2,0,
2107,tiage_dial_135,10,agent,"i like mexican food , but i eat salads a lot to watch my diet .",2,1,
2108,tiage_dial_135,11,user,oh ok . whats your occupation,3,0,
2109,tiage_dial_135,12,agent,i am a professional model . how about you ?,3,1,
2110,tiage_dial_135,13,user,"i am a construction worker , do you travel a lot ?",4,0,
2111,tiage_dial_135,14,agent,i do . i love traveling to new exotic places .,4,0,
2112,tiage_dial_135,15,user,"i wish i could travel more , my job does not allow it much",4,0,
2113,tiage_dial_135,16,user,"it is fun , but gets tiresome . what else do you enjoy ?",4,1,
2114,tiage_dial_136,1,user,hi ! do you like purple and lime ?,0,0,
2115,tiage_dial_136,2,agent,they are ok ! blue is better than purple though .,0,0,
2116,tiage_dial_136,3,user,unless it is on your hair . mine is brown .,0,0,
2117,tiage_dial_136,4,agent,cool ! my hair is sweaty . i just got back from the gym .,0,0,
2118,tiage_dial_136,5,user,"ugh . when mine gets sweaty , the curls poof out .",0,0,
2119,tiage_dial_136,6,agent,my husband loves it when my hair poofs out .,0,0,
2120,tiage_dial_136,7,user,i have to use three products to straighten mine .,0,0,
2121,tiage_dial_136,8,agent,that is crazy ! i hope there are not any animal products in there .,0,0,
2122,tiage_dial_136,9,user,nope . my moms friend uses all vegan products .,0,0,
2123,tiage_dial_136,10,agent,"wow , that is great . i support that . i am actually vegetarian myself .",0,0,
2124,tiage_dial_136,11,user,i have been vegan since seventh grade .,0,0,
2125,tiage_dial_136,12,agent,that is so beneficial to the world and your health ! nice work .,0,0,
2126,tiage_dial_136,13,user,"yes , it is . my principal thinks there is something wrong with me .",0,0,
2127,tiage_dial_136,14,user,forget that . he probably has diabetes from all the burgers he eats .,0,1,
2128,tiage_dial_137,1,user,hello . how are you tonight ? i am doing great .,0,0,
2129,tiage_dial_137,2,agent,hi ! just enjoying the sun during vacation . i am at miami beach .,0,0,
2130,tiage_dial_137,3,user,i would love to take my wife and kids to the beach .,0,0,
2131,tiage_dial_137,4,agent,i am on a school trip . brought some 4th graders . i am their teacher .,0,0,
2132,tiage_dial_137,5,user,how many 9 year olds do you have with you ? my youngest is 9 .,0,0,
2133,tiage_dial_137,6,agent,"10 . after a swim , we are going to play monopoly . board games are the best !",0,0,
2134,tiage_dial_137,7,user,are you the only adult there ?,0,0,
2135,tiage_dial_137,8,agent,"my parents are helping , too . they used to teach .",0,0,
2136,tiage_dial_137,9,user,so you are not really on vacation .,0,0,
2137,tiage_dial_137,10,agent,"later this evening , i am sneaking away to catch up in concert . my fav !",0,0,
2138,tiage_dial_137,11,user,never heard of up . is that a musical group ?,0,0,
2139,tiage_dial_137,12,agent,a band . semi vacation . my favorite way to spend vacation is at the beach .,0,0,
2140,tiage_dial_137,13,user,"with 3 kids , it is great . with 10 , i would not go to great .",0,0,
2141,tiage_dial_137,14,agent,i will do anything to go to the beach ! and i love kids .,0,0,
2142,tiage_dial_137,15,user,i love kids too . almost as much as i like chocolate ice cream but not 10 .,0,0,
2143,tiage_dial_137,16,user,"oh , yummy ! sounds good right now !",0,1,
2144,tiage_dial_138,1,user,hello ! i finally turned 18 !,0,1,
2145,tiage_dial_138,2,agent,cool do you like pro wrestling or not .,1,0,
2146,tiage_dial_138,3,user,"i used to watch it with my boyfriend all the time , but we broke up .",1,0,
2147,tiage_dial_138,4,agent,"well that is to bad , i am a wrestler my self !",1,0,
2148,tiage_dial_138,5,user,that is neat ! i like old hogan because his uniform is my favorite color . . . orange !,1,0,
2149,tiage_dial_138,6,agent,cool i like him to . that is why i workout all the time !,1,0,
2150,tiage_dial_138,7,user,i have a fish that is orange and i named him hogan too !,1,1,
2151,tiage_dial_138,8,agent,speaking of fish i made some yesterday . while volunteering at the homeless shelter .,2,1,
2152,tiage_dial_138,9,user,no kidding ? i actually work at a shelter in seattle . do you hike,3,0,
2153,tiage_dial_138,10,agent,no ! but i would like too do so one day .,3,0,
2154,tiage_dial_138,11,user,i hike before work in the morning . the morning sun is the best .,3,1,
2155,tiage_dial_138,12,agent,you hike before you go to work ? where do you live ?,4,0,
2156,tiage_dial_138,13,user,i live in seattle . there are many places to hike .,4,0,
2157,tiage_dial_138,14,agent,i should travel more often i really like having people around me .,4,0,
2158,tiage_dial_138,15,user,travel up here and we can hike and watch wrestling .,4,0,
2159,tiage_dial_138,16,user,sounds fun . maybe one day !,4,1,
2160,tiage_dial_139,1,user,hello how are you this fine evening,0,0,
2161,tiage_dial_139,2,agent,i am tired from waitressing all day . you ?,0,0,
2162,tiage_dial_139,3,user,i am pretty tired too,0,0,
2163,tiage_dial_139,4,agent,what did you do all day ?,0,0,
2164,tiage_dial_139,5,user,i have been singing all day,0,0,
2165,tiage_dial_139,6,agent,as your job or as a hobby ?,0,0,
2166,tiage_dial_139,7,user,i grew up in the music industry,0,0,
2167,tiage_dial_139,8,agent,oh nice . i grew up riding motorbikes with dad and i still do it today,0,0,
2168,tiage_dial_139,9,user,i can sing a country song about that,0,0,
2169,tiage_dial_139,10,agent,i enjoy country music too,0,0,
2170,tiage_dial_139,11,user,name 3 country songs you like,0,0,
2171,tiage_dial_139,12,agent,"young by kenny chesney is my favorite , also wagon wheel and amazed",0,0,
2172,tiage_dial_139,13,user,so you are one of those,0,0,
2173,tiage_dial_139,14,agent,one of those smart people who always wears a helmet on my motorcycle ?,0,0,
2174,tiage_dial_139,15,user,something like that yeah sure,0,0,
2175,tiage_dial_139,16,user,haha well i have to protect my pretty face and large dark brown eyes,0,1,
2176,tiage_dial_140,1,user,"hey , are you a city kinda person or the county type ?",0,0,
2177,tiage_dial_140,2,agent,"i guess country . i like walking my german shepherd , barnaby on trails .",0,0,
2178,tiage_dial_140,3,user,"oh awesome , i like to walk my pet cow . we are best friends .",0,0,
2179,tiage_dial_140,4,agent,very cool . we had a grey cow when i was a child . i love grey colors .,0,1,
2180,tiage_dial_140,5,user,oh that is nifty . do your parents own a farm ?,1,0,
2181,tiage_dial_140,6,agent,when i was young . then my dad went to be a nascar driver .,1,0,
2182,tiage_dial_140,7,user,oh i watch that every week . my parents were just good ole farms .,1,1,
2183,tiage_dial_140,8,agent,right on . i work for the post office . what do you do ?,2,0,
2184,tiage_dial_140,9,user,oh i do electrical work .,2,0,
2185,tiage_dial_140,10,agent,that is cool . do you enjoy it ?,2,1,
2186,tiage_dial_140,11,user,i do but i get to drive my big truck to work . what do you drive ?,3,0,
2187,tiage_dial_140,12,agent,i drive a grey ford taurus .,3,1,
2188,tiage_dial_140,13,user,oh because you like grey ! haha . do you listen to the radio ?,4,0,
2189,tiage_dial_140,14,agent,i do . mostly top 40 and alternative .,4,0,
2190,tiage_dial_140,15,user,oh i really like county music .,4,0,
2191,tiage_dial_140,16,user,country music is good also .,4,1,
2192,tiage_dial_141,1,user,hi how are you this afternoon,0,0,
2193,tiage_dial_141,2,agent,very good and how are you doin ?,0,0,
2194,tiage_dial_141,3,user,good tired from walking dogs early in the morning !,0,0,
2195,tiage_dial_141,4,agent,"that is always tiring , have dogs myself",0,1,
2196,tiage_dial_141,5,user,oh wow how many ? i have three,1,0,
2197,tiage_dial_141,6,agent,wow i have two dogs and one cat,1,0,
2198,tiage_dial_141,7,user,cool well if you ever need them walked i have a dog walking business,1,1,
2199,tiage_dial_141,8,agent,"i will keep that in mind , you have any brothers or sisters",2,0,
2200,tiage_dial_141,9,user,no my dad was to busy traveling to give me a sibling,2,0,
2201,tiage_dial_141,10,agent,"only child , i have 4 siblings one brother three sisters",2,1,
2202,tiage_dial_141,11,user,that is a lot i wish i had a sibling . are you guys close ?,3,0,
2203,tiage_dial_141,12,agent,yeah mostly especially with my brother,3,0,
2204,tiage_dial_141,13,user,do you watch sports together ?,3,0,
2205,tiage_dial_141,14,user,we are from alabama so big roll tide fans,3,1,
2206,tiage_dial_142,1,user,"hello , i enjoy shopping , especially for cars .",0,0,
2207,tiage_dial_142,2,agent,"hi , that is nice . i spend my free time gardening and walking outdoors .",0,0,
2208,tiage_dial_142,3,user,i like the outdoors . i especially enjoy driving cool cars .,0,1,
2209,tiage_dial_142,4,agent,cool . what kind of cars ? i am a school teacher .,1,0,
2210,tiage_dial_142,5,user,i someday hope to own a rolls royce ghost ! what do you teach ?,1,1,
2211,tiage_dial_142,6,agent,i teach elementary school . 3rd grade . i also have a dog . do you like dogs ?,2,0,
2212,tiage_dial_142,7,user,i do like dogs ! what type of dog do you have ?,2,0,
2213,tiage_dial_142,8,agent,i have a golden retriever named sally .,2,0,
2214,tiage_dial_142,9,user,i had a babysitter who had a golden retriever that i enjoyed as a child .,2,0,
2215,tiage_dial_142,10,agent,they are very nice dogs . i enjoy taking her on walks .,2,0,
2216,tiage_dial_142,11,user,i currently work with a watch dealer . maybe you could walk there someday .,2,1,
2217,tiage_dial_142,12,agent,maybe so . do you sell watches ?,3,0,
2218,tiage_dial_142,13,user,"yes , our shop sells watches . i help with repairs .",3,0,
2219,tiage_dial_142,14,agent,very nice . maybe i will stop in sometime .,3,1,
2220,tiage_dial_142,15,user,i would like to meet you ! do you enjoy shopping ?,4,0,
2221,tiage_dial_142,16,agent,"i do enjoy shopping , as i think many women do . i must get going now .",4,0,
2222,tiage_dial_142,17,user,it was nice talking to you !,4,0,
2223,tiage_dial_142,18,user,nice talking . have a good day .,4,1,
2224,tiage_dial_143,1,user,"hey , i really like driving my ford pinto",0,1,
2225,tiage_dial_143,2,agent,nice i am in love with taylor swift,1,1,
2226,tiage_dial_143,3,user,"i really enjoy donuts ! and playing xbox , call of duty",2,1,
2227,tiage_dial_143,4,agent,"that is funny , i do not get along with my wife",3,1,
2228,tiage_dial_143,5,user,"my favorite band is icp , insane clown posse",4,1,
2229,tiage_dial_143,6,agent,"i am getting married after winter , time for an upgrade",5,1,
2230,tiage_dial_143,7,user,"awesome , on the weekends i do live action roleplaying events",6,0,
2231,tiage_dial_143,8,agent,role playing is fun for everyone right ?,6,0,
2232,tiage_dial_143,9,user,"yeah it is , what an escape",6,0,
2233,tiage_dial_143,10,agent,well i have to stand out right ?,6,0,
2234,tiage_dial_143,11,user,"yeah you sure did , so cool",6,0,
2235,tiage_dial_143,12,agent,i am kind of a big deal,6,0,
2236,tiage_dial_143,13,user,i am not gonna debate that,6,0,
2237,tiage_dial_143,14,agent,i am the greatest ever,6,0,
2238,tiage_dial_143,15,user,hey i do not know about that,6,0,
2239,tiage_dial_143,16,user,well you just do not know yet,6,1,
2240,tiage_dial_144,1,user,"hello , do you have a book you recommend ?",0,0,
2241,tiage_dial_144,2,agent,i do not like to read .,0,0,
2242,tiage_dial_144,3,user,"i am pregnant , and it helps pass the time .",0,1,
2243,tiage_dial_144,4,agent,do you play video games ?,1,0,
2244,tiage_dial_144,5,user,i do not . my husband does . we had a playstation cake .,1,0,
2245,tiage_dial_144,6,agent,that is cool . i play a lot of games,1,0,
2246,tiage_dial_144,7,user,i watch movies and work .,1,1,
2247,tiage_dial_144,8,agent,how far along are you ?,2,0,
2248,tiage_dial_144,9,user,i am six months . i was married eight months ago .,2,1,
2249,tiage_dial_144,10,agent,congratulations ! where do you work ?,3,0,
2250,tiage_dial_144,11,user,"i am a teacher , i just started this year . what do you do ?",3,0,
2251,tiage_dial_144,12,agent,i make jewelry at home and sell it online .,3,0,
2252,tiage_dial_144,13,user,very nice ! i also make candles and tincture herbs .,3,0,
2253,tiage_dial_144,14,agent,oh that is great ! i love to be creative .,3,0,
2254,tiage_dial_144,15,user,i do too . i am an art teacher .,3,0,
2255,tiage_dial_144,16,user,how fun ! do you like music ?,3,1,
2256,tiage_dial_145,1,user,i cant believe the news i just got . my sister is a stripper,0,0,
2257,tiage_dial_145,2,agent,"sounds like my kids ! ha . . stay at home dad here , have to laugh somewhere .",0,0,
2258,tiage_dial_145,3,user,we grew up christian so its out of character .,0,0,
2259,tiage_dial_145,4,agent,i bet i am sorry . it is an interesting job choice .,0,0,
2260,tiage_dial_145,5,user,what do you do for work ?,0,0,
2261,tiage_dial_145,6,agent,"i stay home with kids now , prior was in human services .",0,0,
2262,tiage_dial_145,7,user,what does human services mean ?,0,0,
2263,tiage_dial_145,8,agent,i helped families to learn how to live together basically !,0,0,
2264,tiage_dial_145,9,user,my family may need that soon .,0,0,
2265,tiage_dial_145,10,agent,oh no . is your life a horror movie ? i love those !,0,0,
2266,tiage_dial_145,11,user,no but my favorite color is blood red .,0,1,
2267,tiage_dial_145,12,agent,ohhhh yikes ! that can be purchased at home depot . my dad used to work there .,1,0,
2268,tiage_dial_145,13,user,i spend a lot of time there getting stuff for my tractor .,1,1,
2269,tiage_dial_145,14,user,do you own a farm ?,2,1,
2270,tiage_dial_146,1,user,"hello , i hope you have a better job than i do",0,0,
2271,tiage_dial_146,2,agent,hi . i am a little league coach . i have 5 sons and a mini van .,0,1,
2272,tiage_dial_146,3,user,five sons ? do they play on your team ?,1,1,
2273,tiage_dial_146,4,agent,"yes , and therefore i drink a lot of coffee , it is my favorite . what is yours ?",2,0,
2274,tiage_dial_146,5,user,"cool and coffee is great , as a graduate student i pull tons of all nighters",2,0,
2275,tiage_dial_146,6,agent,i like to have wine some nights on occassion as well .,2,0,
2276,tiage_dial_146,7,user,i do not enjoy wine but i do enjoy psychology journals,2,1,
2277,tiage_dial_146,8,agent,what kind of job do you have ?,3,0,
2278,tiage_dial_146,9,user,i walk dogs to pay for college and food,3,0,
2279,tiage_dial_146,10,agent,that is not such a bad job . it sounds fun .,3,0,
2280,tiage_dial_146,11,user,it is not stable enough and it does not pay enough,3,0,
2281,tiage_dial_146,12,agent,but at least you get lots of fresh air .,3,0,
2282,tiage_dial_146,13,user,i get enough of that when i go kayaking,3,0,
2283,tiage_dial_146,14,agent,"ah , yes . i have never kayaked . is it fun ?",3,0,
2284,tiage_dial_146,15,user,"tons of fun , it is very exciting",3,0,
2285,tiage_dial_146,16,user,very nice . i must go now . have a lovely evening .,3,1,
2286,tiage_dial_147,1,user,hi . i am working as a custodian right now to help pay bills .,0,0,
2287,tiage_dial_147,2,agent,"bonjour , i am kay . i am also trying to get out of debt .",0,0,
2288,tiage_dial_147,3,user,i play music and hope to make it big some day .,0,1,
2289,tiage_dial_147,4,agent,"you and me both ! i cannot play , but sing fairly well . i am looking for a guitarist .",1,0,
2290,tiage_dial_147,5,user,i play the guitar ! i also sing and play piano .,1,0,
2291,tiage_dial_147,6,agent,you might be my man . or my woman ! i sing oldies . think james taylor .,1,0,
2292,tiage_dial_147,7,user,i sing folk music . my parents are not supportive .,1,0,
2293,tiage_dial_147,8,agent,i am sorry ! do you play in your garage ? i consider myself also a francophile .,1,0,
2294,tiage_dial_147,9,user,i play in small coffee shops .,1,0,
2295,tiage_dial_147,10,agent,"ok , that will get you some exposure . any paying gigs or crazy fans ?",1,0,
2296,tiage_dial_147,11,user,"i make a little money , that is why i am a custodian",1,0,
2297,tiage_dial_147,12,agent,bathrooms provide great acoustics ! so do corridors !,1,0,
2298,tiage_dial_147,13,user,i will keep that in mind .,1,0,
2299,tiage_dial_147,14,agent,i have been there . also sang french and spanish songs on a street corner .,1,0,
2300,tiage_dial_147,15,user,i love hearing spanish songs too .,1,0,
2301,tiage_dial_147,16,user,i love the spanish songs that josh groban sings .,1,1,
2302,tiage_dial_148,1,user,"hi , want to get to know each other ?",0,0,
2303,tiage_dial_148,2,agent,"hey , george here . lets be friends",0,0,
2304,tiage_dial_148,3,user,"hi george , i am regina . do you enjoy dance ?",0,0,
2305,tiage_dial_148,4,agent,"i do enjoy it , as a bee farmer",0,0,
2306,tiage_dial_148,5,user,that is a cool job . i work for a cute little bookstore,0,1,
2307,tiage_dial_148,6,agent,"awesome . i really like papaya , my favorite food",1,0,
2308,tiage_dial_148,7,user,that is an interesting choice . i would have to pick french fries,1,1,
2309,tiage_dial_148,8,agent,"i have zero family that i am close to , lets be fam",2,0,
2310,tiage_dial_148,9,user,sure . i could always use a new family member . do you like dogs ?,2,0,
2311,tiage_dial_148,10,agent,awesome . i love dogs they are the best,2,0,
2312,tiage_dial_148,11,user,great ! i compete with show dogs,2,0,
2313,tiage_dial_148,12,agent,"awesome , well with dogs you can not go wrong",2,1,
2314,tiage_dial_148,13,user,its a lot of work but fun too . what do you do for fun ?,3,0,
2315,tiage_dial_148,14,agent,"i play shows , record music , and read",3,0,
2316,tiage_dial_148,15,user,wow . that is a lot . what kind of music,3,0,
2317,tiage_dial_148,16,user,"its like radiohead , or slower rock",3,1,
2318,tiage_dial_149,1,user,hello . how are you today ?,0,0,
2319,tiage_dial_149,2,agent,"i am a geek , because i love programming study for it now",0,0,
2320,tiage_dial_149,3,user,i am a construction worker . i do not know much about computers,0,1,
2321,tiage_dial_149,4,agent,"i am doing good , and you ? i also teach swimming locally",1,0,
2322,tiage_dial_149,5,user,that must be interesting . i do not have time outside of house building to do much,1,1,
2323,tiage_dial_149,6,agent,"that is fine , do you like death metal music ?",2,0,
2324,tiage_dial_149,7,user,"no , not really . i am more into stuff from the eighties .",2,1,
2325,tiage_dial_149,8,agent,"i see , i am from india and you ?",3,0,
2326,tiage_dial_149,9,user,"ohio . pretty boring , really . just me and my 5 cats . do you have pets ?",3,1,
2327,tiage_dial_149,10,agent,do you like eighties music ? i love it .,4,0,
2328,tiage_dial_149,11,user,"yep . absolutely . great stuff . bon jovi , poison , journey . . . all the hair bands",4,0,
2329,tiage_dial_149,12,agent,"no , i had a dog and a turtle in the past",4,0,
2330,tiage_dial_149,13,user,that is cool . why do not you have pets now ?,4,0,
2331,tiage_dial_149,14,agent,"yeah , i love those bands , you like hard stuff ?",4,0,
2332,tiage_dial_149,15,user,like metallica ? they are definitely cool .,4,0,
2333,tiage_dial_149,16,user,i do not want to talk about my pets,4,1,
2334,tiage_dial_150,1,user,"i get to see my mom tomorrow , i got into trouble",0,0,
2335,tiage_dial_150,2,agent,what happened to you ? why ?,0,0,
2336,tiage_dial_150,3,user,i am not sure but i get to leave in 30 days,0,0,
2337,tiage_dial_150,4,agent,why do you get to leave,0,0,
2338,tiage_dial_150,5,user,"because i will have served my time . i have old , sticky fingers",0,0,
2339,tiage_dial_150,6,agent,are you passing away or something,0,0,
2340,tiage_dial_150,7,user,"no , i am in jail . was trying not to say it outright",0,0,
2341,tiage_dial_150,8,agent,what did you do to get in there,0,0,
2342,tiage_dial_150,9,user,"i stole a pack of gum , this time atleast .",0,1,
2343,tiage_dial_150,10,agent,what did you do last time,1,0,
2344,tiage_dial_150,11,user,i hijacked an elephant from a travelling circus,1,0,
2345,tiage_dial_150,12,agent,why did you do that,1,0,
2346,tiage_dial_150,13,user,"well , to be honest . . . . i was drunk",1,0,
2347,tiage_dial_150,14,agent,that must have been embarrassing,1,0,
2348,tiage_dial_150,15,user,"i could not tell you , i blacked out .",1,0,
2349,tiage_dial_150,16,user,i am sorry about that,1,1,
2350,tiage_dial_151,1,user,hi i love cooking and fishing ! and reading comic books,0,0,
2351,tiage_dial_151,2,agent,"oh , i just like gardening .",0,0,
2352,tiage_dial_151,3,user,"if i am not in the kitchen , i am on my boat in the water",0,1,
2353,tiage_dial_151,4,agent,"that is cool , i got a job just now in a gas station",1,0,
2354,tiage_dial_151,5,user,"cool , i got a spiderman comic at a gas station",1,0,
2355,tiage_dial_151,6,agent,i had a spiderman comic as a kid . my adopted parents gave it to me .,1,0,
2356,tiage_dial_151,7,user,spiderman and gas stations rule,1,1,
2357,tiage_dial_151,8,agent,"clowns do not though , they scare me .",2,1,
2358,tiage_dial_151,9,user,yeah do your old parents scare you ?,3,0,
2359,tiage_dial_151,10,agent,"no , but my dad keeps setting me up on blind dates .",3,0,
2360,tiage_dial_151,11,user,or does the clown trauma scare you from being a kid ?,3,0,
2361,tiage_dial_151,12,agent,i did have a traumatic experience about that .,3,0,
2362,tiage_dial_151,13,user,"yeah ? wow crazy , hope it gets better",3,0,
2363,tiage_dial_151,14,agent,"yeah , until then , keep those clowns away from me .",3,1,
2364,tiage_dial_151,15,user,how are you this evening ?,4,0,
2365,tiage_dial_151,16,user,i am doing good how are you ?,4,1,
2366,tiage_dial_152,1,user,"hi , how are you today ?",0,0,
2367,tiage_dial_152,2,agent,i am well thank you . i got brand new job today ! i am a life coach,0,0,
2368,tiage_dial_152,3,user,"wow that is great , i use to be in the military .",0,0,
2369,tiage_dial_152,4,agent,"wow , i love our soldiers . thank you for serving our the country !",0,0,
2370,tiage_dial_152,5,user,i donate half of my check to different veteran charities .,0,0,
2371,tiage_dial_152,6,agent,how nice ! that is a wonderful cause .,0,0,
2372,tiage_dial_152,7,user,"i also like to help out at my local pet rescue , i like like bunnies .",0,0,
2373,tiage_dial_152,8,agent,"animals are wonderful . as a cancer survivor , my cat was always near me .",0,1,
2374,tiage_dial_152,9,user,"my love the color blue , what is your favorite color ?",1,0,
2375,tiage_dial_152,10,agent,i love green . i just bought some green shorts to wear to a marathon .,1,0,
2376,tiage_dial_152,11,user,i like navy blue best of all the colors .,1,0,
2377,tiage_dial_152,12,agent,"blue is nice . i wear blue sweats when i run . i love running , strengthens me .",1,1,
2378,tiage_dial_152,13,user,"i work in a shipyard , that how i get my workout in .",2,0,
2379,tiage_dial_152,14,user,nice ! my parents are both very athletic . they encouraged me to stay fit .,2,1,
2380,tiage_dial_153,1,user,hi my name is darlene how are you ?,0,0,
2381,tiage_dial_153,2,agent,"hi good thank you . i am wanda , age 60",0,0,
2382,tiage_dial_153,3,user,i am 43 and try to buy only organic products,0,1,
2383,tiage_dial_153,4,agent,that is very good . i work in a library . how about you ?,1,0,
2384,tiage_dial_153,5,user,"i work online in data entry , and i am a strong feminist .",1,1,
2385,tiage_dial_153,6,agent,good for you ! i love traveling . . . do you like to travel ?,2,0,
2386,tiage_dial_153,7,user,"i do , but mostly i love to surf the internet , i am an avid twitter user .",2,0,
2387,tiage_dial_153,8,agent,"twitter is fun , yes . ever been to spain ? i have .",2,0,
2388,tiage_dial_153,9,user,"no never , would love to , i recently had solar panels installed on my roof .",2,0,
2389,tiage_dial_153,10,agent,that is a good thing to do . do they work well ?,2,1,
2390,tiage_dial_153,11,user,"so far , they are new to me so we will see . married or kids ?",3,0,
2391,tiage_dial_153,12,agent,"no , neither . i will probably retire in several years , so probably will be lonely",3,0,
2392,tiage_dial_153,13,user,"that is sad , are you looking ? i am single but looking .",3,0,
2393,tiage_dial_153,14,agent,"kind of . . . but i am 60 , so i do not know how realistic it is",3,0,
2394,tiage_dial_153,15,user,"never to late , you are a catch ! look at it that way !",3,0,
2395,tiage_dial_153,16,user,aw you are nice . . . i like your way of thinking,3,1,
2396,tiage_dial_154,1,user,"hello , how is your day going ?",0,0,
2397,tiage_dial_154,2,agent,awesome ! my parents are taking me to disney world again this year . every year !,0,0,
2398,tiage_dial_154,3,user,that sounds wonderful ! maybe i will take my children there too,0,1,
2399,tiage_dial_154,4,agent,do you let your kids play on the playground ? i do that . it is fun !,1,0,
2400,tiage_dial_154,5,user,"yes , my dogs like to play with them on the playground .",1,1,
2401,tiage_dial_154,6,agent,"that is so cool ! mr morris , my third grade teacher , we have a class dog !",2,0,
2402,tiage_dial_154,7,user,that sounds amazing ! i thought about becoming a teacher . i settled for it work .,2,1,
2403,tiage_dial_154,8,agent,"when i grow up , i want to sing the songs that i love from frozen .",3,0,
2404,tiage_dial_154,9,user,why not sing them now ? time passes quickly .,3,0,
2405,tiage_dial_154,10,agent,"i want to be famous , like mickey mouse . he is my favorite . i love disney !",3,0,
2406,tiage_dial_154,11,user,"i live near disney world in florida , in fact i own a house there .",3,0,
2407,tiage_dial_154,12,agent,do you sing songs from the frozen movie ?,3,0,
2408,tiage_dial_154,13,user,"no , i just watch the american sports that i enjoy .",3,0,
2409,tiage_dial_154,14,user,my parents said that karate is a sport . i take karate .,3,1,
2410,tiage_dial_155,1,user,what do you like to do ?,0,0,
2411,tiage_dial_155,2,agent,visit spain in my free time when not working as a librarian . you ?,0,0,
2412,tiage_dial_155,3,user,small world ! my husband who is adopted is orginally from spain !,0,0,
2413,tiage_dial_155,4,agent,how wonderful ! i may move there in a few years when i retire .,0,1,
2414,tiage_dial_155,5,user,"that would be great . as a librarian , do you like adult coloring books ? i love those !",1,0,
2415,tiage_dial_155,6,agent,yes ! i am in a group for planning and stickers which seems silly at 60 .,1,0,
2416,tiage_dial_155,7,user,fun ! i love the coloring books but they often get nibbled on by my german shepherd !,1,0,
2417,tiage_dial_155,8,agent,aw ! what else do you like to do ?,1,0,
2418,tiage_dial_155,9,user,we live on a farm . being in a rural community means we work hard then relax !,1,0,
2419,tiage_dial_155,10,agent,i love it ! we have an old farmhouse but only have cats .,1,1,
2420,tiage_dial_155,11,user,my dog would enjoy your cats . he is old and too tired to chase anymore .,2,0,
2421,tiage_dial_155,12,agent,he sounds like a sweetheart .,2,1,
2422,tiage_dial_155,13,user,yes and he loves being on the farm . what else do you enjoy ?,3,0,
2423,tiage_dial_155,14,agent,"watching the grand kids grow up , hot teas , holidays . you name it !",3,0,
2424,tiage_dial_155,15,user,that sounds perfect and so relaxing !,3,0,
2425,tiage_dial_155,16,user,it is ! i love this life .,3,1,
2426,tiage_dial_156,1,user,do you want to go the the playground with me ?,0,0,
2427,tiage_dial_156,2,agent,hi ! just finished my mega dose of twitter today . how about you ?,0,0,
2428,tiage_dial_156,3,user,my parents will not let me on twitter . maybe when i am in 5th grade .,0,0,
2429,tiage_dial_156,4,agent,no can do on the playground . too busy surfing the net all the time !,0,1,
2430,tiage_dial_156,5,user,you surf ? what a cool kid . i want to surf with mickey mouse .,1,1,
2431,tiage_dial_156,6,agent,"are you male or female ? women rule the world , you know !",2,1,
2432,tiage_dial_156,7,user,yay ! i am a girl . will you go to disney world with me ?,3,0,
2433,tiage_dial_156,8,agent,"no mickey mouse here he is a he ! besides , gotta pay for my solar panels .",3,1,
2434,tiage_dial_156,9,user,are the panels on your house ?,4,1,
2435,tiage_dial_156,10,agent,roof . make sure at disney you only eat organic . that is the way to go !,5,0,
2436,tiage_dial_156,11,user,"when i am old enough to shop for myself , i will .",5,0,
2437,tiage_dial_156,12,agent,"good . only buy organic , because its good for you .",5,0,
2438,tiage_dial_156,13,user,i will remember that . i should get back to the playground now .,5,0,
2439,tiage_dial_156,14,agent,have fun ! and stay safe out there .,5,0,
2440,tiage_dial_156,15,user,i will . you can come if you want to . i have lots of friends .,5,0,
2441,tiage_dial_156,16,user,i will think about it . but i have a feminist march to attend later .,5,1,
2442,tiage_dial_157,1,user,how are you doing today,0,0,
2443,tiage_dial_157,2,agent,"i am doing good , how about you ?",0,0,
2444,tiage_dial_157,3,user,i am great just listening to music,0,0,
2445,tiage_dial_157,4,agent,"cool , what is your favorite type of music ? mine is country",0,0,
2446,tiage_dial_157,5,user,classical and light jazz . country is not bad,0,1,
2447,tiage_dial_157,6,agent,"that is cool , classical is nice at times . what are your hobbies ?",1,0,
2448,tiage_dial_157,7,user,i like to work on the farm,1,1,
2449,tiage_dial_157,8,agent,what animals do you have ? i enjoy working on vintage cars ; i won two mustangs,2,0,
2450,tiage_dial_157,9,user,i have horses and cows,2,0,
2451,tiage_dial_157,10,agent,"awesome ! i own 2 dogs , love them",2,0,
2452,tiage_dial_157,11,user,what are their names ? i name my animals .,2,0,
2453,tiage_dial_157,12,agent,precious and sammie . what are the names of your animals ?,2,0,
2454,tiage_dial_157,13,user,i have twenty of them,2,0,
2455,tiage_dial_157,14,agent,oh wow ! twenty ! that is a lot !,2,0,
2456,tiage_dial_157,15,user,yeah it is a lot to keep track of,2,0,
2457,tiage_dial_157,16,user,"i love animals , always have . they are amazing",2,1,
2458,tiage_dial_158,1,user,hi ! want to know a secret ?,0,0,
2459,tiage_dial_158,2,agent,"hi good morning , of course what is the secret",0,0,
2460,tiage_dial_158,3,user,"i had surgery last week and now i think of an object , and it moves !",0,0,
2461,tiage_dial_158,4,agent,"oh wow you are like a super hero , i just want to be a dog",0,1,
2462,tiage_dial_158,5,user,i love dogs ! what kind of dog ?,1,0,
2463,tiage_dial_158,6,agent,i want to be a yorkie . . . i like chocolate candy too yummy,1,1,
2464,tiage_dial_158,7,user,are you a boy like me ?,2,0,
2465,tiage_dial_158,8,agent,i am a girl and i like playing with my blocks they are so colorful,2,0,
2466,tiage_dial_158,9,user,"i like legos too , they have them here in the hospital .",2,0,
2467,tiage_dial_158,10,agent,oh wow they are so much fun i want a lot of legos when i turn 5,2,0,
2468,tiage_dial_158,11,user,they even make them in pink and purple . i like them a lot myself .,2,0,
2469,tiage_dial_158,12,agent,"i love that , i want to play blocks and sing",2,1,
2470,tiage_dial_158,13,user,do you watch cartoons or mickey mouse ?,3,0,
2471,tiage_dial_158,14,agent,i like paw patrol because i want to be a dog,3,0,
2472,tiage_dial_158,15,user,"my sister and brother love that show as well , they like chase and marshal .",3,0,
2473,tiage_dial_158,16,user,"i like marshal he is awesome , adults never understand what i am saying lol",3,1,
2474,tiage_dial_159,1,user,hi there ! i am eating tofu while running around the park .,0,0,
2475,tiage_dial_159,2,agent,hi . that is an interesting combo ! i love cars .,0,1,
2476,tiage_dial_159,3,user,"awesome , my husband has a blue car . that is my favorite color .",1,1,
2477,tiage_dial_159,4,agent,that is neat . where do you work ? i have a great work at home job .,2,0,
2478,tiage_dial_159,5,user,i work for the vegetarians with vaginas organization .,2,1,
2479,tiage_dial_159,6,agent,that is cool ! i go to the gym a lot with my girl friends . they are great !,3,0,
2480,tiage_dial_159,7,user,i run a lot . no time for the gym . i am a very busy woman .,3,0,
2481,tiage_dial_159,8,agent,i am lazy though sometimes . i love binge watching tv .,3,1,
2482,tiage_dial_159,9,user,i just got finished watching narcos . pablo is a beautiful man .,4,0,
2483,tiage_dial_159,10,agent,i love narcos ! better call saul is a favorite of mine as well !,4,1,
2484,tiage_dial_159,11,user,sometimes i chew up meat but spit it out . am i still vegetarian ?,5,0,
2485,tiage_dial_159,12,agent,lol ! i guess you could be . i am not sure that all would agree though .,5,0,
2486,tiage_dial_159,13,user,i cannot let my coworkers find out . they will burn me at the stake .,5,0,
2487,tiage_dial_159,14,agent,they should be more understanding . my boyfriend and his girlfriend are sometimes really judgemental about food .,5,1,
2488,tiage_dial_159,15,user,"sometimes i punch my sisters cat . oh , are you polygamist ?",6,0,
2489,tiage_dial_159,16,agent,i am . it is interesting . honestly that is horrible ! that poor cat .,6,0,
2490,tiage_dial_159,17,user,"yolo , you know what i mean ?",6,0,
2491,tiage_dial_159,18,user,but . . . . . the poor cat .,6,1,
2492,tiage_dial_160,1,user,"hello , how are you tonight ?",0,0,
2493,tiage_dial_160,2,agent,very late night here . i am good . how are you ?,0,0,
2494,tiage_dial_160,3,user,"i am doing well , thank you . i love to dance , now that i am out of danger .",0,0,
2495,tiage_dial_160,4,agent,dance is medicine . painting used to be mine . what danger were you in ?,0,0,
2496,tiage_dial_160,5,user,"i was in a refuge camp in somalia , my aunt rescued my sister and i .",0,0,
2497,tiage_dial_160,6,agent,"i am so sorry , but so glad you were both rescued and are safe .",0,0,
2498,tiage_dial_160,7,user,"thank you , i was forced into marriage , but that stopped before it started .",0,0,
2499,tiage_dial_160,8,agent,"as a woman and a mother of two , i am so sorry , but glad that stopped . too .",0,0,
2500,tiage_dial_160,9,user,i love the us . you are so lucky to have been born here .,0,0,
2501,tiage_dial_160,10,agent,i do not take it for granted .,0,1,
2502,tiage_dial_160,11,user,my favorite thing ? all of the different stores . the freedom .,1,0,
2503,tiage_dial_160,12,agent,i am happy for you that you get to enjoy what you deserve .,1,0,
2504,tiage_dial_160,13,user,"thank you . also , the food is amazing . fries are the best thing ever .",1,1,
2505,tiage_dial_160,14,agent,have you tried fries with melted cheese ? !,2,0,
2506,tiage_dial_160,15,user,"yes , and those with the gravy and cheese crumbles , curds ?",2,0,
2507,tiage_dial_160,16,user,comfort food if ever there was one !,2,1,
2508,tiage_dial_161,1,user,"hi , i feel sold , in a juvenile detention for shoplifting",0,1,
2509,tiage_dial_161,2,agent,"that is to bad , where is your family",1,0,
2510,tiage_dial_161,3,user,"my mom is here though , visiting . jamaica mane",1,1,
2511,tiage_dial_161,4,agent,what do you do to pass the time,2,1,
2512,tiage_dial_161,5,user,mom is coming tomorrow to visit i meant,3,1,
2513,tiage_dial_161,6,agent,do you get to go to school,4,1,
2514,tiage_dial_161,7,user,i talk to the squirrels who call me a nut,5,1,
2515,tiage_dial_161,8,agent,"very funny , do you get to read , i find it relaxing",6,0,
2516,tiage_dial_161,9,user,yeah school of hard knocks,6,1,
2517,tiage_dial_161,10,agent,do you get to exercise,7,1,
2518,tiage_dial_161,11,user,"yeah i read lots of things , mostly newspapers on turtles",8,1,
2519,tiage_dial_161,12,agent,what are you going to do when you get out,9,0,
2520,tiage_dial_161,13,user,"yeah , i play basketball a lot",9,0,
2521,tiage_dial_161,14,agent,"i like to walk , at least 3 miles",9,1,
2522,tiage_dial_161,15,user,i am going to head to the clothing store and buy instead of steal,10,0,
2523,tiage_dial_161,16,user,that sounds like a good idea,10,1,
2524,tiage_dial_162,1,user,"howdy , haw are you this morning ?",0,0,
2525,tiage_dial_162,2,agent,i am cool thanks . you ?,0,0,
2526,tiage_dial_162,3,user,"i am alright , just taking a break . spent the morning working in the fields with dad .",0,0,
2527,tiage_dial_162,4,agent,"nice , i live with my folks too . only in grade 10 here .",0,1,
2528,tiage_dial_162,5,user,aww just a young one . what do you like to do ?,1,0,
2529,tiage_dial_162,6,agent,study biology and practice running long distances . how about you ?,1,0,
2530,tiage_dial_162,7,user,"well i mostly enjoy riding my horses , but also listening to music while i work .",1,0,
2531,tiage_dial_162,8,agent,that is the best . i do that whilst i do homework . my grades rule !,1,1,
2532,tiage_dial_162,9,user,that is awesome ! good job . what kind of music do you like ?,2,0,
2533,tiage_dial_162,10,agent,"rock music , it is good to work out too . i want to train people .",2,0,
2534,tiage_dial_162,11,user,that is what kind i like too ! training people ? anything like training horses ?,2,0,
2535,tiage_dial_162,12,agent,"physical therapy , helping the injured and disabled . it is my calling .",2,0,
2536,tiage_dial_162,13,user,well that is a very noble profession . helping people is good . that is why we grow food .,2,0,
2537,tiage_dial_162,14,agent,"food is important , health is too . you are a farmer ?",2,0,
2538,tiage_dial_162,15,user,"yes i am , just like my daddy .",2,0,
2539,tiage_dial_162,16,user,"very cool . i will run a marathon someday , like my father did .",2,1,
2540,tiage_dial_163,1,user,"hello there , how are you ?",0,0,
2541,tiage_dial_163,2,agent,healthy for a 40 year old car salesman .,0,0,
2542,tiage_dial_163,3,user,that is interesting as i am a pro wrestler,0,0,
2543,tiage_dial_163,4,agent,wrestler ! wow you must be fit and healthy .,0,0,
2544,tiage_dial_163,5,user,i workout a few times every week,0,1,
2545,tiage_dial_163,6,agent,"financially , i can not afford a gym . the money gets spent by my wife .",1,0,
2546,tiage_dial_163,7,user,"i know the struggle , i volunteer at a homeless shelter",1,0,
2547,tiage_dial_163,8,agent,"great , i hope you do not get to see me there .",1,0,
2548,tiage_dial_163,9,user,"i hope not either , would not wish it on my worse enemy",1,0,
2549,tiage_dial_163,10,agent,"between wife , job with no money , i am thinking now of divorce .",1,0,
2550,tiage_dial_163,11,user,i have given it a few thoughts before,1,1,
2551,tiage_dial_163,12,agent,do you give demonstrations of your skills ?,2,0,
2552,tiage_dial_163,13,user,"of course , i love doing demonstrations in public",2,0,
2553,tiage_dial_163,14,user,"wrestlers and actors are in same category , i think .",2,1,
2554,tiage_dial_164,1,user,"hi , how are you this evening ?",0,0,
2555,tiage_dial_164,2,agent,"i am well , i just finished rehearsal . i sing country !",0,0,
2556,tiage_dial_164,3,user,"interesting ! i am a big britney fan , she had a country album",0,0,
2557,tiage_dial_164,4,agent,"i know ! sadly , only people who are in the industry for a long time know that .",0,1,
2558,tiage_dial_164,5,user,"true , so what are some of your hobbies or interests besides country ?",1,0,
2559,tiage_dial_164,6,agent,i like to play guitar and explore national parks !,1,0,
2560,tiage_dial_164,7,user,"me personally , i enjoy spending some expendable cash , and trying new diets",1,0,
2561,tiage_dial_164,8,agent,what kind of diets have you tried ?,1,0,
2562,tiage_dial_164,9,user,"lately mostly low sodium keto ones , hate to admit i am on the high maintenance side",1,0,
2563,tiage_dial_164,10,agent,"that is alright , as long as you are passionate with what you like !",1,1,
2564,tiage_dial_164,11,user,totally ! any interesting quirks you have ?,2,0,
2565,tiage_dial_164,12,agent,"i like rascal flats , they are my favorite band .",2,0,
2566,tiage_dial_164,13,user,i honestly do not know too much about country music,2,0,
2567,tiage_dial_164,14,agent,they sang life is a highway in the movie cars !,2,0,
2568,tiage_dial_164,15,user,"i have never seen any of the pixar cars movies , a bit after my time",2,0,
2569,tiage_dial_164,16,user,"i see , what are some of your favorite movies ?",2,1,
2570,tiage_dial_165,1,user,i just got back from my salsa dance lessons,0,0,
2571,tiage_dial_165,2,agent,that sounds like a really fun time . i was just meditating,0,0,
2572,tiage_dial_165,3,user,that is so relaxing . my lite brite patterns are relaxing too,0,0,
2573,tiage_dial_165,4,agent,"i am buddhist , my spiritual journey relaxes me",0,0,
2574,tiage_dial_165,5,user,cool beans . i am a 1980 kid and love new kids on the block,0,0,
2575,tiage_dial_165,6,agent,i quit my job to devote more time to my spiritual journey,0,1,
2576,tiage_dial_165,7,user,that is cool . maybe one day i will be good enough to teach dance,1,1,
2577,tiage_dial_165,8,agent,"i have not spoken a single word in three months , this is the only way i communicate",2,0,
2578,tiage_dial_165,9,user,that must be hard . i would be talking to my lite brite !,2,0,
2579,tiage_dial_165,10,agent,"it is easy being in alaska , there are not many people around",2,0,
2580,tiage_dial_165,11,user,good point . can you see the northern lights there ?,2,0,
2581,tiage_dial_165,12,agent,"you can , i do enjoy meditating under them",2,0,
2582,tiage_dial_165,13,user,i dream of the northern lights when i play lite brite,2,0,
2583,tiage_dial_165,14,user,that sounds like a spiritual experience to me,2,1,
2584,tiage_dial_166,1,user,hi what are you up to today ?,0,0,
2585,tiage_dial_166,2,agent,hi i am eating shawarma for lunch ! its my favorite,0,0,
2586,tiage_dial_166,3,user,cool i am eating pasta and garlic bread . my favorite,0,1,
2587,tiage_dial_166,4,agent,that sounds good too . what do yo do for a living,1,0,
2588,tiage_dial_166,5,user,well i won gold medal in the olympics so i work out a lot,1,0,
2589,tiage_dial_166,6,agent,wow a gold medal that is great . i am a in the canadian army,1,1,
2590,tiage_dial_166,7,user,awesome what kind of sports do you like ?,2,0,
2591,tiage_dial_166,8,agent,i really like american football . i am a steelers fan,2,0,
2592,tiage_dial_166,9,user,awe i am more into gymnastics,2,0,
2593,tiage_dial_166,10,agent,that is cool . what event did you win the medal in,2,1,
2594,tiage_dial_166,11,user,gymnastics . how do you spend your days ?,3,0,
2595,tiage_dial_166,12,agent,when i am not working i am exercising and spending time with family,3,0,
2596,tiage_dial_166,13,user,cool i workout about 4 hours a day so that is the center of my life,3,0,
2597,tiage_dial_166,14,agent,i use to workout like that but i became unhealthy from it,3,0,
2598,tiage_dial_166,15,user,how did it make you unhealthy ?,3,0,
2599,tiage_dial_166,16,user,i did not eat enough to handle my workout so burnt more than i ate,3,1,
2600,tiage_dial_167,1,user,"good evening , how are you ?",0,0,
2601,tiage_dial_167,2,agent,i am doing well . how are you ?,0,0,
2602,tiage_dial_167,3,user,i am not doing so good .,0,0,
2603,tiage_dial_167,4,agent,what is wrong ? my wife is a doctor if you need help .,0,0,
2604,tiage_dial_167,5,user,for starters i cant stand school i hate it so much,0,0,
2605,tiage_dial_167,6,agent,"oh , are you still in high school ?",0,0,
2606,tiage_dial_167,7,user,no i am in grammer school and i am only 12,0,1,
2607,tiage_dial_167,8,agent,i hated school too but i became a professional tennis player .,1,0,
2608,tiage_dial_167,9,user,a professional tennis player . did you have friends in school,1,1,
2609,tiage_dial_167,10,agent,"oh , so it is the people , not the academia , that you are having a problem with ?",2,0,
2610,tiage_dial_167,11,user,i do not have friends because they think i am too smart,2,0,
2611,tiage_dial_167,12,agent,"oh , wow . i wish i had that problem when i was in school .",2,0,
2612,tiage_dial_167,13,user,they also do not like me because i have red hair and blue eyes,2,0,
2613,tiage_dial_167,14,agent,why ? redheads are beautiful ! we keep on having red haired babies !,2,0,
2614,tiage_dial_167,15,user,thank you but they do not like me much i do not know why,2,0,
2615,tiage_dial_167,16,agent,i had problems in school . when you get older it does not matter .,2,0,
2616,tiage_dial_167,17,user,thank you for the encouragement,2,1,
2617,tiage_dial_167,18,agent,"now i own a three storey house with the love of my life , our babies , and my dog .",3,0,
2618,tiage_dial_167,19,user,i wanna be like you some day .,3,0,
2619,tiage_dial_167,20,user,you will . probably better . just keep working hard and do not listen to them !,3,1,
2620,tiage_dial_168,1,user,"hey there , how are you ?",0,0,
2621,tiage_dial_168,2,agent,"hey ! good , how are you ?",0,0,
2622,tiage_dial_168,3,user,"a little tired , but have not done much , you ?",0,1,
2623,tiage_dial_168,4,agent,how old are you ?,1,1,
2624,tiage_dial_168,5,user,"19 , you ? where you from",2,0,
2625,tiage_dial_168,6,agent,"40 from ny , how about you ?",2,0,
2626,tiage_dial_168,7,user,"dead center of ohio , not much to do here",2,1,
2627,tiage_dial_168,8,agent,i hear ya on that . what do you do for a living ?,3,0,
2628,tiage_dial_168,9,user,i work at a fast food place temporarily,3,0,
2629,tiage_dial_168,10,agent,"oh cool . i sell cars , really dislike it . not much money to show for it either",3,0,
2630,tiage_dial_168,11,user,really ? you would think you would get good comission,3,0,
2631,tiage_dial_168,12,agent,i do but my wife takes it all unfortunately,3,0,
2632,tiage_dial_168,13,user,"well , kind of what wives are for ,",3,1,
2633,tiage_dial_168,14,agent,i will be leaving her soon . are you in college ?,4,0,
2634,tiage_dial_168,15,user,"taking some time off , i had a plan and i cant follow through",4,0,
2635,tiage_dial_168,16,user,i am sorry but do not worry,4,1,
2636,tiage_dial_169,1,user,hello i am 60 years old,0,0,
2637,tiage_dial_169,2,agent,hi ! i just sat down to listen to some classical music .,0,0,
2638,tiage_dial_169,3,user,i love classical music as a librarian its my favorite,0,1,
2639,tiage_dial_169,4,agent,being a christian i also like christian rock . do you like to read ?,1,0,
2640,tiage_dial_169,5,user,"i love to read , i have been to spain and while there i read more than ever",1,1,
2641,tiage_dial_169,6,agent,never been there . i love to ride on my tractor . i love the outdoors .,2,0,
2642,tiage_dial_169,7,user,"i will be retiring in a few years , do you like camping ?",2,0,
2643,tiage_dial_169,8,agent,i do ! i am very different from my sister . she is a pole dancer in a club .,2,0,
2644,tiage_dial_169,9,user,"that is a big difference . when you camp , how do you cook ?",2,0,
2645,tiage_dial_169,10,agent,with a campfire and cast iron pans .,2,0,
2646,tiage_dial_169,11,user,i will love relaxing in nature .,2,1,
2647,tiage_dial_169,12,agent,i just purchased a beautiful red sweater . red is my absolute favorite color .,3,0,
2648,tiage_dial_169,13,user,that is perfect for the holidays . i love to sew sweaters and hoodies .,3,0,
2649,tiage_dial_169,14,agent,i love to crochet ! it is time to start thinking about the holidays !,3,0,
2650,tiage_dial_169,15,user,"yes , i sometimes use a loom for crochet too .",3,0,
2651,tiage_dial_169,16,user,i never used a loom but will have to try sometime .,3,1,
2652,tiage_dial_170,1,user,good morning ! how are you ?,0,0,
2653,tiage_dial_170,2,agent,hello ! i am lonely . how about you ?,0,0,
2654,tiage_dial_170,3,user,i am good . i am sad to hear that you are lonely . why is this ?,0,0,
2655,tiage_dial_170,4,agent,i am the only one with superpowers . others do not understand me .,0,0,
2656,tiage_dial_170,5,user,are you allowed to tell me what your superpower is ?,0,0,
2657,tiage_dial_170,6,agent,i can make time stop . have you ever wished for this before ?,0,0,
2658,tiage_dial_170,7,user,i have never wished for this before . why do you do it ?,0,0,
2659,tiage_dial_170,8,agent,i like to because although i am a small girl it shows my powers .,0,0,
2660,tiage_dial_170,9,user,i am getting married this spring and need to plan a wedding . can you help stop time ?,0,0,
2661,tiage_dial_170,10,agent,i can . does getting married mean you do not feel lonely ?,0,0,
2662,tiage_dial_170,11,user,i am not lonely . i have a lot of things to accomplish before the big day .,0,0,
2663,tiage_dial_170,12,agent,what else do you need to accomplish ?,0,0,
2664,tiage_dial_170,13,user,"invitations , catering , photographer , venue , plus i am a kindergarten teacher and need to create curriculum .",0,0,
2665,tiage_dial_170,14,agent,that sounds very exciting and busy !,0,1,
2666,tiage_dial_170,15,user,how old are you ? i am 24 .,1,0,
2667,tiage_dial_170,16,user,i am still very young .,1,1,
2668,tiage_dial_171,1,user,hello how are you this afternoon,0,1,
2669,tiage_dial_171,2,agent,"well , i have really short hair and it is blonde . how about yourself ?",1,0,
2670,tiage_dial_171,3,user,really sounds kind of cute though lol,1,1,
2671,tiage_dial_171,4,agent,"it is freezing outside , i enjoy wearing skinny jeans and leggings . and you ?",2,0,
2672,tiage_dial_171,5,user,i am often gunning for new shoes lol,2,0,
2673,tiage_dial_171,6,agent,"oh wow , me too . my favorite shirts are flannel ruffle sleeves and any nirvana band shirt .",2,1,
2674,tiage_dial_171,7,user,"really that is sick love them , can we talk rolls royce for a second",3,0,
2675,tiage_dial_171,8,agent,"sure , i have super computer that i enjoy playing video games and listening to music on .",3,1,
2676,tiage_dial_171,9,user,ok but that rolls royce ghost tho am i right,4,0,
2677,tiage_dial_171,10,agent,"of course , it is the wallpaper for my computer",4,0,
2678,tiage_dial_171,11,user,dang get me yo feels me ?,4,0,
2679,tiage_dial_171,12,agent,yes . what music do you listen when driving your rolls royce ?,4,0,
2680,tiage_dial_171,13,user,i listen to john denver cuz we rocky mountain high,4,0,
2681,tiage_dial_171,14,agent,"i love listening to dolly parton , with the top down so everyone can listen as well .",4,0,
2682,tiage_dial_171,15,user,do not say the tops down say the boobies are out,4,1,
2683,tiage_dial_171,16,user,"in my online role play game i always run around streaking , so all can watch and admire .",5,1,
2684,tiage_dial_172,1,user,good morning ! did you see the sunset last night ? it was beautiful,0,1,
2685,tiage_dial_172,2,agent,i am only 4 years old . how old are you ?,1,0,
2686,tiage_dial_172,3,user,i just turned 18 yesterday ! it was a tough birthday though,1,0,
2687,tiage_dial_172,4,agent,really why ? my birthdays are great !,1,0,
2688,tiage_dial_172,5,user,my boyfriend and i just broke up a couple months ago . i miss him,1,0,
2689,tiage_dial_172,6,agent,that is sad . just get anew one . that is what i do when i loss a doll .,1,1,
2690,tiage_dial_172,7,user,at least i still have my pet fish ! do you have any pets,2,0,
2691,tiage_dial_172,8,agent,yes i have a turtle . i love him .,2,0,
2692,tiage_dial_172,9,user,what is your turtles name ?,2,0,
2693,tiage_dial_172,10,agent,snaps he is a snapper . whats your fishes name ?,2,0,
2694,tiage_dial_172,11,user,his name is bob . i would like to have a dog to go hiking with,2,0,
2695,tiage_dial_172,12,agent,my friend who lives next to me has a dog .,2,1,
2696,tiage_dial_172,13,user,what is your favorite color ?,3,1,
2697,tiage_dial_172,14,agent,blue . me and my best friend play dolls a lot . what do you do ?,4,0,
2698,tiage_dial_172,15,user,i go to school . do you have a favorite doll ?,4,0,
2699,tiage_dial_172,16,user,yes her name is mel . do you have a favorite class ?,4,1,
2700,tiage_dial_173,1,user,"good evening friend , hows it hangin",0,0,
2701,tiage_dial_173,2,agent,hey there ! i just got back from one of my dog agility classes .,0,0,
2702,tiage_dial_173,3,user,yeah ? how did that go and what the heck is it ?,0,0,
2703,tiage_dial_173,4,agent,it went great . my dog did awesome . what do you do ?,0,0,
2704,tiage_dial_173,5,user,but what is dog agility class ? is that yoga for dogs ? i bake bread at bakery,0,0,
2705,tiage_dial_173,6,agent,the obstacle course for dogs . i compete with larry my border collie .,0,1,
2706,tiage_dial_173,7,user,i get it . i worked at petsmart for two years and then i got canned,1,0,
2707,tiage_dial_173,8,agent,ah too bad ! i work at a barnes and noble . chemistry grad .,1,1,
2708,tiage_dial_173,9,user,my mom had a chemistry degree she died from leukemia two years after i was born,2,0,
2709,tiage_dial_173,10,agent,oh man . that is terrible . you grew up with no mom .,2,0,
2710,tiage_dial_173,11,user,docs said it was radiation poisoning . something she was working on,2,1,
2711,tiage_dial_173,12,agent,wow . bad luck . do you dance by any chance . weekends i do .,3,0,
2712,tiage_dial_173,13,user,some kind of military creepy thing . nah i do not dance are you kidding me ? my dad does !,3,1,
2713,tiage_dial_173,14,agent,i never dress up . always casual . fashion is not important to me . how about you ?,4,1,
2714,tiage_dial_173,15,user,whatever do not really care i like perfume though if its subtle,5,0,
2715,tiage_dial_173,16,user,"well , it has been different chatting with you tonight . so long .",5,1,
2716,tiage_dial_174,1,user,hi there ! sitting on the porch with my kitty .,0,1,
2717,tiage_dial_174,2,agent,i am wishing i could go out with my friends but mom and dad will not let me,1,0,
2718,tiage_dial_174,3,user,awww ! i am sorry ! where do you want to go ?,1,0,
2719,tiage_dial_174,4,agent,i want to move out so i can have fun with my friends whenever i want,1,0,
2720,tiage_dial_174,5,user,i like to have fun with my furry friends .,1,0,
2721,tiage_dial_174,6,agent,like your pets ? or are you a furry who dresses up ?,1,0,
2722,tiage_dial_174,7,user,animals . and i love to watch birds with my kitty .,1,1,
2723,tiage_dial_174,8,agent,when i have extra time i work at burger king . its kind of gross,2,0,
2724,tiage_dial_174,9,user,yuck ! animals for food ! phooey !,2,0,
2725,tiage_dial_174,10,agent,oh are you a vegetarian or vegan ?,2,0,
2726,tiage_dial_174,11,user,"i am into animal rights , so of course i am !",2,0,
2727,tiage_dial_174,12,agent,i am more focused on my friends . i do not drink or smoke like they do though,2,1,
2728,tiage_dial_174,13,user,"well , i am older than the hills ! but i have colorful hair !",3,0,
2729,tiage_dial_174,14,agent,i am only 19 but definitely ready to move out on my own,3,1,
2730,tiage_dial_174,15,user,"be careful what you wish for . holidays are coming , and i get blue .",4,0,
2731,tiage_dial_174,16,user,why do you get blue around the holidays ?,4,1,
2732,tiage_dial_175,1,user,"hi , how are you today ?",0,0,
2733,tiage_dial_175,2,agent,"good , just got home from a run , its my favorite thing to do .",0,0,
2734,tiage_dial_175,3,user,"that sounds exhilarating , i rarely leave the house , i love playing online",0,0,
2735,tiage_dial_175,4,agent,"my parents got me into running , they are very fit and trim",0,0,
2736,tiage_dial_175,5,user,"i think i am addicted to the internet , i play rpgs all the time",0,0,
2737,tiage_dial_175,6,agent,i am online some but like to be outside prepping for my marathons,0,1,
2738,tiage_dial_175,7,user,i started out going to vet school but due to my fear of blood i dropped out,1,0,
2739,tiage_dial_175,8,agent,"i just started as a life coach , i could help you get motivated",1,0,
2740,tiage_dial_175,9,user,"that would be great , i really need to get myself together",1,1,
2741,tiage_dial_175,10,agent,"do you like to cook ? i do so i can eat clean , its important .",2,0,
2742,tiage_dial_175,11,user,i usually eat frozen meals .,2,0,
2743,tiage_dial_175,12,agent,"frozen food is bad , full of nitrates .",2,0,
2744,tiage_dial_175,13,user,"i know but it is easy , fast and cheap",2,0,
2745,tiage_dial_175,14,agent,"clean eating is the way to go , you heard it from your personal life coach !",2,0,
2746,tiage_dial_175,15,user,"i will try to make some diet changes , i think you may be on the right track",2,1,
2747,tiage_dial_175,16,user,"be positive , you can can do it . do you like walking outside ?",3,1,
2748,tiage_dial_176,1,user,"hello , my name is stephanie and i am a little girl , who are you ?",0,0,
2749,tiage_dial_176,2,agent,my name is eduardo and i am thirteen,0,1,
2750,tiage_dial_176,3,user,i love playing with my dolls specifically because i like ripping their heads off .,1,0,
2751,tiage_dial_176,4,agent,"that is not ok , my older brother used to do that",1,0,
2752,tiage_dial_176,5,user,"it is not ok but it is fun , especially after you throw the heads at a fan",1,0,
2753,tiage_dial_176,6,agent,wow lol ! stick to sports ! i play soccer !,1,0,
2754,tiage_dial_176,7,user,"i would love to play soccer , but i fall everytime i try to kick the ball",1,0,
2755,tiage_dial_176,8,agent,that is not good ! practice your balance !,1,0,
2756,tiage_dial_176,9,user,maybe i get my pet turtle to play soccer instead of clumsy me lol,1,0,
2757,tiage_dial_176,10,agent,lol that would be really funny to watch,1,0,
2758,tiage_dial_176,11,user,my pet turtle would do better than me playing soccer so yes lol,1,1,
2759,tiage_dial_176,12,agent,"lol , what is his or her name ?",2,0,
2760,tiage_dial_176,13,user,"her name is shi nae nae , do you own one ?",2,0,
2761,tiage_dial_176,14,agent,no i just own a giraffe his name is earl,2,0,
2762,tiage_dial_176,15,user,and my other turtle name is water melon drea,2,0,
2763,tiage_dial_176,16,user,interesting names ! how did you come up with those ?,2,1,
2764,tiage_dial_177,1,user,i love to read . i taking spanish and french and i am good cook .,0,0,
2765,tiage_dial_177,2,agent,hi i love to eat donuts while driving in my ford pinto .,0,0,
2766,tiage_dial_177,3,user,great ! trabajo means to work and is my fave spanish word . you speak spanish or french .,0,1,
2767,tiage_dial_177,4,agent,yes spanish do you play games ? i like call of duty,1,0,
2768,tiage_dial_177,5,user,yes i play mario brothers . do you know how to say where are you in spanish ?,1,0,
2769,tiage_dial_177,6,agent,"no , but i roll play on the weekends",1,1,
2770,tiage_dial_177,7,user,oh wow ! what color is your pinto ? wee means yes in french .,2,1,
2771,tiage_dial_177,8,agent,"brown with pink dots , do you got a favorite band ?",3,0,
2772,tiage_dial_177,9,user,aerosmith ! i have the call of duty game for my console but it is in spanish .,3,0,
2773,tiage_dial_177,10,agent,my favorite band is insane clown posses .,3,1,
2774,tiage_dial_177,11,user,rose is spanish for the word pink . did you know that ?,4,0,
2775,tiage_dial_177,12,agent,no what is donut in spanish ?,4,0,
2776,tiage_dial_177,13,user,i have no clue but it would not translate here anyway .,4,1,
2777,tiage_dial_177,14,agent,haha to funny . i once ate 12 donuts did not feel great .,5,0,
2778,tiage_dial_177,15,user,wow ! what did you wash them down with ?,5,0,
2779,tiage_dial_177,16,user,soda and candy was playing call of duty heavy .,5,1,
2780,tiage_dial_178,1,user,hey how are you ?,0,0,
2781,tiage_dial_178,2,agent,i am good how are you doing,0,0,
2782,tiage_dial_178,3,user,great just took a power walk,0,1,
2783,tiage_dial_178,4,agent,that is always nice are you in school,1,0,
2784,tiage_dial_178,5,user,"nope , are you ?",1,0,
2785,tiage_dial_178,6,agent,yeah i am graduating high school this year,1,0,
2786,tiage_dial_178,7,user,"cool , are you going to college after ?",1,0,
2787,tiage_dial_178,8,agent,yeah i want to go into physical therapy,1,0,
2788,tiage_dial_178,9,user,that is a good field to be in,1,0,
2789,tiage_dial_178,10,agent,yeah what do you do for a living,1,0,
2790,tiage_dial_178,11,user,that is a good field to be in,1,1,
2791,tiage_dial_178,12,agent,what do you do for a living,2,0,
2792,tiage_dial_178,13,user,i own a few fast food restaurants,2,0,
2793,tiage_dial_178,14,agent,that is cool do you like it,2,0,
2794,tiage_dial_178,15,user,yes . i am always eating the burgers and fries lol,2,0,
2795,tiage_dial_178,16,user,lol the perks of the job,2,1,
2796,tiage_dial_179,1,user,"hello , i love chess . do you play ?",0,0,
2797,tiage_dial_179,2,agent,"yes , i have played chess in the past .",0,0,
2798,tiage_dial_179,3,user,what else do you enjoy ?,0,0,
2799,tiage_dial_179,4,agent,"i love animals , how about you ?",0,0,
2800,tiage_dial_179,5,user,i have two dogs actually . do you have any pets ?,0,0,
2801,tiage_dial_179,6,agent,"not at the current , moment .",0,0,
2802,tiage_dial_179,7,user,i just live with my dogs . how about you ?,0,0,
2803,tiage_dial_179,8,agent,i live with any animals .,0,0,
2804,tiage_dial_179,9,user,i love my dogs . sometimes i take baths with them haha,0,0,
2805,tiage_dial_179,10,agent,i do not live with any animals .,0,0,
2806,tiage_dial_179,11,user,"that is too bad , you should get a pet they are great",0,0,
2807,tiage_dial_179,12,agent,"maybe in the future , i have to think about it .",0,0,
2808,tiage_dial_179,13,user,sometimes i wish my doggies could play chess haha,0,0,
2809,tiage_dial_179,14,user,chess is a tough game to play .,0,1,
2810,tiage_dial_180,1,user,hello how are you today ?,0,0,
2811,tiage_dial_180,2,agent,"hi i am well , what is your favorite food ?",0,0,
2812,tiage_dial_180,3,user,tacos i cant drink water because i have an allergy,0,0,
2813,tiage_dial_180,4,agent,oh wow i have never heard that before . i eat kosher only,0,1,
2814,tiage_dial_180,5,user,well what do you do for fun ?,1,0,
2815,tiage_dial_180,6,agent,"i have taken a second job as a stunt double , it is fun !",1,0,
2816,tiage_dial_180,7,user,i have a robot that acts as my stunt robot but its not reald yet,1,0,
2817,tiage_dial_180,8,agent,i like robots a lot ! i just read about one in a book,1,0,
2818,tiage_dial_180,9,user,yes i got the idea to make one from a game i helped design starcraft,1,0,
2819,tiage_dial_180,10,agent,oh cool ! i just finished my twentieth book this year !,1,0,
2820,tiage_dial_180,11,user,good for you ! i am quite famous for being a twitch streamer,1,0,
2821,tiage_dial_180,12,agent,i have watched many streams when i lived with my dad,1,1,
2822,tiage_dial_180,13,user,i am also a recluse,2,1,
2823,tiage_dial_180,14,agent,"oh i am sorry about that , i only had one parent",3,0,
2824,tiage_dial_180,15,user,i am ok with it .,3,1,
2825,tiage_dial_180,16,user,well we could go to the movies if you like,4,1,
2826,tiage_dial_181,1,user,"hi , how are you today ?",0,0,
2827,tiage_dial_181,2,agent,"i am good , i just made a huge pot of paella . how are you ?",0,0,
2828,tiage_dial_181,3,user,"i am great , do you use fresh garden veggies , i love fresh veggies",0,0,
2829,tiage_dial_181,4,agent,"i love fresh veggies ! although , i am a sucker for a good fish and chips !",0,0,
2830,tiage_dial_181,5,user,"fish ! that sounds like a pet , do you have any pets , i have a dog , a weimaraner",0,1,
2831,tiage_dial_181,6,agent,"i am in college , i cannot keep a pet . do you like to travel much ?",1,0,
2832,tiage_dial_181,7,user,"i do not travel much , i teach so my only time off is in the summer",1,0,
2833,tiage_dial_181,8,agent,"i understand . i am an art major , so i live for the summer .",1,0,
2834,tiage_dial_181,9,user,"how are your weekends , i spend sunday at church .",1,1,
2835,tiage_dial_181,10,agent,"weekends , i am usually busy with school . on my long breaks though , i visit europe .",2,0,
2836,tiage_dial_181,11,user,"europe is beautiful , i could not live there though i hear women do not shave .",2,0,
2837,tiage_dial_181,12,agent,most women do shave . my favorite country to visit is italy . what is yours ?,2,0,
2838,tiage_dial_181,13,user,"australia , the ocean there is beautiful .",2,0,
2839,tiage_dial_181,14,agent,i have never been there . perhaps some day . do you travel alone ?,2,1,
2840,tiage_dial_181,15,user,"no i travel with my family , do you enjoy outdoor activities , i love to just walk .",3,0,
2841,tiage_dial_181,16,user,"i enjoy sailing very much , i am related to columbus , so its in my blood .",3,1,
2842,tiage_dial_182,1,user,hi how are you doing,0,0,
2843,tiage_dial_182,2,agent,how are you doing today,0,0,
2844,tiage_dial_182,3,user,i am good walking my dogs,0,0,
2845,tiage_dial_182,4,agent,how many dogs do you have,0,0,
2846,tiage_dial_182,5,user,i have three do you have pets,0,0,
2847,tiage_dial_182,6,agent,i have one dog and a cat,0,1,
2848,tiage_dial_182,7,user,that is cool are you in a relationship,1,0,
2849,tiage_dial_182,8,agent,yes . my husband and i just had our first kid .,1,0,
2850,tiage_dial_182,9,user,that is so cute girl or boy,1,0,
2851,tiage_dial_182,10,agent,we had a boy named taylor,1,1,
2852,tiage_dial_182,11,user,awww that is nice what do you do for a living,2,0,
2853,tiage_dial_182,12,agent,i work in a vegan restaurant,2,0,
2854,tiage_dial_182,13,user,that is nice i have a dog walking company,2,0,
2855,tiage_dial_182,14,agent,that would be really great,2,0,
2856,tiage_dial_182,15,user,yeah i love being with animals,2,1,
2857,tiage_dial_182,16,user,do you have a large family,3,1,
2858,tiage_dial_183,1,user,"hi , how are you doing tonight ?",0,0,
2859,tiage_dial_183,2,agent,doing dandy . what are you doing right now ?,0,0,
2860,tiage_dial_183,3,user,i just got off work . what are you doing ?,0,0,
2861,tiage_dial_183,4,agent,just baking some cookies for a light night snack ! i love baking cookies !,0,0,
2862,tiage_dial_183,5,user,that sounds good . my roommate and i just made left overs !,0,1,
2863,tiage_dial_183,6,agent,"oh wow , my doge just came onto my lap .",1,0,
2864,tiage_dial_183,7,user,what kind of dog do you have ?,1,0,
2865,tiage_dial_183,8,agent,a shiba . his name is gabriel .,1,0,
2866,tiage_dial_183,9,user,that is fun ! i am getting a dog next spring .,1,1,
2867,tiage_dial_183,10,agent,that is pretty cool . what do you do as a hobby ?,2,0,
2868,tiage_dial_183,11,user,i am currently in school to become a nurse .,2,0,
2869,tiage_dial_183,12,agent,"ahhh . well , i love to knit , my grandma had taught me to knit since i was little !",2,0,
2870,tiage_dial_183,13,user,that is a great hobby . what do you do for a job ?,2,0,
2871,tiage_dial_183,14,agent,"well , when i have spare time , i always help out at the county wide bake sale .",2,0,
2872,tiage_dial_183,15,user,i wish i knew how to bake . i can cook soup well .,2,0,
2873,tiage_dial_183,16,user,"same , i try to present the cookies i can to the sale .",2,1,
2874,tiage_dial_184,1,user,hi how are you today,0,0,
2875,tiage_dial_184,2,agent,hey lets get to know each other,0,0,
2876,tiage_dial_184,3,user,"sounds good , i live in nyc but grew up on farm",0,0,
2877,tiage_dial_184,4,agent,i survived a battle with cancer,0,0,
2878,tiage_dial_184,5,user,glad you survived ! that must have been awful,0,0,
2879,tiage_dial_184,6,agent,it was not that bad,0,0,
2880,tiage_dial_184,7,user,do you still have take meds ? my meds give me awful side effects,0,0,
2881,tiage_dial_184,8,agent,yes i get high off chemotherapy,0,0,
2882,tiage_dial_184,9,user,i am recovering alcoholic so meds are hard for me,0,0,
2883,tiage_dial_184,10,agent,i am a eater who is clean,0,1,
2884,tiage_dial_184,11,user,life was easier on the farm,1,0,
2885,tiage_dial_184,12,agent,i completely agree with you there,1,0,
2886,tiage_dial_184,13,user,big city life to overwhelming too much pressure,1,0,
2887,tiage_dial_184,14,agent,i love to run and participate in marathons,1,0,
2888,tiage_dial_184,15,user,awesome ! i wish i was that healthy,1,0,
2889,tiage_dial_184,16,user,its a must . got to keep the cancer away,1,1,
2890,tiage_dial_185,1,user,"hi , do you have any hobbies ? i spend my time fighting animal causes",0,0,
2891,tiage_dial_185,2,agent,"no , i have a real job and a 2011 degree from yale",0,1,
2892,tiage_dial_185,3,user,wow impressive . not sure you would be impressed with my rainbow coloured hair,1,0,
2893,tiage_dial_185,4,agent,"hey , i never said that ! i am from manhattan , i am used to that .",1,0,
2894,tiage_dial_185,5,user,we could get on then ! you must be quite young ?,1,0,
2895,tiage_dial_185,6,agent,"yes , i graduated from yale at the age on 9 .",1,0,
2896,tiage_dial_185,7,user,genius ! i have reached the age where i no longer say . any family ?,1,0,
2897,tiage_dial_185,8,agent,"my parents are bankers , they are training me to take money from helpless goyim .",1,1,
2898,tiage_dial_185,9,user,are they succeeding ? i find the holidays depressing just me and the cats . any pets ?,2,0,
2899,tiage_dial_185,10,agent,i keep my pet monkey bobo in the trunk of my bmw,2,0,
2900,tiage_dial_185,11,user,bit cruel ? i watch birds with my cat maybe that is cruel as well ?,2,0,
2901,tiage_dial_185,12,agent,"it is ok , i feed bobo cats . it is the circle of life .",2,1,
2902,tiage_dial_185,13,user,cheery and i told you how i fight animal causes . what makes you laugh ?,3,0,
2903,tiage_dial_185,14,user,that is a good question . my family was generally humorless .,3,1,
2904,tiage_dial_186,1,user,"hey , it is nice to chat with you today . how are you doing ?",0,0,
2905,tiage_dial_186,2,agent,"doing well , just got off of work at my new job at the gas station .",0,0,
2906,tiage_dial_186,3,user,oh nice . do you like it there ? i am actually chatting from a juvenile detention center .,0,0,
2907,tiage_dial_186,4,agent,it is a job for now . i really prefer working with plants and gardening .,0,0,
2908,tiage_dial_186,5,user,"ah , i understand . i wish i had thought like you before i decided to shoplift .",0,0,
2909,tiage_dial_186,6,agent,how long do you have to stay in the center ? my parents would kill me .,0,0,
2910,tiage_dial_186,7,user,i am here for another month . my parents were pretty upset about the whole thing .,0,0,
2911,tiage_dial_186,8,agent,my parents adopted me when i was young . they were older and old fashioned .,0,0,
2912,tiage_dial_186,9,user,ohh . i am pretty luck i would say . my mom is visiting me tomorrow .,0,1,
2913,tiage_dial_186,10,agent,that is awesome . are you scared there ? i am so scared of clowns .,1,0,
2914,tiage_dial_186,11,user,i was to begin with . but it is better now .,1,1,
2915,tiage_dial_186,12,agent,maybe you can date when you get out . my dad tries to get blind dates for me .,2,0,
2916,tiage_dial_186,13,user,"oh , interesting . how do the blind dates usually go ?",2,0,
2917,tiage_dial_186,14,user,i have not gone on one yet . he just keeps trying to set me up .,2,1,
2918,tiage_dial_187,1,user,i finally hit 2k followers on twitter !,0,0,
2919,tiage_dial_187,2,agent,congrats ! do you use twitter a lot ?,0,0,
2920,tiage_dial_187,3,user,"oh , all the time . i am a huge internet junkie . facebook , twitter , etc .",0,0,
2921,tiage_dial_187,4,agent,"i never got into twitter , probably because i am a little older than 30 .",0,0,
2922,tiage_dial_187,5,user,not much of an internet person ?,0,0,
2923,tiage_dial_187,6,agent,i can be sometimes but mostly facebook . i post a lot of picture of my dogs .,0,0,
2924,tiage_dial_187,7,user,how many dogs do you have ?,0,0,
2925,tiage_dial_187,8,agent,i have two dogs . do you have any pets ?,0,0,
2926,tiage_dial_187,9,user,"no , i cannot afford pets right now . organic pet food is super expensive .",0,0,
2927,tiage_dial_187,10,agent,"it is , but i am single so i do not mind spending the money .",0,0,
2928,tiage_dial_187,11,user,someday i will afford it . it is hard to get a good job as a woman here,0,0,
2929,tiage_dial_187,12,agent,where do you live right now ?,0,0,
2930,tiage_dial_187,13,user,i live in a big city,0,0,
2931,tiage_dial_187,14,agent,me too but it is hard being in a big city when you do not drink .,0,0,
2932,tiage_dial_187,15,user,"oh , i can imagine , drinking is a big culture thing",0,0,
2933,tiage_dial_187,16,user,"it is , but i have other hobbies like playing chess .",0,1,
2934,tiage_dial_188,1,user,"hello there , how goes it ?",0,0,
2935,tiage_dial_188,2,agent,i am great because taco tuesday is coming up soon . are you celebrating ?,0,0,
2936,tiage_dial_188,3,user,that is absolutely great just fantastic,0,0,
2937,tiage_dial_188,4,agent,you seem like a very positive person .,0,0,
2938,tiage_dial_188,5,user,"i like to think so , happens when you have lost a lot",0,1,
2939,tiage_dial_188,6,agent,i know what you mean . i just recently lost my dog .,1,0,
2940,tiage_dial_188,7,user,did he run away from you ?,1,0,
2941,tiage_dial_188,8,agent,yes . my sisters and i looked for him everywhere but we never found him .,1,1,
2942,tiage_dial_188,9,user,i bought a new home,2,0,
2943,tiage_dial_188,10,agent,congratulations ! that is great ! is it a one story or two ?,2,0,
2944,tiage_dial_188,11,user,it is a 5 story place,2,0,
2945,tiage_dial_188,12,agent,wow ! no way ! what are you going to do with all that space ?,2,0,
2946,tiage_dial_188,13,user,build a spaceship duh uh,2,0,
2947,tiage_dial_188,14,agent,"oh , of course . i would build an indoor swimming pool on every level .",2,0,
2948,tiage_dial_188,15,user,"heck yeah , i really like waffles too",2,0,
2949,tiage_dial_188,16,user,maybe you can build a waffle bar on one of those floors .,2,1,
2950,tiage_dial_189,1,user,happy sunday . i am talking to you from the park,0,0,
2951,tiage_dial_189,2,agent,i am talking to you from my ping pong match on break .,0,0,
2952,tiage_dial_189,3,user,that is cool ! is it a competition where you win money ?,0,0,
2953,tiage_dial_189,4,agent,yes it is . more money for my chocolate bars i love so much .,0,0,
2954,tiage_dial_189,5,user,i can understand . winning money to support your chocolate bar habit,0,0,
2955,tiage_dial_189,6,agent,yes . because my real job is teaching violin and guitar in chinese .,0,0,
2956,tiage_dial_189,7,user,interesting . i am currently in the market for a new job .,0,0,
2957,tiage_dial_189,8,agent,"my father , who is chinese , might can get you a job as an electrician .",0,0,
2958,tiage_dial_189,9,user,i am eager to learn .,0,0,
2959,tiage_dial_189,10,agent,good . i talk chinese so i would teach you to talk to father .,0,0,
2960,tiage_dial_189,11,user,also violin too ? i have always wanted to learn,0,0,
2961,tiage_dial_189,12,agent,yes i can teach you that .,0,0,
2962,tiage_dial_189,13,user,i would like to have you teach my daughter music too . she is a prodigy .,0,0,
2963,tiage_dial_189,14,user,"oh i was too . in chinese , guitar , and violin . ping pong too .",0,1,
2964,tiage_dial_190,1,user,"hello , how are you tonight ?",0,0,
2965,tiage_dial_190,2,agent,i am feeling a little lonely .,0,0,
2966,tiage_dial_190,3,user,are all of the bars and clubs closed tonight ?,0,0,
2967,tiage_dial_190,4,agent,i am too young to know .,0,0,
2968,tiage_dial_190,5,user,"gotcha , you should never know what they are .",0,0,
2969,tiage_dial_190,6,agent,"from my view , there are not a lot of people out tonight .",0,1,
2970,tiage_dial_190,7,user,you must be in a very small town . do you have any hobbies ?,1,0,
2971,tiage_dial_190,8,agent,"no , unless you count using my superpowers .",1,0,
2972,tiage_dial_190,9,user,what superpowers do you have ?,1,0,
2973,tiage_dial_190,10,agent,i have the ability to make time stop .,1,0,
2974,tiage_dial_190,11,user,that is so cool . can you go back in time ?,1,0,
2975,tiage_dial_190,12,agent,"no , i have not learned how to yet .",1,0,
2976,tiage_dial_190,13,user,that would be the one i want .,1,0,
2977,tiage_dial_190,14,agent,it would be nice . i like to stop time when i am feeling stressed .,1,0,
2978,tiage_dial_190,15,user,shopping is one of my favorite hobbies .,1,0,
2979,tiage_dial_190,16,user,i do not go shopping very much .,1,1,
2980,tiage_dial_191,1,user,hi i am from another country .,0,0,
2981,tiage_dial_191,2,agent,hi ! what country are you from ?,0,0,
2982,tiage_dial_191,3,user,i am from mexico . i am moving into my home soon you ?,0,1,
2983,tiage_dial_191,4,agent,i am in the us . i love my dogs and eating .,1,0,
2984,tiage_dial_191,5,user,that us cool . i am having triplets soon .,1,0,
2985,tiage_dial_191,6,agent,that is awesome ! congratulations ! i workout a lot . do you ?,1,0,
2986,tiage_dial_191,7,user,thank you . sometimes i work out . that sounds fun though,1,0,
2987,tiage_dial_191,8,agent,"the treadmill is my favorite , that and the rowing machine .",1,0,
2988,tiage_dial_191,9,user,i am a teacher i really enjoy it .,1,0,
2989,tiage_dial_191,10,agent,"good , we need good teachers",1,0,
2990,tiage_dial_191,11,user,yes we do . i am glad you like to workout .,1,0,
2991,tiage_dial_191,12,agent,i have to since i eat all the time,1,1,
2992,tiage_dial_191,13,user,my husband already has one child so we are happy i like food also .,2,0,
2993,tiage_dial_191,14,agent,he has a child from a previous marriage ?,2,0,
2994,tiage_dial_191,15,user,well a previous relationship yes .,2,0,
2995,tiage_dial_191,16,user,that is common . i would like to have children in the future .,2,1,
2996,tiage_dial_192,1,user,phew . that was a tough day out in the cold .,0,0,
2997,tiage_dial_192,2,agent,"it is cold here too , where are you from ?",0,0,
2998,tiage_dial_192,3,user,"canada . i am an apprentice electrician , so lots of time outside .",0,0,
2999,tiage_dial_192,4,agent,"oh wow ! i am in colorado , i am outside a lot too .",0,0,
3000,tiage_dial_192,5,user,"colorado would be cool to visit . lots of trucks there , i love my trucks ! !",0,0,
3001,tiage_dial_192,6,agent,"i mostly hike when the weather is nice , but too cold now !",0,0,
3002,tiage_dial_192,7,user,yeah getting cold . gotta help my parents on their farm soon .,0,0,
3003,tiage_dial_192,8,agent,"i love farms , i am behind a desk , since i am an engineer .",0,0,
3004,tiage_dial_192,9,user,that must be more interesting then fiddling with wires outside all day in the cold .,0,0,
3005,tiage_dial_192,10,agent,maybe i try to get the stress out by rock climbing after work,0,0,
3006,tiage_dial_192,11,user,"seems like you love the outdoors , wish i could say the same .",0,0,
3007,tiage_dial_192,12,agent,i do . what do you like to do ?,0,0,
3008,tiage_dial_192,13,user,"mainly just driving around in my truck to work sites , listening to country music !",0,0,
3009,tiage_dial_192,14,agent,"if i had a truck , i could take my lab trooper all over everywhere !",0,0,
3010,tiage_dial_192,15,user,nothing like a dog and a truck !,0,0,
3011,tiage_dial_192,16,user,"yes ! he is a black lab , would hang his head out the window .",0,1,
3012,tiage_dial_193,1,user,i got a big house with 7 rooms,0,0,
3013,tiage_dial_193,2,agent,"nice , majority of my time i am on facebook",0,0,
3014,tiage_dial_193,3,user,one time i saw a man fly to the moon,0,0,
3015,tiage_dial_193,4,agent,like on tv ? i am obese and unhappy,0,1,
3016,tiage_dial_193,5,user,"when i worked in the cia i used facebook to spy on people , handy tool",1,0,
3017,tiage_dial_193,6,agent,i would love to hear more i work at a retirement home,1,0,
3018,tiage_dial_193,7,user,"obesity is a state of mind , not of body",1,0,
3019,tiage_dial_193,8,agent,"thank you for that , you are what you believe ?",1,1,
3020,tiage_dial_193,9,user,"look energy is not physical , only spiritual",2,0,
3021,tiage_dial_193,10,agent,"so , i should be able to lose weight ?",2,0,
3022,tiage_dial_193,11,user,yes you can be anything you believe,2,0,
3023,tiage_dial_193,12,agent,i feel a lot better hearing that,2,0,
3024,tiage_dial_193,13,user,you can change your dna with special frequencies,2,0,
3025,tiage_dial_193,14,agent,"i want that , i have struggled for 10 years",2,0,
3026,tiage_dial_193,15,user,"the power is within you , it has always been within you since you were born",2,0,
3027,tiage_dial_193,16,user,i am going to start this positive thinking,2,1,
3028,tiage_dial_194,1,user,"hello , how are you doing today ?",0,0,
3029,tiage_dial_194,2,agent,hi have you watched element animation yes i am fine,0,0,
3030,tiage_dial_194,3,user,nope i do not know what that is actually .,0,0,
3031,tiage_dial_194,4,agent,it is on y o u t u b e,0,0,
3032,tiage_dial_194,5,user,i will check it out . do you have a job ?,0,0,
3033,tiage_dial_194,6,agent,were do you live . a no,0,0,
3034,tiage_dial_194,7,user,i live with my parents and i freaking hate it,0,0,
3035,tiage_dial_194,8,agent,how old are you and same for me,0,0,
3036,tiage_dial_194,9,user,i am nineteen years old cant wait to get out of here .,0,0,
3037,tiage_dial_194,10,agent,congrats to you i am 11 working on my mom account,0,0,
3038,tiage_dial_194,11,user,well stay in school and do not do drugs !,0,1,
3039,tiage_dial_194,12,agent,to earn money for myself . i hate drugs do . do you play games,1,0,
3040,tiage_dial_194,13,user,what kind of games ? video games ?,1,0,
3041,tiage_dial_194,14,agent,yes what your name mine is z a d e n,1,0,
3042,tiage_dial_194,15,user,my name is banjo . i do not play many video games though,1,0,
3043,tiage_dial_194,16,user,oh my mom says that i can not play them that they are bad for me,1,1,
3044,tiage_dial_195,1,user,hi there how are you doing ?,0,0,
3045,tiage_dial_195,2,agent,guten tag ! i watching some food network .,0,0,
3046,tiage_dial_195,3,user,o ok i am just checking my app for tomorrow i have a walking business for dogs,0,0,
3047,tiage_dial_195,4,agent,that is good ! i am still finding work from my move from germany .,0,0,
3048,tiage_dial_195,5,user,my dad was a door to door kind of sales person until he finished law school,0,0,
3049,tiage_dial_195,6,agent,"that is cool . right now , i spend my time with my hobbies roller coasters and skydiving .",0,0,
3050,tiage_dial_195,7,user,i tend to go out alot since i am in a open poly relationship,0,0,
3051,tiage_dial_195,8,agent,"i am too ! my partners love to go swimming , but i am awful at it .",0,0,
3052,tiage_dial_195,9,user,i love swimming and skinny dipping lol,0,0,
3053,tiage_dial_195,10,agent,i prefer my roller coasters and thrills .,0,0,
3054,tiage_dial_195,11,user,haha try it first i like the thrill of it better than a roller coaster,0,0,
3055,tiage_dial_195,12,agent,i am less than a novice swimmer . i excel at drowning .,0,0,
3056,tiage_dial_195,13,user,omg never mind i did it the first time because i lost a bet,0,0,
3057,tiage_dial_195,14,agent,that is interesting . what was the bet ?,0,0,
3058,tiage_dial_195,15,user,that the cubs would loose last year at the world series lol,0,0,
3059,tiage_dial_195,16,user,ah . that is a tough bet . i do not follow sports .,0,1,
3060,tiage_dial_196,1,user,hello how are u tonight where are u from,0,0,
3061,tiage_dial_196,2,agent,i am from chicago i do tours at the museums,0,0,
3062,tiage_dial_196,3,user,i was born in somalia now in the united states,0,1,
3063,tiage_dial_196,4,agent,o ok what do you like to do,1,0,
3064,tiage_dial_196,5,user,i love to dance and i wish i was dancing on broadway,1,0,
3065,tiage_dial_196,6,agent,i would love to do that but being partly deaf i do not know,1,1,
3066,tiage_dial_196,7,user,are u single or married,2,0,
3067,tiage_dial_196,8,agent,i am single my big collection of books at home keeps me company,2,0,
3068,tiage_dial_196,9,user,i like to read books are easy to get lost in,2,0,
3069,tiage_dial_196,10,agent,yes they are whats your favorite drink mine is fancy tea,2,0,
3070,tiage_dial_196,11,user,i like to drink soda to young for the hard stuff,2,1,
3071,tiage_dial_196,12,agent,o ok well what do you like to do ?,3,0,
3072,tiage_dial_196,13,user,sports and school work keep me pretty busy right now,3,0,
3073,tiage_dial_196,14,agent,well make sure to make time for something fun,3,0,
3074,tiage_dial_196,15,user,yeah i have had a hard life up till now,3,0,
3075,tiage_dial_196,16,user,well i hope it only gets better from here,3,1,
3076,tiage_dial_197,1,user,i love baking cookies ! i make them out of spaghetti and chocolate chips .,0,1,
3077,tiage_dial_197,2,agent,bugs bother me but scorpions are the absolute worst,1,0,
3078,tiage_dial_197,3,user,scorpions and spiders are my number one fear in regards to ways to die .,1,1,
3079,tiage_dial_197,4,agent,"i like grey it is the color of my room , my car , and pretty much my life",2,0,
3080,tiage_dial_197,5,user,"i cannot say i like grey , the country bake sale generally has pastel colors .",2,0,
3081,tiage_dial_197,6,agent,"bake sales have people . i work for the post office , it keeps me away from people",2,0,
3082,tiage_dial_197,7,user,mail induced death is number 179 on my death list ; mailmen are forbidden in this house .,2,0,
3083,tiage_dial_197,8,agent,"in to conspiracies ? nascar drivers , like my dad , say their owners are aliens",2,0,
3084,tiage_dial_197,9,user,alien probe malfunction is number 296 on my list of potentially death causing incidents .,2,0,
3085,tiage_dial_197,10,agent,whatever . where does death by scorpions fall on your list ?,2,0,
3086,tiage_dial_197,11,user,number 24 under the red alert section . red alert means high probability .,2,0,
3087,tiage_dial_197,12,agent,death is not so bad . it is grey and a lot like working overtime,2,1,
3088,tiage_dial_197,13,user,my only hobby that does not illicit potential death is knitting . do you like to knit ?,3,0,
3089,tiage_dial_197,14,agent,my mom knitted me a grey and brown scorpion once . i hate her .,3,0,
3090,tiage_dial_197,15,user,death by mother made scorpion is number 1068 on my list . i knit all my lists .,3,0,
3091,tiage_dial_197,16,user,where does getting stabbed by knitting needles rate ?,3,1,
3092,tiage_dial_198,1,user,"good evening , how are you ?",0,1,
3093,tiage_dial_198,2,agent,"hi , do you like to travel ? i love spain so much .",1,0,
3094,tiage_dial_198,3,user,i do not get to travel too much . i own a dog walking service .,1,0,
3095,tiage_dial_198,4,agent,"i am fine , how old are you ? i am 60 .",1,0,
3096,tiage_dial_198,5,user,i am 43 and i have 3 dogs .,1,0,
3097,tiage_dial_198,6,agent,"i work as a librarian , i do not get to walk much which i really need to",1,0,
3098,tiage_dial_198,7,user,me either . i enjoy viewing the olympics .,1,1,
3099,tiage_dial_198,8,agent,spain is a country that i had been for six times .,2,0,
3100,tiage_dial_198,9,user,i do not even have a passport .,2,0,
3101,tiage_dial_198,10,agent,i love to collect olympic key chains from all over the world when i travel,2,0,
3102,tiage_dial_198,11,user,that is cool . i need to travel someday .,2,0,
3103,tiage_dial_198,12,agent,why not ? maybe you do not like to travel ?,2,0,
3104,tiage_dial_198,13,user,i do not know but i need to try to find out .,2,0,
3105,tiage_dial_198,14,agent,would you like to go to spain ?,2,0,
3106,tiage_dial_198,15,user,"yeah , i think i would like that .",2,0,
3107,tiage_dial_198,16,user,"i do suggest spain , the place is really nice with great people .",2,1,
3108,tiage_dial_199,1,user,hello where are you from ?,0,1,
3109,tiage_dial_199,2,agent,"i am from , orlando , do you like to play with dolls ? i do",1,0,
3110,tiage_dial_199,3,user,"i do not play with dolls , but i do dance",1,0,
3111,tiage_dial_199,4,agent,"that is cool , my best friend next door dances alot",1,1,
3112,tiage_dial_199,5,user,i had a best friend back in somalia where i was born,2,0,
3113,tiage_dial_199,6,agent,you were born in somalia ? are you still there ?,2,0,
3114,tiage_dial_199,7,user,i am in the u . s . now thanks to my aunt,2,1,
3115,tiage_dial_199,8,agent,"good , if you like it here . do you have any toys ?",3,0,
3116,tiage_dial_199,9,user,"i do not have any toys , do you ?",3,1,
3117,tiage_dial_199,10,agent,"i do , thanks for asking . do not always put them away however . . . what do you do ?",4,0,
3118,tiage_dial_199,11,user,i am a home maker . i had an arranged marriage as a child,4,0,
3119,tiage_dial_199,12,agent,"your culture is diverse , all i have is a turtle companion , how did it work out ?",4,0,
3120,tiage_dial_199,13,user,it worked out well . i dance to keep busy,4,0,
3121,tiage_dial_199,14,agent,"i think i will try dancing with scruffy , my turtle",4,0,
3122,tiage_dial_199,15,user,your turtle will like that,4,1,
3123,tiage_dial_199,16,user,do you have a job ?,5,1,
3124,tiage_dial_200,1,user,"good evening , how are you ?",0,0,
3125,tiage_dial_200,2,agent,one time i had my lighter set too high and my mustache caught on fire,0,0,
3126,tiage_dial_200,3,user,i was tending the fields one day and set a fire,0,0,
3127,tiage_dial_200,4,agent,but i later found out the russians hacked my lighter and caused that,0,0,
3128,tiage_dial_200,5,user,i fell of a horse with a lit cigarette setting fire to the dry weeds,0,0,
3129,tiage_dial_200,6,agent,"i use to work for the cia and i caught a russian spy , not personal",0,0,
3130,tiage_dial_200,7,user,my father had his farm used for a cia operation once .,0,0,
3131,tiage_dial_200,8,agent,"man a horse can kick you so hard , you go flying",0,0,
3132,tiage_dial_200,9,user,i know i have 3 arabian horses .,0,1,
3133,tiage_dial_200,10,agent,"i am not saying it was aliens , but it was aliens",1,0,
3134,tiage_dial_200,11,user,the aliens did what to you ?,1,0,
3135,tiage_dial_200,12,agent,"ask not what your country can do for you , but what you can do for africa",1,0,
3136,tiage_dial_200,13,user,are you currently living in africa ?,1,0,
3137,tiage_dial_200,14,agent,i live on the moon,1,0,
3138,tiage_dial_200,15,user,how is it there ? how long have you been there ?,1,0,
3139,tiage_dial_200,16,user,one time i had this old peanut butter and i used it to seal my car engine,1,1,
3140,tiage_dial_201,1,user,hi how is it going over there ?,0,0,
3141,tiage_dial_201,2,agent,hi i am doing good . was just reading a book trying to relax .,0,0,
3142,tiage_dial_201,3,user,good . i just walked the dog .,0,0,
3143,tiage_dial_201,4,agent,how long was your walk ? everyday i walk three miles .,0,0,
3144,tiage_dial_201,5,user,i walk as far as the dog wants to go . probably 1 mile .,0,1,
3145,tiage_dial_201,6,agent,what else do you like to do ?,1,0,
3146,tiage_dial_201,7,user,i go to church every sunday .,1,0,
3147,tiage_dial_201,8,agent,that is nice . i like to spend time with my family as much as possible .,1,1,
3148,tiage_dial_201,9,user,very devoted . i admire that . where do you work ?,2,0,
3149,tiage_dial_201,10,agent,i am a stay at home mom . i just love taking care of my family .,2,0,
3150,tiage_dial_201,11,user,wonderful . i am a school teacher . i usually sleep early .,2,1,
3151,tiage_dial_201,12,agent,where do you like to go when you are off in the summer ?,3,0,
3152,tiage_dial_201,13,user,i visit my sister in canada .,3,1,
3153,tiage_dial_201,14,agent,i cannot get enough of disneyland ! i love mickey mouse !,4,0,
3154,tiage_dial_201,15,user,disney is the top destination for family !,4,0,
3155,tiage_dial_201,16,user,it is always so exciting and magical !,4,1,
3156,tiage_dial_202,1,user,"hi , want to get to know each other ?",0,0,
3157,tiage_dial_202,2,agent,"yes , i have a job at a nursing home and on facebook a lot .",0,0,
3158,tiage_dial_202,3,user,i can not have a facebook account yet . i am 8,0,0,
3159,tiage_dial_202,4,agent,"i have a son who is 8 he lives with his mom , she left me .",0,0,
3160,tiage_dial_202,5,user,"that is sad , but i bet he gets two christmas days each year",0,0,
3161,tiage_dial_202,6,agent,"yes he does , even though i do not really believe in god .",0,1,
3162,tiage_dial_202,7,user,that is fine santa will still visit him . santa brought me a big mickey last year,1,0,
3163,tiage_dial_202,8,agent,how cool ! mickey is a pretty cool dude .,1,1,
3164,tiage_dial_202,9,user,oh yeah ! we go to disney world a lot . i love splash mountain,2,0,
3165,tiage_dial_202,10,agent,that is cool i do not go to parks i need to lose weight .,2,0,
3166,tiage_dial_202,11,user,you could still go . they have those cool wheelchairs you can borrow,2,1,
3167,tiage_dial_202,12,agent,"oh , i am not a very happy person i would just bring everyone down .",3,0,
3168,tiage_dial_202,13,user,oh no the park makes you happy . it is the happiest place on earth,3,0,
3169,tiage_dial_202,14,agent,well maybe i will plan a trip with my kid next year .,3,0,
3170,tiage_dial_202,15,user,that is a great idea ! he will like you more than his mom,3,0,
3171,tiage_dial_202,16,user,"oh that would be cool , i hope he love us both though .",3,1,
3172,tiage_dial_203,1,user,hey ! where did you grow up ? farm life was all i knew as a child .,0,1,
3173,tiage_dial_203,2,agent,"michigan , i broke my arm",1,0,
3174,tiage_dial_203,3,user,"that sucks , i am sorry to hear that . did you get any medications for it ?",1,0,
3175,tiage_dial_203,4,agent,"i always wear a hat , no meds",1,0,
3176,tiage_dial_203,5,user,the medications i take make me see some weird stuff . it is disorienting .,1,1,
3177,tiage_dial_203,6,agent,my favorite skateboarder is rob dryden,2,0,
3178,tiage_dial_203,7,user,never heard of him . does he drink ? i cannot drink any more . i am in recovery .,2,0,
3179,tiage_dial_203,8,agent,"no , he is like my friends all skateboarders",2,0,
3180,tiage_dial_203,9,user,"it is good that he does not drink . skateboarders are cool , though .",2,0,
3181,tiage_dial_203,10,agent,"yeah would be bad to see skateboarders drunk , huh ?",2,0,
3182,tiage_dial_203,11,user,"haha , yeah that could be bad ! i live in the city and see plenty of wipeouts .",2,0,
3183,tiage_dial_203,12,agent,city life is the best life,2,1,
3184,tiage_dial_203,13,user,i definitely agree . have you ever wiped out on a skateboard ?,3,0,
3185,tiage_dial_203,14,agent,"yeah , holding a pizza , it was pretty cheesy",3,0,
3186,tiage_dial_203,15,user,ba dum tss ! pizza is so delicious .,3,0,
3187,tiage_dial_203,16,user,"it sure , your favorite toppings ?",3,1,
3188,tiage_dial_204,1,user,hi there ! what is your name ?,0,0,
3189,tiage_dial_204,2,agent,hi my name is jessica . what is yours ?,0,1,
3190,tiage_dial_204,3,user,my name is blake . what do you do for a living ?,1,0,
3191,tiage_dial_204,4,agent,i work at a restaurants called panera,1,0,
3192,tiage_dial_204,5,user,"oh , i have been there many times while on the road . do enjoy your job ?",1,0,
3193,tiage_dial_204,6,agent,its ok . i am a cashier . i like the people and managers are really nice .,1,1,
3194,tiage_dial_204,7,user,what do you like to do for fun ?,2,0,
3195,tiage_dial_204,8,agent,i like to go to the gym .,2,0,
3196,tiage_dial_204,9,user,do you aspire to be a personal trainer one day ?,2,0,
3197,tiage_dial_204,10,agent,no . i just like to workout .,2,1,
3198,tiage_dial_204,11,user,where do you see your career going ?,3,0,
3199,tiage_dial_204,12,agent,i am actually an artist .,3,0,
3200,tiage_dial_204,13,user,"oh wow , has that been a lucrative venture for you ?",3,0,
3201,tiage_dial_204,14,user,"well , not yet . i am working on it .",3,1,
3202,tiage_dial_205,1,user,hi i am a fan of brittany spears,0,0,
3203,tiage_dial_205,2,agent,hi ! i see things . . . a lot .,0,0,
3204,tiage_dial_205,3,user,i like to take care of myself with expensive things,0,0,
3205,tiage_dial_205,4,agent,"i am an alcoholic , but i am recovering",0,0,
3206,tiage_dial_205,5,user,i love to tan all of the time in special shops,0,0,
3207,tiage_dial_205,6,agent,i am from the farm but i am now in the city,0,0,
3208,tiage_dial_205,7,user,"i love to shop , shop for expensive things , shop all of the time",0,0,
3209,tiage_dial_205,8,agent,i hate shopping . i let my girlfriend do it,0,0,
3210,tiage_dial_205,9,user,i love to go to concerts and go backstage on vip passes,0,0,
3211,tiage_dial_205,10,agent,i am not a big fan of expensive stuff or care about material things,0,0,
3212,tiage_dial_205,11,user,"i love to go out and stay up all night long to party , party , party",0,1,
3213,tiage_dial_205,12,agent,are you a teenage girl ?,1,0,
3214,tiage_dial_205,13,user,i love to sleep in late and eat brunch and then do it all again,1,0,
3215,tiage_dial_205,14,user,this is honestly so funny,1,1,
3216,tiage_dial_206,1,user,"hey , how are you doing today",0,0,
3217,tiage_dial_206,2,agent,"i am kind of sad because my ex dumped me for a lawyer , you ?",0,0,
3218,tiage_dial_206,3,user,i am sorry to hear that . i prefer open relationships so i can be free !,0,0,
3219,tiage_dial_206,4,agent,that is awesome that means you are very open minded .,0,1,
3220,tiage_dial_206,5,user,i try to be ! do you like sports ?,1,0,
3221,tiage_dial_206,6,agent,"nope , i prefer to stay inside , i am a recording engineer and own my own studio .",1,0,
3222,tiage_dial_206,7,user,that is unique . i love the olympics . i walk dogs to make money .,1,1,
3223,tiage_dial_206,8,agent,"awesome , how old are you ?",2,0,
3224,tiage_dial_206,9,user,i am 25 . how old are you ?,2,0,
3225,tiage_dial_206,10,agent,i am 46 yrs old i live in california and i have 46 kids .,2,0,
3226,tiage_dial_206,11,user,46 kids ? how do you handle that ? i do door to door sales with my dad .,2,0,
3227,tiage_dial_206,12,agent,"i hire multiple baby sitters to take care of my kids , i am a single dad .",2,0,
3228,tiage_dial_206,13,user,i am very impressed ! you seem to have it all together .,2,0,
3229,tiage_dial_206,14,agent,i have to do work a lot to take care of my kids it is actually draining,2,0,
3230,tiage_dial_206,15,user,all of that work will pay off one day . just hang in there .,2,0,
3231,tiage_dial_206,16,user,"when they all turn 18 i will be happy , lol .",2,1,
3232,tiage_dial_207,1,user,"hello , how are you today ?",0,0,
3233,tiage_dial_207,2,agent,i am good but i really do not like school .,0,0,
3234,tiage_dial_207,3,user,"i am sorry to hear that , i did not graduate during highschool .",0,1,
3235,tiage_dial_207,4,agent,i am 12 and the kids pick on me because i have long red hair .,1,0,
3236,tiage_dial_207,5,user,do you like your hair ? my army buddy has red hair .,1,0,
3237,tiage_dial_207,6,agent,i like it and my eyes are bluer then any of theirs .,1,1,
3238,tiage_dial_207,7,user,well that sounds nice ! where are you from ?,2,0,
3239,tiage_dial_207,8,agent,arizona . where do you live ? i play video games when i finish my homework .,2,0,
3240,tiage_dial_207,9,user,i am in canada and i love eating shawarma too .,2,0,
3241,tiage_dial_207,10,agent,what is that big word shawarma ?,2,0,
3242,tiage_dial_207,11,user,it is like a burrito . a meat filled tortilla,2,0,
3243,tiage_dial_207,12,agent,what is that big word shawarma ?,2,0,
3244,tiage_dial_207,13,user,what else do you like to do ?,2,0,
3245,tiage_dial_207,14,agent,"oh , i like burritos a lot .",2,0,
3246,tiage_dial_207,15,user,"me too , delicious . i like veal ones best .",2,0,
3247,tiage_dial_207,16,user,i like to ride horses and play softball .,2,1,
3248,tiage_dial_208,1,user,good morning . how are you ? i just baked some cookies this morning .,0,0,
3249,tiage_dial_208,2,agent,very well . cookies sound awesome . just jamming to new kids .,0,0,
3250,tiage_dial_208,3,user,the cookies are for the country wide bake sale . i feel at home there .,0,0,
3251,tiage_dial_208,4,agent,my home would be the dance studio . i still take weekly lessons .,0,0,
3252,tiage_dial_208,5,user,sounds fun ! knitting is my other passion . i am making scarves for my dogs .,0,0,
3253,tiage_dial_208,6,agent,"my favorite is old school hip hop though , do you like to dance ?",0,0,
3254,tiage_dial_208,7,user,i liked to dance but i am scared i will hurt myself and die . you ?,0,0,
3255,tiage_dial_208,8,agent,"do not think much about that , even though i was born in the early 80s .",0,0,
3256,tiage_dial_208,9,user,you are still young ! you have many good years of baking and knitting for hobbies !,0,0,
3257,tiage_dial_208,10,agent,"yes , but i wish i still had my lite brite doll from when i was a child .",0,0,
3258,tiage_dial_208,11,user,those are very lovely . i remember them well !,0,1,
3259,tiage_dial_208,12,agent,"she was my favorite , along with new kids on the block . you ?",1,0,
3260,tiage_dial_208,13,user,i like my dogs and my hobbies .,1,0,
3261,tiage_dial_208,14,agent,those are great also . dogs are probably my favorite animals .,1,1,
3262,tiage_dial_208,15,user,yes my dear they are fabulous animals . do you have pets ?,2,0,
3263,tiage_dial_208,16,user,"yes , we have three dogs and a few fish .",2,1,
3264,tiage_dial_209,1,user,hi how are you doing,0,0,
3265,tiage_dial_209,2,agent,"i am alright , just hanging with my dog charlie . what about you ?",0,0,
3266,tiage_dial_209,3,user,getting ready to go to work,0,0,
3267,tiage_dial_209,4,agent,nice ! where do you work ? i am a music producer .,0,0,
3268,tiage_dial_209,5,user,i am a stunt double for movies,0,0,
3269,tiage_dial_209,6,agent,"wow , that sounds very exciting . do you get hurt often ?",0,0,
3270,tiage_dial_209,7,user,not too much it could be worse,0,0,
3271,tiage_dial_209,8,agent,definitely . what kind of music do you like ? i prefer rap .,0,0,
3272,tiage_dial_209,9,user,i like all music really what kind sof artists do you work with,0,1,
3273,tiage_dial_209,10,agent,i work with all sorts of artists in the musical field . what is your favorite food ?,1,0,
3274,tiage_dial_209,11,user,i have kind of a strict diet,1,0,
3275,tiage_dial_209,12,agent,i work with all sorts of artists in the musical field . what is your favorite food ?,1,0,
3276,tiage_dial_209,13,user,i cant eat a lot of foods that i want,1,0,
3277,tiage_dial_209,14,agent,that is so unfortunate to hear . my favorite is pizza !,1,0,
3278,tiage_dial_209,15,user,pizza is good but i cant get a lot of toppings,1,0,
3279,tiage_dial_209,16,user,"that sucks , but at least there is a lot of variety with pizza !",1,1,
3280,tiage_dial_210,1,user,hey what is going on ?,0,0,
3281,tiage_dial_210,2,agent,things are going well . i just flew back from the afp conference .,0,0,
3282,tiage_dial_210,3,user,"awesome , was the conference fun ?",0,0,
3283,tiage_dial_210,4,agent,the usual pomp and pompous . the key note speaker dragged on about banking regs,0,0,
3284,tiage_dial_210,5,user,bummer ! but conferences can suck but someone has got to do it .,0,0,
3285,tiage_dial_210,6,agent,"not too many yale degrees there though , the industry is degrading !",0,1,
3286,tiage_dial_210,7,user,it is getting cold here where are you ?,1,0,
3287,tiage_dial_210,8,agent,manhattan is starting to feel the chill but i am used to it .,1,1,
3288,tiage_dial_210,9,user,i hear you though it seems we are all underpaid .,2,0,
3289,tiage_dial_210,10,agent,you just have to have drive and it does not hurt to have rich banker parents .,2,0,
3290,tiage_dial_210,11,user,yes that is true lol,2,1,
3291,tiage_dial_210,12,agent,have you seen my new bmw ? it is a limited edition model . what do you drive ?,3,0,
3292,tiage_dial_210,13,user,99 ford mustang red 40k miles,3,1,
3293,tiage_dial_210,14,agent,"oh . so , have you heard that chase is having liquidity focus groups ?",4,0,
3294,tiage_dial_210,15,user,interesting just who will be the target market for that,4,0,
3295,tiage_dial_210,16,agent,trade leaders are feeling the pinch and want disguised bailouts .,4,0,
3296,tiage_dial_210,17,user,they already had one bailout,4,0,
3297,tiage_dial_210,18,agent,"cash is king baby , cash is king !",4,0,
3298,tiage_dial_210,19,user,yes it is bitcoin will be king soon ?,4,0,
3299,tiage_dial_210,20,agent,not if the banks have anything to say about it . they will crush that tin market .,4,0,
3300,tiage_dial_210,21,user,they will try to acquire it . lol,4,0,
3301,tiage_dial_210,22,agent,already in the works my friend . they are infiltrating and will derivative it out of existance .,4,0,
3302,tiage_dial_210,23,user,i can see that happening,4,0,
3303,tiage_dial_210,24,user,"see you at the next fundraiser , this has been fun .",4,1,
3304,tiage_dial_211,1,user,"hello , how are you doing today ?",0,0,
3305,tiage_dial_211,2,agent,i am well . and you ?,0,1,
3306,tiage_dial_211,3,user,good . i am ready for winter . it is so hot here in alabama,1,0,
3307,tiage_dial_211,4,agent,"agreed ! still feels like summer . i build homes and welcome coolers temps ,",1,1,
3308,tiage_dial_211,5,user,cool ! you work in construction ? do you enjoy it ?,2,0,
3309,tiage_dial_211,6,agent,"yes , i love what i do . what type of work are you in ?",2,1,
3310,tiage_dial_211,7,user,i volunteer at the local dog shelter . what do you like to do ?,3,0,
3311,tiage_dial_211,8,agent,i m a cat person myself . five to be exact . also like hunting and fishing .,3,0,
3312,tiage_dial_211,9,user,nice . my brother is the hunter in my family . my three sisters and i do not hunt .,3,1,
3313,tiage_dial_211,10,agent,do you like the outdoors ?,4,0,
3314,tiage_dial_211,11,user,i like taking my dogs hiking . what do you like to do for fun ?,4,0,
3315,tiage_dial_211,12,agent,"most any type of outdoor activity , attending sporting events , reading , and cooking .",4,1,
3316,tiage_dial_211,13,user,i like to cook too . tacos are my favorite . what is your favorite food ?,5,0,
3317,tiage_dial_211,14,agent,a good steak or fresh crab legs . do you like seafood ?,5,1,
3318,tiage_dial_211,15,user,"i do , but it is hard to get fresh seafood here . do you live by the coast ?",6,0,
3319,tiage_dial_211,16,user,i do . about 13 miles to the beach .,6,1,
3320,tiage_dial_212,1,user,wow what an opportunity . i am jeff . pleased to meet you,0,0,
3321,tiage_dial_212,2,agent,"hi i am a christian man , i can drive tractors",0,0,
3322,tiage_dial_212,3,user,"my dad used to work construction . do you ever ride mountain bikes ? i do , of course .",0,0,
3323,tiage_dial_212,4,agent,"no my sister used to , helped her become a pole dancer",0,1,
3324,tiage_dial_212,5,user,"wow , she sounds like a real cool guy . i hate pink , the color .",1,1,
3325,tiage_dial_212,6,agent,"my tractor is red , i listen to classical music on it . i enjoy classic music",2,0,
3326,tiage_dial_212,7,user,are you drunk . you are incoherent . i do not drink alcohol myself .,2,1,
3327,tiage_dial_212,8,agent,how are you this evening ?,3,1,
3328,tiage_dial_212,9,user,"well , i love coffee . are you a construction worker like my father was ?",4,0,
3329,tiage_dial_212,10,agent,yeah i am its a fun job,4,0,
3330,tiage_dial_212,11,user,how fascinating . i also love mountain biking .,4,0,
3331,tiage_dial_212,12,agent,hope you have a great night !,4,0,
3332,tiage_dial_212,13,user,yes . i feel we should wrap this up .,4,0,
3333,tiage_dial_212,14,agent,"yeah , just waiting for it",4,1,
3334,tiage_dial_212,15,user,the color pink is bad to my eyes .,5,0,
3335,tiage_dial_212,16,user,"yeah , so is the artist pink",5,1,
3336,tiage_dial_213,1,user,hi ! how is your night ?,0,0,
3337,tiage_dial_213,2,agent,pretty good . i am doing some reading of psychology journals . you ?,0,0,
3338,tiage_dial_213,3,user,just listening to some old tunes . new kids on the block !,0,0,
3339,tiage_dial_213,4,agent,nice . used to listen to them while my parents were making me camp out,0,0,
3340,tiage_dial_213,5,user,"yeah , i never did any camp outs , but i loved my lite brite .",0,1,
3341,tiage_dial_213,6,agent,are you a 90s kid ? me too,1,0,
3342,tiage_dial_213,7,user,"somewhat . born early 80s , so i remember mostly 90s stuff . those were good days !",1,0,
3343,tiage_dial_213,8,agent,definitely ! now that i am in grad school i wish for the simpler days,1,0,
3344,tiage_dial_213,9,user,yes ! give me some old school hip hop and i am good . school is too exhausting .,1,0,
3345,tiage_dial_213,10,agent,it is pretty exhausting . not as tiring as kayaking though wich i love,1,1,
3346,tiage_dial_213,11,user,"so you are the outdoorsy smart type , eh ?",2,0,
3347,tiage_dial_213,12,agent,yes i can survive off the grid for weeks if needed thanks to mom and dad,2,0,
3348,tiage_dial_213,13,user,sweet ! i will head your way when the apocalypse hits ! i will bring my music !,2,0,
3349,tiage_dial_213,14,agent,i can totally help you survive the end of the world,2,0,
3350,tiage_dial_213,15,user,cool man . i am along for the ride,2,0,
3351,tiage_dial_213,16,user,i think studying psychology helps me understand why my parents act the way they do,2,1,
3352,tiage_dial_214,1,user,good afternoon . where are you chatting from today ? colorado here .,0,0,
3353,tiage_dial_214,2,agent,just here at my house in michigan with my boyfriend .,0,1,
3354,tiage_dial_214,3,user,"i have never been to michigan , but would like to hike there . do you like hiking ?",1,0,
3355,tiage_dial_214,4,agent,i love to go for walks .,1,1,
3356,tiage_dial_214,5,user,"i especially like going with my black lab , trooper . do you have any pets ?",2,0,
3357,tiage_dial_214,6,agent,"no , just me and my boyfriend here .",2,1,
3358,tiage_dial_214,7,user,what kind of work do you do ? mechanical engineer here .,3,0,
3359,tiage_dial_214,8,agent,i make clothes and sell them .,3,1,
3360,tiage_dial_214,9,user,that sounds cool . what is your favorite activity ? mine is rock climbing .,4,0,
3361,tiage_dial_214,10,agent,walking is something i enjoy .,4,0,
3362,tiage_dial_214,11,user,do you have a second favorite ?,4,0,
3363,tiage_dial_214,12,agent,probably going to thrift stores .,4,0,
3364,tiage_dial_214,13,user,shopping is okay . what is your favorite thing to shop for ?,4,0,
3365,tiage_dial_214,14,agent,fun toys for my nieces .,4,0,
3366,tiage_dial_214,15,user,"ah , i love shopping for electronics . i just recently got a macbook pro . what kind of toys ?",4,0,
3367,tiage_dial_214,16,user,"anything fun and cute , lots of vintage stuff .",4,1,
3368,tiage_dial_215,1,user,how are you ? my name is darlene and chinese is one of the languages i speak .,0,0,
3369,tiage_dial_215,2,agent,hi ! names betsy and bought our first home,0,1,
3370,tiage_dial_215,3,user,congrats ! i love music and playing my guitar and violin .,1,0,
3371,tiage_dial_215,4,agent,i work as a teacher in a school . and also have 2 step kids,1,0,
3372,tiage_dial_215,5,user,"i am single , no kids , but am really good at playing ping pong .",1,1,
3373,tiage_dial_215,6,agent,wow that is pretty nice . i recently moved to the us with my husband,2,0,
3374,tiage_dial_215,7,user,"wow that is cool , i live in a small town where everyone knows my electrician father .",2,0,
3375,tiage_dial_215,8,agent,that is pretty cool do you like it there ?,2,0,
3376,tiage_dial_215,9,user,"i do , although i would love the excitement of a big city .",2,0,
3377,tiage_dial_215,10,agent,yeah like new york maybe ?,2,0,
3378,tiage_dial_215,11,user,"yeah , do you live in a small town or city ?",2,0,
3379,tiage_dial_215,12,agent,it is more like the suburbs if you know what that is,2,1,
3380,tiage_dial_215,13,user,"yes , do you have children ?",3,0,
3381,tiage_dial_215,14,agent,well i did say i will be popping out triplets in three months from now,3,0,
3382,tiage_dial_215,15,user,"wow triplets , your going to be busy !",3,0,
3383,tiage_dial_215,16,user,yeah and have 2 step kids too .,3,1,
3384,tiage_dial_216,1,user,hi ! do you have a house in the clouds ?,0,0,
3385,tiage_dial_216,2,agent,no but i would love to get one,0,1,
3386,tiage_dial_216,3,user,i do . do you have any superpowers ?,1,0,
3387,tiage_dial_216,4,agent,nice ! when i wear my motorbike helmet i do feel like a super hero sometimes,1,0,
3388,tiage_dial_216,5,user,can you make time stop while wearing your helmet ?,1,0,
3389,tiage_dial_216,6,agent,i wish i could but i cant . do you have a motorbike ?,1,0,
3390,tiage_dial_216,7,user,"no , i have a pink bike though .",1,1,
3391,tiage_dial_216,8,agent,why did you choose pink out of all colors ?,2,0,
3392,tiage_dial_216,9,user,because i am a girl .,2,0,
3393,tiage_dial_216,10,agent,i am a girl too but mine is red with a blue stripe and its super shiny,2,1,
3394,tiage_dial_216,11,user,i like shiny . my mom and dad do not have bikes . they have cars .,3,0,
3395,tiage_dial_216,12,agent,cars are not as much fun as bikes though,3,0,
3396,tiage_dial_216,13,user,does yours go fast ? i get tired of pedaling mine .,3,0,
3397,tiage_dial_216,14,agent,mine is super fast . no peddling required at all . maybe you need to upgrade ?,3,0,
3398,tiage_dial_216,15,user,my parents will not let me .,3,0,
3399,tiage_dial_216,16,user,you just have to negotiate harder with them,3,1,
3400,tiage_dial_217,1,user,"hi there ! i am age 24 , how about you ?",0,0,
3401,tiage_dial_217,2,agent,hello i am almost 40,0,0,
3402,tiage_dial_217,3,user,"nice , i spend my days as a kindergarten teacher",0,0,
3403,tiage_dial_217,4,agent,i teach the kids various instruments,0,1,
3404,tiage_dial_217,5,user,cool . i am getting married next spring and i will be 24,1,0,
3405,tiage_dial_217,6,agent,congrats on that that is cool,1,0,
3406,tiage_dial_217,7,user,"yes , the dj will play my favorite singer , taylor swift",1,0,
3407,tiage_dial_217,8,agent,oh wow so you will have a big wedding and reception ?,1,0,
3408,tiage_dial_217,9,user,"i hope so , lots of food because my friends and i like to eat out",1,0,
3409,tiage_dial_217,10,agent,"oh yeah that is a fun part of the party , are you going to have drinks too ?",1,0,
3410,tiage_dial_217,11,user,of course ! have a well rounded wedding experience,1,0,
3411,tiage_dial_217,12,agent,i would definately be getting my dance on,1,0,
3412,tiage_dial_217,13,user,"yes , we love to dance , too !",1,0,
3413,tiage_dial_217,14,agent,its going to be a day to remember with lots of pictures too !,1,0,
3414,tiage_dial_217,15,user,"yes , my family is coming from all over , too !",1,0,
3415,tiage_dial_217,16,user,oh wow that is going to be very memorable,1,1,
3416,tiage_dial_218,1,user,hi i am danny and want to be a dog when i grow up,0,0,
3417,tiage_dial_218,2,agent,hello ! i have two dogs at my house .,0,0,
3418,tiage_dial_218,3,user,"you cant give a dog chocolate candy , but i will take it",0,0,
3419,tiage_dial_218,4,agent,i know . once one of my dogs ate a whole batch of chocolate brownies .,0,1,
3420,tiage_dial_218,5,user,my mommy and daddy helped me sing the abcs,1,0,
3421,tiage_dial_218,6,agent,that is good . what do you like to do for fun .,1,0,
3422,tiage_dial_218,7,user,looking at blocks and shapes and singing,1,0,
3423,tiage_dial_218,8,agent,that is fun . i like to play with my dogs and go to the gym .,1,0,
3424,tiage_dial_218,9,user,what is your dogs name ?,1,0,
3425,tiage_dial_218,10,agent,my dogs names are lady and nina . what would you name a dog ?,1,0,
3426,tiage_dial_218,11,user,i would name a lady dog gidget . and a boy dog brownie,1,0,
3427,tiage_dial_218,12,agent,those are really nice names . i really like them .,1,1,
3428,tiage_dial_218,13,user,do you like to sing ?,2,0,
3429,tiage_dial_218,14,agent,yes i love to sing ! i can sing a lot of songs . can you ?,2,0,
3430,tiage_dial_218,15,user,i can sing about letters that is it,2,0,
3431,tiage_dial_218,16,user,well that is the most important song because it helps you learn .,2,1,
3432,tiage_dial_219,1,user,"hey , what is your least favorite food ? mine is chicken .",0,0,
3433,tiage_dial_219,2,agent,really ? who does not like chicken ? even chickens like chicken .,0,0,
3434,tiage_dial_219,3,user,"maybe it is because i want to be a nurse , and i see food poisoning from it .",0,0,
3435,tiage_dial_219,4,agent,hmm . . . i thought about nursing after my chemistry degree . . glad i did not,0,0,
3436,tiage_dial_219,5,user,"chemistry ? that is interesting . regardless , college is so expensive .",0,0,
3437,tiage_dial_219,6,agent,yep . i peddle books out of a bus now love it,0,0,
3438,tiage_dial_219,7,user,nice ! i work the night shift at a bar just to keep up with expenses .,0,0,
3439,tiage_dial_219,8,agent,hey maybe i have seen you . i dance at billy bobs country line on the weekends,0,0,
3440,tiage_dial_219,9,user,"perhaps , my hair is blonde and my eyes are blue , if that rings any bells . you ?",0,0,
3441,tiage_dial_219,10,agent,are you the one in the orange jumpsuit ? and the ankle bracelet ?,0,0,
3442,tiage_dial_219,11,user,"i just may be . i am always with my best friend , we live together .",0,1,
3443,tiage_dial_219,12,agent,ok . weird . oh well . i have to go feed my dog,1,0,
3444,tiage_dial_219,13,user,what is your dogs name ? do you have any other pets ?,1,0,
3445,tiage_dial_219,14,agent,my dogs name princess pei pei she just won a blue ribbon,1,0,
3446,tiage_dial_219,15,user,what a hilariously adorable name . congratulations to her !,1,0,
3447,tiage_dial_219,16,user,she loves to compete . a real ham . agility classes,1,1,
3448,tiage_dial_220,1,user,hi how are you doing,0,0,
3449,tiage_dial_220,2,agent,i am doing quite well . how are you ? what do you do for work ?,0,0,
3450,tiage_dial_220,3,user,i am still in school waht about you,0,1,
3451,tiage_dial_220,4,agent,i am a tour guide for the metropolitan museum of art . what are you studying ?,1,0,
3452,tiage_dial_220,5,user,that is so cool i am in middle school,1,1,
3453,tiage_dial_220,6,agent,i remember middle school . do you enjoy reading ?,2,0,
3454,tiage_dial_220,7,user,i do but i do not like school very much,2,0,
3455,tiage_dial_220,8,agent,i love to read . i have a library filled with books .,2,1,
3456,tiage_dial_220,9,user,that is cool do you have a lot of friends,3,1,
3457,tiage_dial_220,10,agent,"yes , most of my friends are into horticulture . are you interested in plants ?",4,0,
3458,tiage_dial_220,11,user,not really i wish i had more friends,4,1,
3459,tiage_dial_220,12,agent,i love growing roses in my backyard . what are your interests ?,5,0,
3460,tiage_dial_220,13,user,just trying to get through middle school,5,1,
3461,tiage_dial_220,14,agent,i understand . do you ever drink tea ?,6,0,
3462,tiage_dial_220,15,user,sometimes what kind of tea to you like,6,0,
3463,tiage_dial_220,16,user,i love drinking gourmet tea . jasmine is my favorite . what is your favorite ?,6,1,
3464,tiage_dial_221,1,user,i am in high school . do you go to school or work ?,0,0,
3465,tiage_dial_221,2,agent,i am a tennis player professionally,0,0,
3466,tiage_dial_221,3,user,i will graduate in wo years,0,0,
3467,tiage_dial_221,4,agent,that is pretty cool . excited ?,0,0,
3468,tiage_dial_221,5,user,i definitely want to be done . the cafeteria food is not even vegan here .,0,0,
3469,tiage_dial_221,6,agent,oh dang are you vegan ?,0,0,
3470,tiage_dial_221,7,user,i have been for a year now .,0,0,
3471,tiage_dial_221,8,agent,"me too , my wife is a doctor",0,0,
3472,tiage_dial_221,9,user,did she tell you to go vegan ?,0,0,
3473,tiage_dial_221,10,agent,"she just presented the case and she is so healthy , so i switched",0,0,
3474,tiage_dial_221,11,user,i feel healthier since i made the switch for sure .,0,1,
3475,tiage_dial_221,12,agent,i go on walks with my dog to stay healthy too . what do you do ?,1,0,
3476,tiage_dial_221,13,user,i ride horses and work out . i love horses .,1,0,
3477,tiage_dial_221,14,agent,"wow that is cool , i live in a big house . it is three stories",1,0,
3478,tiage_dial_221,15,user,i would like that . my house is small .,1,0,
3479,tiage_dial_221,16,user,do you live alone there ?,1,1,
3480,tiage_dial_222,1,user,hi ! how are you today ?,0,0,
3481,tiage_dial_222,2,agent,"hi , i am 12 years old and a girl so no cussing please .",0,0,
3482,tiage_dial_222,3,user,okay ! no problem . so what is your favorite subject at school ?,0,0,
3483,tiage_dial_222,4,agent,"none , i do not care for school at all .",0,0,
3484,tiage_dial_222,5,user,"so what do you like ? sports , maybe ? i enjoy playing softball .",0,0,
3485,tiage_dial_222,6,agent,"i play sports , i am in to soccer .",0,0,
3486,tiage_dial_222,7,user,i like soccer . do you play on a team or for your school ?,0,0,
3487,tiage_dial_222,8,agent,"for school , and for pleasure . what else do you like ?",0,0,
3488,tiage_dial_222,9,user,i spend a lot of time at work because i just started a new position .,0,0,
3489,tiage_dial_222,10,agent,what is your new position ?,0,0,
3490,tiage_dial_222,11,user,it is in insurance . the business side .,0,0,
3491,tiage_dial_222,12,agent,"oh , i do not know about that since i am so young .",0,0,
3492,tiage_dial_222,13,user,"yeah , it is rather complicated .",0,1,
3493,tiage_dial_222,14,agent,i like dying my hair it is red and i do not like red .,1,0,
3494,tiage_dial_222,15,user,what s your favorite color to dye it ?,1,0,
3495,tiage_dial_222,16,user,blonde because it looks good with my blue eyes .,1,1,
3496,tiage_dial_223,1,user,"hi , how are you ? i am exhausted .",0,0,
3497,tiage_dial_223,2,agent,oh no ! i am okay . just taking a break from reading .,0,0,
3498,tiage_dial_223,3,user,what type of book are you reading ?,0,0,
3499,tiage_dial_223,4,agent,this week a parenting book . what are you up to ?,0,0,
3500,tiage_dial_223,5,user,i am trying to turn my life around . i am serving time for shoplifting .,0,0,
3501,tiage_dial_223,6,agent,oh my goodness . maybe some self help books will be useful ? confidence booster .,0,0,
3502,tiage_dial_223,7,user,i will get out pretty soon . i want to learn about my career options .,0,0,
3503,tiage_dial_223,8,agent,i had no idea you had internet access from jail . maybe volunteer when you are out ?,0,0,
3504,tiage_dial_223,9,user,i want to make sure that i can discuss some career options when my mom visits .,0,0,
3505,tiage_dial_223,10,agent,i am a tour guide at a local museum . it helps me meet new people .,0,0,
3506,tiage_dial_223,11,user,"wow , that sounds like an interesting job !",0,0,
3507,tiage_dial_223,12,agent,i love it . i am partially deaf so it is hard to find normal jobs .,0,0,
3508,tiage_dial_223,13,user,do you enjoy the routine or do you want to do different things each day ?,0,0,
3509,tiage_dial_223,14,user,i do like the routine . it is comforting . what are you looking for in a new job ?,0,1,
3510,tiage_dial_224,1,user,"hi friend , how are you today ?",0,0,
3511,tiage_dial_224,2,agent,i am good just freezing in alaska .,0,0,
3512,tiage_dial_224,3,user,it is chilly here on my parents farm that i currently work on .,0,0,
3513,tiage_dial_224,4,agent,oh ok . its been hard lately to do my meditations since its cold .,0,1,
3514,tiage_dial_224,5,user,i drive a big truck and love driving it this time of the year .,1,0,
3515,tiage_dial_224,6,agent,"also , that would be in my interest since its been months since i have spoken .",1,0,
3516,tiage_dial_224,7,user,what type of vehicle do you drive ?,1,0,
3517,tiage_dial_224,8,agent,just a normal ford . nothing fancy .,1,0,
3518,tiage_dial_224,9,user,i have a ford truck as well that i listen to country music .,1,0,
3519,tiage_dial_224,10,agent,that is nice i bet it looks nice .,1,0,
3520,tiage_dial_224,11,user,i bet alaska is nice this time of year . do you get to explore ?,1,0,
3521,tiage_dial_224,12,agent,it is a wonderful place to do meditation .,1,1,
3522,tiage_dial_224,13,user,i live in the country with many animals my favorite is my pet cow .,2,0,
3523,tiage_dial_224,14,agent,a pet cow ? that must be nice and interesting .,2,0,
3524,tiage_dial_224,15,user,yes she follows me around the farm .,2,0,
3525,tiage_dial_224,16,user,i would love to see her do that .,2,1,
3526,tiage_dial_225,1,user,hey nice weather we are have tonight .,0,0,
3527,tiage_dial_225,2,agent,"hey , not here . snowing . i volunteer at a homeless shelter tonight",0,0,
3528,tiage_dial_225,3,user,really sound like hard work . is it ?,0,0,
3529,tiage_dial_225,4,agent,"yeah , but i wrestle professionally . and work out a few times a week",0,1,
3530,tiage_dial_225,5,user,what kind of foods do you like ? because i love food .,1,0,
3531,tiage_dial_225,6,agent,"i like pizza , and i enjoy socializing . being around people",1,0,
3532,tiage_dial_225,7,user,really me too . and i travel all around the world to eat new foods .,1,0,
3533,tiage_dial_225,8,agent,"if i got spare time i volunteer , do a lot of it .",1,0,
3534,tiage_dial_225,9,user,i am always on the go . so i do not have much spare time !,1,0,
3535,tiage_dial_225,10,agent,"awesome , can not go wrong with that",1,0,
3536,tiage_dial_225,11,user,i have been going around the world try new foods for 1 years now .,1,0,
3537,tiage_dial_225,12,agent,"yeah , well i hope all your dreams come true",1,0,
3538,tiage_dial_225,13,user,"me to . by the way , what are your dreams .",1,0,
3539,tiage_dial_225,14,agent,my family being safe and unharmed,1,0,
3540,tiage_dial_225,15,user,wow that is a really nice dream .,1,0,
3541,tiage_dial_225,16,user,yea it sure is very much so !,1,1,
3542,tiage_dial_226,1,user,i am so annoyed with my sister .,0,0,
3543,tiage_dial_226,2,agent,why is that . you should try to get along .,0,0,
3544,tiage_dial_226,3,user,"i know , but she is a pole dancer . that is no way to make a living !",0,0,
3545,tiage_dial_226,4,agent,"wow , that is insane . i have two very well behaved children and dogs .",0,0,
3546,tiage_dial_226,5,user,i am happy for you ! it is good to have good kids .,0,0,
3547,tiage_dial_226,6,agent,"so you know , i stay away from male clubs . i just watch american sports .",0,0,
3548,tiage_dial_226,7,user,good . me too . i just drive my tractor and listen to classical music all day,0,0,
3549,tiage_dial_226,8,agent,i have worked for the same company for more than 15 years . not time for much .,0,0,
3550,tiage_dial_226,9,user,that must keep you busy . tell me something else about yourself ?,0,0,
3551,tiage_dial_226,10,agent,"not much to tell , i am an average male . tell me about you .",0,0,
3552,tiage_dial_226,11,user,i live a boring life . my favorite color happens to be red .,0,0,
3553,tiage_dial_226,12,agent,red is not a boring color . my favorite sports team wears red .,0,1,
3554,tiage_dial_226,13,user,what is your family like ?,1,0,
3555,tiage_dial_226,14,user,"well , my kids are usually outside playing with the dogs . what about your family ?",1,1,
3556,tiage_dial_227,1,user,hi i am kim a college student studying nursing,0,1,
3557,tiage_dial_227,2,agent,"hi i love to dance , i take lessons every week",1,0,
3558,tiage_dial_227,3,user,awesome do you work i waitress at a bar,1,0,
3559,tiage_dial_227,4,agent,"yes , i work at a community college teaching music",1,1,
3560,tiage_dial_227,5,user,oh nice me and my friend got an apartment last weekend,2,0,
3561,tiage_dial_227,6,agent,that sounds cool . hopefully a bigger place,2,1,
3562,tiage_dial_227,7,user,yea its fairly big . what color is your hair mine is blonde,3,0,
3563,tiage_dial_227,8,agent,my hair is a rainbow of colors . whats your favorite color ?,3,0,
3564,tiage_dial_227,9,user,i like pink an awful lot,3,0,
3565,tiage_dial_227,10,agent,my favorite is teal . cant choose between blue or green,3,0,
3566,tiage_dial_227,11,user,they are good do you like blue eyes ? i have those,3,0,
3567,tiage_dial_227,12,agent,i do as mine are blue also,3,1,
3568,tiage_dial_227,13,user,awesome what do you have planned today ?,4,0,
3569,tiage_dial_227,14,agent,"playing with my favorite toy , my lite brite",4,0,
3570,tiage_dial_227,15,user,i remember having one of those before,4,0,
3571,tiage_dial_227,16,user,it was my favorite as a child,4,1,
3572,tiage_dial_228,1,user,hello munching on some raw veggies that is my whole diet .,0,1,
3573,tiage_dial_228,2,agent,"wow , that is interesting . i am thirteen",1,1,
3574,tiage_dial_228,3,user,i bought a house with room for a garden .,2,1,
3575,tiage_dial_228,4,agent,that is cool . did you know i am on my schools soccer team ?,3,1,
3576,tiage_dial_228,5,user,i am in college studying economics .,4,0,
3577,tiage_dial_228,6,agent,nice ! i really dislike math classes,4,1,
3578,tiage_dial_228,7,user,i am a rolling stones fan i go to a concert yearly .,5,0,
3579,tiage_dial_228,8,agent,amazing ! my older brother does too !,5,0,
3580,tiage_dial_228,9,user,once a fan always a fan .,5,1,
3581,tiage_dial_228,10,agent,of course . when i go to school i take the school bus,6,0,
3582,tiage_dial_228,11,user,i just walk or sometimes ride a bike .,6,0,
3583,tiage_dial_228,12,agent,that is better for the environment ! good for you,6,0,
3584,tiage_dial_228,13,user,you simply have to nurture nature .,6,0,
3585,tiage_dial_228,14,user,you really do ! it is very important,6,1,
3586,tiage_dial_229,1,user,hi ! i have taken a break from my knitting to chat ! how are you ?,0,1,
3587,tiage_dial_229,2,agent,"i am good and you , are you male or female ?",1,0,
3588,tiage_dial_229,3,user,"i am female , of course ! i am on the internet , am i not ?",1,1,
3589,tiage_dial_229,4,agent,what kind of job do you have ?,2,0,
3590,tiage_dial_229,5,user,i am retired but i love baking cookies for the bake sale . you ?,2,0,
3591,tiage_dial_229,6,agent,i had a condition where my heart was placed outside my body,2,0,
3592,tiage_dial_229,7,user,that must have been really interesting ! i,2,0,
3593,tiage_dial_229,8,agent,so i can now do things that i could not before like move things with my mind,2,0,
3594,tiage_dial_229,9,user,"my dogs would totally freak out if i moved things with my mind , ha ha ha !",2,0,
3595,tiage_dial_229,10,agent,yes it is very interesting especially because i am a young boy,2,0,
3596,tiage_dial_229,11,user,i know our local catholic diocese really strives to bring young boys like yourself in .,2,0,
3597,tiage_dial_229,12,agent,"i am lucky to have had a transplant , so i am better now .",2,0,
3598,tiage_dial_229,13,user,that is great to hear and i am so happy you lived .,2,0,
3599,tiage_dial_229,14,user,"oh yes thank you , it must be nice having dogs .",2,1,
3600,tiage_dial_230,1,user,"wow , i really dropped a lot of money on my car today .",0,0,
3601,tiage_dial_230,2,agent,what is wrong with your car ? i am too young to drive .,0,0,
3602,tiage_dial_230,3,user,nothing is wrong with my new car !,0,0,
3603,tiage_dial_230,4,agent,"oh , you bought a car . thought you had to fix it .",0,0,
3604,tiage_dial_230,5,user,i keep all my cars in great condition .,0,1,
3605,tiage_dial_230,6,agent,"that is good . i wish i had someone to play with , boring being alone .",1,0,
3606,tiage_dial_230,7,user,try going to the gym . the secret is never working out,1,0,
3607,tiage_dial_230,8,agent,no one to take me to the gym or anywhere else .,1,1,
3608,tiage_dial_230,9,user,how old are you then ?,2,0,
3609,tiage_dial_230,10,agent,"8 , and i live in a cloud by myself",2,0,
3610,tiage_dial_230,11,user,sounds lonely . i am lonely too . my girlfriends always dump me .,2,0,
3611,tiage_dial_230,12,agent,well you could stop time like me before you get dumped .,2,0,
3612,tiage_dial_230,13,user,they just do not understand my love for my cars .,2,0,
3613,tiage_dial_230,14,agent,who does not understand ? what type of cars do you love ?,2,0,
3614,tiage_dial_230,15,user,my last 6 girlfriends did not understand . fast cars of course .,2,0,
3615,tiage_dial_230,16,user,"oh , what kind of cars go fast ? i am too young to know .",2,1,
3616,tiage_dial_231,1,user,hi how are you doing today,0,0,
3617,tiage_dial_231,2,agent,i am doing good you ? just getting ready for tomorrow .,0,0,
3618,tiage_dial_231,3,user,is it a big day for you ?,0,0,
3619,tiage_dial_231,4,agent,"not really , i stay at home with the kids , while my wife works . lol",0,0,
3620,tiage_dial_231,5,user,that sound nice that you get to be with your kids,0,0,
3621,tiage_dial_231,6,agent,"yes . i worked 10 years in human services , but my wife missed work .",0,0,
3622,tiage_dial_231,7,user,that is nice that you can take turns with the kids . where do you live ?,0,0,
3623,tiage_dial_231,8,agent,"i live in canada . yeah , she deserved the break . she works with my dad .",0,0,
3624,tiage_dial_231,9,user,"nice , in the city ? i live in the country",0,1,
3625,tiage_dial_231,10,agent,"more so , i am close to the city . lol . whats your favorite movie ?",1,0,
3626,tiage_dial_231,11,user,"die hard , how about you ?",1,0,
3627,tiage_dial_231,12,agent,"more so , i am close to the city . lol . whats your favorite movie ?",1,0,
3628,tiage_dial_231,13,user,"it is die hard , what is your favourite",1,1,
3629,tiage_dial_231,14,agent,saw movies . i love horror movies . do you have kids ?,2,0,
3630,tiage_dial_231,15,user,no i work with my parents on the farm,2,0,
3631,tiage_dial_231,16,user,"oh how nice of you . mine are 2 , 3 , and my oldest son is in middle school .",2,1,
3632,tiage_dial_232,1,user,hello ! i am absolutely loving retirement .,0,0,
3633,tiage_dial_232,2,agent,hi i am ready to retire what was your occupation,0,0,
3634,tiage_dial_232,3,user,"i was an engineer , now i get to relax . what do you do ?",0,0,
3635,tiage_dial_232,4,agent,i am a tennis player what do you do in spare time,0,0,
3636,tiage_dial_232,5,user,i used to play tennis . i enjoy a lot of things outdoors in the sun .,0,0,
3637,tiage_dial_232,6,agent,me to i love long walks with my dog on the beach,0,1,
3638,tiage_dial_232,7,user,i like to do yard work . but i do not like cold weather,1,0,
3639,tiage_dial_232,8,agent,one of my 3 story homes is in the mountains i like cold,1,0,
3640,tiage_dial_232,9,user,oh wow . the cold makes my joints hurt . lol,1,1,
3641,tiage_dial_232,10,agent,my big family makes mines hurt lol you have kids ?,2,0,
3642,tiage_dial_232,11,user,"i did , but they are all grown . do you ?",2,0,
3643,tiage_dial_232,12,agent,yes one is in college and twins on the way,2,0,
3644,tiage_dial_232,13,user,congratulations ! i miss having the little tykes around .,2,0,
3645,tiage_dial_232,14,agent,thank you now i can not retire soon like you,2,0,
3646,tiage_dial_232,15,user,that is true . you must take care of the family .,2,0,
3647,tiage_dial_232,16,user,duties always first do you travel much,2,1,
3648,tiage_dial_233,1,user,"hi , how is it going ?",0,0,
3649,tiage_dial_233,2,agent,it is going well how about yourself ?,0,0,
3650,tiage_dial_233,3,user,"going good , drinking coffee lol i love coffee",0,0,
3651,tiage_dial_233,4,agent,drinking coffee ? what time is it there ?,0,0,
3652,tiage_dial_233,5,user,830 pm haha my dad is a construction worker so he works really late nights,0,0,
3653,tiage_dial_233,6,agent,"oh i see , both of my parents are well off bankers",0,0,
3654,tiage_dial_233,7,user,really lucky bet you are loaded,0,0,
3655,tiage_dial_233,8,agent,yes but they forced me to go to yale for finance,0,1,
3656,tiage_dial_233,9,user,"ugh but you will thank them later on , i enjoy mountain biking in my spare time you ?",1,0,
3657,tiage_dial_233,10,agent,i enjoy going for long drives in my bmw,1,1,
3658,tiage_dial_233,11,user,"your text box is pink , i really dislike that color",2,0,
3659,tiage_dial_233,12,agent,oh no i am sorry not sure how to change that,2,0,
3660,tiage_dial_233,13,user,haha probably can not . it was just always forced down my throat because i am more tom boy,2,1,
3661,tiage_dial_233,14,agent,what kind of things do you like to do ?,3,0,
3662,tiage_dial_233,15,user,i like to watch shows and movies and play games . you ?,3,0,
3663,tiage_dial_233,16,user,what is your favorite game ? i enjoy video games,3,1,
3664,tiage_dial_234,1,user,what are you doing right now ? i am caged up for another month,0,0,
3665,tiage_dial_234,2,agent,sorry to hear . it is my birthday today !,0,0,
3666,tiage_dial_234,3,user,happy birthday ! will you see your mom ? mine is coming to see me tomorrow,0,0,
3667,tiage_dial_234,4,agent,"no , no . i just turned 100 , believe it or not .",0,0,
3668,tiage_dial_234,5,user,"i feel about a hundred sitting here in juvenile detention , how will you celebrate ?",0,0,
3669,tiage_dial_234,6,agent,maybe i will just drink wine and dance all night in the moonlight . love it .,0,0,
3670,tiage_dial_234,7,user,"you are still breathing . when i am free in a month , then i will breathe .",0,0,
3671,tiage_dial_234,8,agent,"of course . i feel so strong for my age , i might just live for an eternity !",0,0,
3672,tiage_dial_234,9,user,dancing at 100 ? you sure you just dream about dancing ? maybe too much wine ?,0,0,
3673,tiage_dial_234,10,agent,"gotta celebrate ! i am so old , i recall when nobody owned a tv .",0,0,
3674,tiage_dial_234,11,user,i work out to stay strong in juvenile detention . i do not have a tv sadly,0,0,
3675,tiage_dial_234,12,agent,"yeah , juvenile detention does wind back the clock .",0,1,
3676,tiage_dial_234,13,user,"feeling older than dirt , but freedom in a month , what wine do you drink ?",1,0,
3677,tiage_dial_234,14,user,red wine . it is good for the heart . try a cabernet .,1,1,
3678,tiage_dial_235,1,user,i like to dance in class once a week,0,0,
3679,tiage_dial_235,2,agent,"how interesting ! i like to rock climb , it is my favorite activity .",0,0,
3680,tiage_dial_235,3,user,i am really old born early 80s but like old hip hop .,0,0,
3681,tiage_dial_235,4,agent,"i work as a mechanical engineer , i love my job",0,1,
3682,tiage_dial_235,5,user,do you like new kids on the block ? i love em,1,0,
3683,tiage_dial_235,6,agent,"i like them , my black lab trooper enjoys their music as well .",1,0,
3684,tiage_dial_235,7,user,reminds me of a time as a child my lite brite favorite toy .,1,0,
3685,tiage_dial_235,8,agent,nowadays it is rare to see any kids have them over here in colorado,1,0,
3686,tiage_dial_235,9,user,yes i love to dance classes once a week 21,1,0,
3687,tiage_dial_235,10,agent,what kind of dance is it ?,1,0,
3688,tiage_dial_235,11,user,hip hop get down and hip in the times man old school real stuff,1,0,
3689,tiage_dial_235,12,agent,sounds like it is really fun !,1,0,
3690,tiage_dial_235,13,user,real kids on the block i love getting down and hip,1,0,
3691,tiage_dial_235,14,agent,cool ! have you seen them live !,1,0,
3692,tiage_dial_235,15,user,no i cant see anymore i just move with the flow,1,0,
3693,tiage_dial_235,16,user,"oh , they must be a great band !",1,1,
3694,tiage_dial_236,1,user,"hi , where are you from , i am currently living in canada",0,0,
3695,tiage_dial_236,2,agent,i live in hollywood . in a very expensive house,0,0,
3696,tiage_dial_236,3,user,"whoa , wish i lived there , i did not even finish high school",0,0,
3697,tiage_dial_236,4,agent,that is okay i did not either . i just found a boy toy to buy me nice things,0,0,
3698,tiage_dial_236,5,user,"nice , boy toys are fun , i am actually in the army now",0,0,
3699,tiage_dial_236,6,agent,that is very impressive ! what do you do in the army ?,0,0,
3700,tiage_dial_236,7,user,"sanitation department , nothing special , i got in because my grandfather was in world war 2",0,0,
3701,tiage_dial_236,8,agent,what an honorable man . connections are all that matter in this world,0,0,
3702,tiage_dial_236,9,user,"not really , i am overweight , my best food in the arm is shwarma",0,0,
3703,tiage_dial_236,10,agent,hopefully being in the army is a good diet . i love to diet,0,0,
3704,tiage_dial_236,11,user,my best food in the army is shawarma,0,0,
3705,tiage_dial_236,12,agent,that does not sound fun . if i go 1 week without caviar i would die,0,0,
3706,tiage_dial_236,13,user,"yeah i use caviar when i go fishing , that is about it .",0,0,
3707,tiage_dial_236,14,agent,"honestly its kinda gross , but it costs a lot which makes me want to buy it",0,0,
3708,tiage_dial_236,15,user,"nice things cost money , get your boyfriend to buy it , if he buys you hollywood houses",0,0,
3709,tiage_dial_236,16,user,that is why i love him,0,1,
3710,tiage_dial_237,1,user,are you as fired up about winter coming as i am ?,0,0,
3711,tiage_dial_237,2,agent,winter is very lonely though,0,0,
3712,tiage_dial_237,3,user,if you are lonely get a cat . i have two of those .,0,0,
3713,tiage_dial_237,4,agent,cats are good but unsure if my bees would like,0,0,
3714,tiage_dial_237,5,user,i have a huge hat collection including a beekeeper hat for cats .,0,0,
3715,tiage_dial_237,6,agent,great what is your favorite type of hat,0,0,
3716,tiage_dial_237,7,user,my favorite are baseball hats . i have at least six hundred of those .,0,0,
3717,tiage_dial_237,8,agent,quite the collector my wife has as many heels,0,0,
3718,tiage_dial_237,9,user,back in 1992 i collected a hat from every olympic team .,0,0,
3719,tiage_dial_237,10,agent,love the games we root for italy,0,0,
3720,tiage_dial_237,11,user,italy is awesome . the best vanilla ice cream i ever tasted was from italy .,0,0,
3721,tiage_dial_237,12,agent,"vanilla is a favorite , real gelato is my weakness",0,1,
3722,tiage_dial_237,13,user,do you like sports ? i had an athletic career a long time ago .,1,0,
3723,tiage_dial_237,14,agent,i loved tennis in my younger days,1,0,
3724,tiage_dial_237,15,user,do you remember the 1992 olympic womens doubles match ?,1,0,
3725,tiage_dial_237,16,user,yes gigi and mary joe heck of a game,1,1,
3726,tiage_dial_238,1,user,do you like britney spears ?,0,0,
3727,tiage_dial_238,2,agent,"i am not familiar with her music , i am only 23 .",0,1,
3728,tiage_dial_238,3,user,do you make a lot of money ? i just got back from the tanning salon !,1,0,
3729,tiage_dial_238,4,agent,no i do not . i travel a lot and take on odd jobs .,1,0,
3730,tiage_dial_238,5,user,where do you travel too ? i just dumped my ex for traveling too often .,1,0,
3731,tiage_dial_238,6,agent,"anywhere with delicious food . i am a big foodie , although i am a lousy cook .",1,0,
3732,tiage_dial_238,7,user,what kind of foods do you enjoy ? i love cooking but never do it,1,0,
3733,tiage_dial_238,8,agent,i love anything new . i try not to eat the same dish twice .,1,1,
3734,tiage_dial_238,9,user,where do you draw your line of morality you paint so vividly ?,2,0,
3735,tiage_dial_238,10,agent,i actually do not paint . do you ?,2,0,
3736,tiage_dial_238,11,user,quite often i find it a good source of meditation . do you meditate ?,2,0,
3737,tiage_dial_238,12,agent,"i do meditate , but not as often as i should . it helps me de stress .",2,1,
3738,tiage_dial_238,13,user,have you ever looked into meta cognition ?,3,0,
3739,tiage_dial_238,14,user,no i have not . what is that ?,3,1,
3740,tiage_dial_239,1,user,hello . do you walk the road of spirituality ?,0,0,
3741,tiage_dial_239,2,agent,not really i tend to walk the road to the nearest shopping mall ! lol,0,0,
3742,tiage_dial_239,3,user,understandable friend . the materialistic life has its appeal .,0,0,
3743,tiage_dial_239,4,agent,unfortunately for me that means my home is filled with shoes and clothing . you ?,0,0,
3744,tiage_dial_239,5,user,my home is filled with only the essentials for survival .,0,0,
3745,tiage_dial_239,6,agent,"you sound very centered . i like my life , my family doesn t seem to .",0,0,
3746,tiage_dial_239,7,user,perhaps . but i live a life of solitude . i miss family .,0,0,
3747,tiage_dial_239,8,agent,i like solitude too . maybe that s why i m infatuated with time and watches .,0,0,
3748,tiage_dial_239,9,user,time given physical form is indeed intriguing . but meditation is my infatuation .,0,0,
3749,tiage_dial_239,10,agent,isn t meditation just like napping ?,0,0,
3750,tiage_dial_239,11,user,spiritual napping . full time spiritual napping . it has been three months since i talked in fact .,0,0,
3751,tiage_dial_239,12,agent,i have to talk . i work at a discount watch dealer . time out . heard of them ?,0,0,
3752,tiage_dial_239,13,user,i have not . no watch dealers out here in the tundra .,0,0,
3753,tiage_dial_239,14,agent,"we ship anywhere . our motto is tick tick , losing track of time is sick",0,0,
3754,tiage_dial_239,15,user,i respect that dedication . but i must go . the bears have breached my homestead fence .,0,0,
3755,tiage_dial_239,16,user,"lol , i must go too . the imelda marcos shoe collection on qvc is on",0,1,
3756,tiage_dial_240,1,user,"i drive a german car , what kind of car do you drive ?",0,0,
3757,tiage_dial_240,2,agent,i drive my boyfriends ford raptor .,0,0,
3758,tiage_dial_240,3,user,never heard of the ford raptor .,0,0,
3759,tiage_dial_240,4,agent,it is a truck . i blast old school rap when i drop him off for work .,0,0,
3760,tiage_dial_240,5,user,"i see , must be a powerful vehicle , do you know the engine size ?",0,0,
3761,tiage_dial_240,6,agent,"i do not . i wrecked my mustang , and have not replaced it yet .",0,0,
3762,tiage_dial_240,7,user,i plan on selling my bmw to go to school .,0,0,
3763,tiage_dial_240,8,agent,i take dance lessons . what are you going to school for ?,0,0,
3764,tiage_dial_240,9,user,i like to study business,0,1,
3765,tiage_dial_240,10,agent,what was your favorite toy growing up ? mine is the lite brite .,1,0,
3766,tiage_dial_240,11,user,i enjoyed playing with model cars .,1,0,
3767,tiage_dial_240,12,agent,my dad built those . he still has them .,1,0,
3768,tiage_dial_240,13,user,"interesting , i do not have mine , anymore .",1,0,
3769,tiage_dial_240,14,user,some of his go back 40 years .,1,1,
3770,tiage_dial_241,1,user,"hello , how are you tonight",0,0,
3771,tiage_dial_241,2,agent,i am in just got in from walking my dog . how are you ?,0,0,
3772,tiage_dial_241,3,user,"i am very well , thank you for asking . i am going for a walk later .",0,0,
3773,tiage_dial_241,4,agent,will you be walking alone ?,0,0,
3774,tiage_dial_241,5,user,"no , my husband will be going with me . we like to explore our city .",0,0,
3775,tiage_dial_241,6,agent,that sounds fun . what do you and your husband do ?,0,0,
3776,tiage_dial_241,7,user,i give music lessons and do volunteer work . he is a detective .,0,1,
3777,tiage_dial_241,8,agent,"wow , that is so interesting . i play pro tennis .",1,0,
3778,tiage_dial_241,9,user,"i have never played , is it hard ?",1,0,
3779,tiage_dial_241,10,agent,not really no just have to focus . hard to play being pregnant though .,1,0,
3780,tiage_dial_241,11,user,"oh , lucky you . congrats ! we have teens .",1,0,
3781,tiage_dial_241,12,agent,"thank you this , is my third . nervous about the teen years . is it hard ?",1,0,
3782,tiage_dial_241,13,user,"teens are crazy , i swear they need more supervision than toddlers .",1,0,
3783,tiage_dial_241,14,agent,"oh my , how old are they ?",1,0,
3784,tiage_dial_241,15,user,"the boys are 15 16 , our girl is 14 . all are honor students , but sometimes .",1,0,
3785,tiage_dial_241,16,user,how do you handle them dating ?,1,1,
3786,tiage_dial_242,1,user,"hello there , how are you today ?",0,0,
3787,tiage_dial_242,2,agent,i am doing great i just got an apartment,0,0,
3788,tiage_dial_242,3,user,"that is wonderful , you should decorate with some pretty roses !",0,0,
3789,tiage_dial_242,4,agent,hmm would you mean live roses in a vase or paint them on the wals ?,0,0,
3790,tiage_dial_242,5,user,"i would prefer live roses , i have a garden full of them !",0,0,
3791,tiage_dial_242,6,agent,i wis i could grow stuff but too busy going to college,0,0,
3792,tiage_dial_242,7,user,does your new apartment have a nice sun room to sit out and drink fancy tea ?,0,0,
3793,tiage_dial_242,8,agent,nope very small studio since i am going to college,0,1,
3794,tiage_dial_242,9,user,"you should use any spare time to go to a museum , you might see me !",1,0,
3795,tiage_dial_242,10,agent,do work work there or just go to enjoy it . . ?,1,0,
3796,tiage_dial_242,11,user,i am the best tour guide around !,1,0,
3797,tiage_dial_242,12,agent,nice you can exercise while you work,1,0,
3798,tiage_dial_242,13,user,oh are you into fitness type things ?,1,0,
3799,tiage_dial_242,14,user,not really i get my exercise working in a bar to pay for school,1,1,
3800,tiage_dial_243,1,user,hello ! you like tupac or new kids on the block ?,0,0,
3801,tiage_dial_243,2,agent,i liked new kids on the block when i was a kid in the 90s !,0,0,
3802,tiage_dial_243,3,user,i was born in 1981 . i take dance lessons too .,0,0,
3803,tiage_dial_243,4,agent,i cannot dance at all . but i can wrestle !,0,0,
3804,tiage_dial_243,5,user,i can not wrestle . i am afraid i would break something .,0,0,
3805,tiage_dial_243,6,agent,"i , being a professional wrestler , have broken a few bones . . .",0,0,
3806,tiage_dial_243,7,user,"i bet . is it really dangerous , like portrayed on tv ?",0,0,
3807,tiage_dial_243,8,agent,"no , it is all fake . you only get hurt if you are not paying attention .",0,0,
3808,tiage_dial_243,9,user,"i would get hurt a lot , with my adhd",0,0,
3809,tiage_dial_243,10,agent,"i see , do you take any medication for that ?",0,0,
3810,tiage_dial_243,11,user,"no , it is entirely diet controlled .",0,0,
3811,tiage_dial_243,12,agent,"wow , so you like avoid certain foods or something ?",0,0,
3812,tiage_dial_243,13,user,i do . i had to go to a nutritionist . i also take fish oil .,0,0,
3813,tiage_dial_243,14,agent,do you think it is working ?,0,1,
3814,tiage_dial_243,15,user,i do . what else do you like to do ?,1,0,
3815,tiage_dial_243,16,user,"i volunteer at a shelter . i was homeless once , i want to give back",1,1,
3816,tiage_dial_244,1,user,hello ! how are you today ?,0,0,
3817,tiage_dial_244,2,agent,"very well , now that the wife and kiddos are in bed .",0,0,
3818,tiage_dial_244,3,user,do you have a big family ?,0,0,
3819,tiage_dial_244,4,agent,"we have three kiddos , so there is never any ice cream in the house .",0,0,
3820,tiage_dial_244,5,user,you should start hiding it ! i come a large family and i sometimes do the same .,0,0,
3821,tiage_dial_244,6,agent,"i tried hiding it in the peas , but my wife found it .",0,0,
3822,tiage_dial_244,7,user,maybe you will need to sneak off to the ice cream shop alone sometimes .,0,0,
3823,tiage_dial_244,8,agent,"its easily done on the way to clients houses , plumbers are always on the go .",0,0,
3824,tiage_dial_244,9,user,"there are not any ice cream shops near me , i live in a very small town .",0,1,
3825,tiage_dial_244,10,agent,"we go on the way to the parks too , in the next town .",1,0,
3826,tiage_dial_244,11,user,that sounds great ! do you live in a large city ? that is my dream .,1,0,
3827,tiage_dial_244,12,agent,"i do not . i live in the country , with dogs , kids and chaos .",1,0,
3828,tiage_dial_244,13,user,"i live on a big horse farm , i was born and raised here .",1,0,
3829,tiage_dial_244,14,agent,that would be amazing . i love horses .,1,0,
3830,tiage_dial_244,15,user,"they are amazing animals . honestly , i prefer them over most people .",1,0,
3831,tiage_dial_244,16,user,i prefer animals over most people too .,1,1,
3832,tiage_dial_245,1,user,"hi , how are y o u ?",0,0,
3833,tiage_dial_245,2,agent,"hello . i am on a diet , so i am hungry ! !",0,0,
3834,tiage_dial_245,3,user,"drink lots of water , it helps big time",0,0,
3835,tiage_dial_245,4,agent,"i do , as well as spending a lot of time in my tanning bed .",0,0,
3836,tiage_dial_245,5,user,"cool , my wife loves to tan",0,1,
3837,tiage_dial_245,6,agent,"i have been told i am as high maintenance as britney spears , and we look alike .",1,0,
3838,tiage_dial_245,7,user,"well i am very low maintenance , i work as a plumber lol",1,0,
3839,tiage_dial_245,8,agent,"my husband is a cop , i do not work . only spend his money .",1,1,
3840,tiage_dial_245,9,user,must be nice . do you have kids ?,2,0,
3841,tiage_dial_245,10,agent,"we do not . thankfully , i would not have this body if i did .",2,0,
3842,tiage_dial_245,11,user,i have three and my wife is still hot,2,1,
3843,tiage_dial_245,12,agent,"i work out three hours a day , i am trying to break into acting .",3,0,
3844,tiage_dial_245,13,user,good luck with t h a t,3,0,
3845,tiage_dial_245,14,user,"thank you . we live in south florida , so it is stiff competition .",3,1,
3846,tiage_dial_246,1,user,hello how are you doing,0,0,
3847,tiage_dial_246,2,agent,i am well . where are you from ?,0,0,
3848,tiage_dial_246,3,user,i am from new york . how about you ?,0,0,
3849,tiage_dial_246,4,agent,i am from florida . do you have any family,0,0,
3850,tiage_dial_246,5,user,i have my parents . how about you ?,0,0,
3851,tiage_dial_246,6,agent,my wife and i have two children and three dogs,0,0,
3852,tiage_dial_246,7,user,you have a pretty full house .,0,1,
3853,tiage_dial_246,8,agent,we do indeed . do you like sports ? i love the nfl and nba,1,0,
3854,tiage_dial_246,9,user,i like college ball . i also like nascar .,1,0,
3855,tiage_dial_246,10,agent,what college team is your favorite ? i like north carolina myself,1,0,
3856,tiage_dial_246,11,user,i like usc a lot,1,0,
3857,tiage_dial_246,12,agent,coach enfield is a bum !,1,0,
3858,tiage_dial_246,13,user,ha ha . not a fan i see .,1,0,
3859,tiage_dial_246,14,agent,yeah i think he will go down in this latest scandal,1,0,
3860,tiage_dial_246,15,user,we all have our opinions lol,1,0,
3861,tiage_dial_246,16,user,yes we do . mine are usually the best,1,1,
3862,tiage_dial_247,1,user,"hi , just got back from tending my bees !",0,0,
3863,tiage_dial_247,2,agent,"oh , hi you must be buzzing ? my dogs are afraid of bees .",0,0,
3864,tiage_dial_247,3,user,"ha , i love dogs , but my italian wife does not !",0,0,
3865,tiage_dial_247,4,agent,"no bees for me , it is a scary way to die . an allergic reaction .",0,1,
3866,tiage_dial_247,5,user,"i understand , i am glad i am not allergic to papaya , i eat a lot of it !",1,1,
3867,tiage_dial_247,6,agent,it is a healthy fruit . i love baked goods it is my heaven .,2,0,
3868,tiage_dial_247,7,user,"my mom used to bake , but i do not see her anymore .",2,0,
3869,tiage_dial_247,8,agent,sorry to hear that . my mom knitted and passed it on to me .,2,0,
3870,tiage_dial_247,9,user,"that is great , could you knit something for my wife ?",2,0,
3871,tiage_dial_247,10,agent,"sure , christmas is near so scarfs are in the works for the family .",2,0,
3872,tiage_dial_247,11,user,"she models clothing , so she may wear it on the runway !",2,0,
3873,tiage_dial_247,12,agent,"that sounds great , i always dreamed about my creations on the catwalk .",2,0,
3874,tiage_dial_247,13,user,i think your scarfs would look wonderful !,2,0,
3875,tiage_dial_247,14,user,there are very unique and one of a kind i will send you pictures .,2,1,
3876,tiage_dial_248,1,user,i stroll up and down the street .,0,0,
3877,tiage_dial_248,2,agent,that is cool i do a lot of walking as a kindergarten teacher,0,0,
3878,tiage_dial_248,3,user,i enjoy the great outdoors and being in the water .,0,0,
3879,tiage_dial_248,4,agent,do you do a lot of hiking ?,0,0,
3880,tiage_dial_248,5,user,yes and boating . love being outdoors and reading .,0,0,
3881,tiage_dial_248,6,agent,oh what is your favorite book ? mine is the hunger games .,0,0,
3882,tiage_dial_248,7,user,i read do self help guides and journals .,0,0,
3883,tiage_dial_248,8,agent,those can be very good for improving oneself .,0,0,
3884,tiage_dial_248,9,user,yes and learning new abilities you have for yourself . you realize you have unknown abilities .,0,0,
3885,tiage_dial_248,10,agent,"i know what you mean , i am improving singing .",0,0,
3886,tiage_dial_248,11,user,"that is wonderful finding your internal self through singing , i do that while floating on my kayak .",0,0,
3887,tiage_dial_248,12,agent,recently i have been singing alot of taylor swift .,0,0,
3888,tiage_dial_248,13,user,"i love her songs , my mom taught me to always be all i could be .",0,0,
3889,tiage_dial_248,14,user,"yeah , i feel like she has grown quite a bit as musician .",0,1,
3890,tiage_dial_249,1,user,hi there ! how are you today ?,0,0,
3891,tiage_dial_249,2,agent,"hey ! i am fine , thanks . just got back from work . how are you ?",0,0,
3892,tiage_dial_249,3,user,pretty good . i just got back from the gym . i go there all the time .,0,1,
3893,tiage_dial_249,4,agent,"i should go . i work at burger king , and the food is making me gain weight .",1,0,
3894,tiage_dial_249,5,user,i like the treadmill and rowing machine the best . they might work for you .,1,0,
3895,tiage_dial_249,6,agent,"cool , thanks ! my parents have a treadmill i can use , but i really want to move out .",1,0,
3896,tiage_dial_249,7,user,do you only live with your parents ? i have two dogs myself .,1,0,
3897,tiage_dial_249,8,agent,"oh nice ! and yes , i do . they are always on my back , though .",1,0,
3898,tiage_dial_249,9,user,"well , that is not cool . they need to give you some room .",1,0,
3899,tiage_dial_249,10,agent,"i agree . i do not even drink , or do drugs , or anything .",1,1,
3900,tiage_dial_249,11,user,what do you look like ? i have short black hair and blue eyes .,2,0,
3901,tiage_dial_249,12,agent,i am a pretty average looking 19 year old .,2,0,
3902,tiage_dial_249,13,user,"ah , i am a bit older than you . you sound like an interesting person though .",2,0,
3903,tiage_dial_249,14,agent,"you , too ! i should probably get going , but it was great to talk to you !",2,0,
3904,tiage_dial_249,15,user,great to talk to you too !,2,0,
3905,tiage_dial_249,16,user,"oh , actually , i have a little time .",2,1,
3906,tiage_dial_250,1,user,how are you ? my life is a mess that i hate .,0,0,
3907,tiage_dial_250,2,agent,"i am okay , i miss people , but i am not allowed on the computers .",0,0,
3908,tiage_dial_250,3,user,"really i wonder why , but i may be bitter as i am divorced .",0,0,
3909,tiage_dial_250,4,agent,"i am in juvie , they do not permit us on the computers .",0,0,
3910,tiage_dial_250,5,user,"oh ok , i need it for my salesman job .",0,1,
3911,tiage_dial_250,6,agent,"my mom is visiting in the morning , it is the first time i have seen her .",1,1,
3912,tiage_dial_250,7,user,"oh wow , how old are you ? i am 40 .",2,0,
3913,tiage_dial_250,8,agent,"17 , i took my boyfriends auto theft charge , he has a record , i do not .",2,1,
3914,tiage_dial_250,9,user,"oh ok , i guess you type so slow because you never use computers ?",3,0,
3915,tiage_dial_250,10,agent,"i do not type slow , .",3,0,
3916,tiage_dial_250,11,user,oh ok it must be my computer than .,3,1,
3917,tiage_dial_250,12,agent,must be . are you having bad weather tonight ?,4,0,
3918,tiage_dial_250,13,user,"no not at all , clear skies tonight .",4,1,
3919,tiage_dial_250,14,agent,i do not know then . i was a hacker before i was sentenced to juvie .,5,0,
3920,tiage_dial_250,15,user,"oh wow , i would rather do that than my job .",5,0,
3921,tiage_dial_250,16,user,my dad taught me when i was young .,5,1,
3922,tiage_dial_251,1,user,blonde hair and blue hair describe me,0,1,
3923,tiage_dial_251,2,agent,"hey , i am 8 and a big third grader that loves the playground .",1,1,
3924,tiage_dial_251,3,user,on the weekdays i work at a bar to pay for college . nice,2,0,
3925,tiage_dial_251,4,agent,my friends and i sing the frozen songs but mickey is my hero . what college ?,2,1,
3926,tiage_dial_251,5,user,my best friend and i got a luxury apartment,3,1,
3927,tiage_dial_251,6,agent,disney world is my favorite place to go with my family .,4,1,
3928,tiage_dial_251,7,user,we are both becoming nurses,5,1,
3929,tiage_dial_251,8,agent,i have a long time before i get to live away from home .,6,1,
3930,tiage_dial_251,9,user,chicken is something we do not like,7,0,
3931,tiage_dial_251,10,agent,a nurse sounds like a great job . i love everything chicken .,7,1,
3932,tiage_dial_251,11,user,yeah most people do without blue letters to the left,8,1,
3933,tiage_dial_251,12,agent,i wish it was not raining out so me and my friends could go to the playground .,9,0,
3934,tiage_dial_251,13,user,very cool sounds fun and cool,9,0,
3935,tiage_dial_251,14,agent,"being 8 , my only worry is will the teacher catch the passing of the note .",9,0,
3936,tiage_dial_251,15,user,nice very cool cool cool,9,0,
3937,tiage_dial_251,16,user,i bet you have a lot to worry about .,9,1,
3938,tiage_dial_252,1,user,hi how are you doing ?,0,0,
3939,tiage_dial_252,2,agent,"i am enjoying a burger and fries , you ?",0,0,
3940,tiage_dial_252,3,user,i just ate a sandwich tonight it was good too .,0,0,
3941,tiage_dial_252,4,agent,yum ! i love eating in my house with my boyfriend,0,1,
3942,tiage_dial_252,5,user,me too my hair is growing how is yours ?,1,1,
3943,tiage_dial_252,6,agent,"but i never drink soda , that stuff is terrible for you !",2,0,
3944,tiage_dial_252,7,user,yes it is but i drink it i love soda .,2,0,
3945,tiage_dial_252,8,agent,i have heard soda makes your hair grow fast,2,0,
3946,tiage_dial_252,9,user,i love to work out do you,2,1,
3947,tiage_dial_252,10,agent,soda is also great for cleaning toilets ! !,3,0,
3948,tiage_dial_252,11,user,i will have to try that later sounds cool .,3,1,
3949,tiage_dial_252,12,agent,"working out is ok , kinda fun if you like that",4,0,
3950,tiage_dial_252,13,user,yes i love to ride the bikes .,4,0,
3951,tiage_dial_252,14,user,i ride my bike to go get burgers and fries !,4,1,
3952,tiage_dial_253,1,user,"hi am going to college and art is my major ,",0,0,
3953,tiage_dial_253,2,agent,that sounds lovely . i work as a waitress from time to time for extra money .,0,1,
3954,tiage_dial_253,3,user,two times a year i visit europe since i have descended from christopher columbus .,1,0,
3955,tiage_dial_253,4,agent,i love celebrating columbus day !,1,1,
3956,tiage_dial_253,5,user,wonderful . i just love fish and chips . it is my weakness . i love to cook paella,2,0,
3957,tiage_dial_253,6,agent,i am not much into cooking . i do ride motorbike though .,2,0,
3958,tiage_dial_253,7,user,do you know what paella is ? neither do i .,2,0,
3959,tiage_dial_253,8,agent,"yes , it is a mixture of ingredients kind of thrown in one pan .",2,0,
3960,tiage_dial_253,9,user,well i do not know why i love to cook it . it does not sound very tasty .,2,0,
3961,tiage_dial_253,10,agent,"i do like meat and rice , but i do not go for things like snails or oysters .",2,0,
3962,tiage_dial_253,11,user,yuck . . . snails . i would never eat a snail .,2,1,
3963,tiage_dial_253,12,agent,you are funny ! did you ever ride motorbike ? i love it !,3,0,
3964,tiage_dial_253,13,user,"no , i never have . i would die if i did . i just know it .",3,0,
3965,tiage_dial_253,14,agent,well i do wear a helmet to keep from brain injury !,3,0,
3966,tiage_dial_253,15,user,that is good unless your head falls off . what then ?,3,0,
3967,tiage_dial_253,16,user,"well , i am hoping to keep my head !",3,1,
3968,tiage_dial_254,1,user,"hi , how are you ?",0,0,
3969,tiage_dial_254,2,agent,"terrible , there are scorpions everywhere . please send help .",0,1,
3970,tiage_dial_254,3,user,i am a musician . one day i hope to make it big .,1,0,
3971,tiage_dial_254,4,agent,i play banjo in the band i formed with my fellow postal workers .,1,0,
3972,tiage_dial_254,5,user,my husband is a postal worker . my parents are not supportive of my dream .,1,1,
3973,tiage_dial_254,6,agent,why have you not sent help ? ! the scorpions are stinging my legs ! ree ! ! ! ! ! ! !,2,0,
3974,tiage_dial_254,7,user,"i sing , play the banjo and the guitar . am a custodian to pay the bills .",2,0,
3975,tiage_dial_254,8,agent,dad i am sorry i did not support your nascar dream ! these scorpions are my punishment,2,1,
3976,tiage_dial_254,9,user,i will sing my favorite folk music . it will help to calm in your distress .,3,0,
3977,tiage_dial_254,10,agent,"the pain from these scorpions is unending , everything is turning grey",3,0,
3978,tiage_dial_254,11,user,"i agree , you are being punished for not supporting your loving father .",3,1,
3979,tiage_dial_254,12,agent,"i see the light , dad . i am coming . i will be in the passenger seat dad",4,1,
3980,tiage_dial_254,13,user,i am singing happy folk song music in rejoice .,5,1,
3981,tiage_dial_254,14,agent,"oh god why is there fire , why is there fire ? this is not nascar",6,0,
3982,tiage_dial_254,15,user,are the scorpions gone at least ?,6,0,
3983,tiage_dial_254,16,user,there are scorpions everywhere ! ! ! seas of scorpions for miles in all directions ! ree ! ! !,6,1,
3984,tiage_dial_255,1,user,i just had the best workout ! time to wash my clothes .,0,0,
3985,tiage_dial_255,2,agent,so did i just came back from it and eating a papaya,0,0,
3986,tiage_dial_255,3,user,i love fruit . papaya turns my favorite color when it is ripe .,0,1,
3987,tiage_dial_255,4,agent,its my fave fruit . i do not have family close by,1,0,
3988,tiage_dial_255,5,user,where do you live ? i move around a lot to compete in the olympics .,1,0,
3989,tiage_dial_255,6,agent,"names george by the way , and am married to a super model from italy",1,1,
3990,tiage_dial_255,7,user,i am leigh ! do you like gymnastics ?,2,0,
3991,tiage_dial_255,8,agent,no but i became a bee farmer,2,0,
3992,tiage_dial_255,9,user,that is a really neat job . do you get stung ?,2,0,
3993,tiage_dial_255,10,agent,some times but that is why i wear the bee suit t,2,0,
3994,tiage_dial_255,11,user,i would way rather workout than get stung by bees . you are brave .,2,0,
3995,tiage_dial_255,12,agent,"haha most do , which i can understand",2,0,
3996,tiage_dial_255,13,user,i would like some honey though . do you sell it ?,2,0,
3997,tiage_dial_255,14,agent,sure you can always purchase on my website,2,0,
3998,tiage_dial_255,15,user,or i can trade you honey for tickets to the upcoming olympics i am in .,2,0,
3999,tiage_dial_255,16,user,we can go for a trade that sounds awesome,2,1,
4000,tiage_dial_256,1,user,hello . how are you doing ?,0,0,
4001,tiage_dial_256,2,agent,good . what is your job ?,0,0,
4002,tiage_dial_256,3,user,i work on old cars . how about you ?,0,0,
4003,tiage_dial_256,4,agent,i am retired and used to teach gym in school .,0,1,
4004,tiage_dial_256,5,user,do you have any hobbies in retirement ?,1,0,
4005,tiage_dial_256,6,agent,i often volunteer at a local soup kitchen .,1,1,
4006,tiage_dial_256,7,user,that is kind of you . do you have any pets ?,2,0,
4007,tiage_dial_256,8,agent,i do not have any pets .,2,0,
4008,tiage_dial_256,9,user,i love both my dogs very much .,2,0,
4009,tiage_dial_256,10,agent,i like cheeseburgers almost as much as you love your dogs !,2,0,
4010,tiage_dial_256,11,user,that is a bold statement to make !,2,0,
4011,tiage_dial_256,12,agent,i must be bold because i grew up in a poor household .,2,1,
4012,tiage_dial_256,13,user,fortune favors the bold . do you like music ?,3,0,
4013,tiage_dial_256,14,agent,i like the music in the war documentaries that i enjoy watching .,3,0,
4014,tiage_dial_256,15,user,my favorite music to listen to is country .,3,0,
4015,tiage_dial_256,16,user,do you attend concerts often ?,3,1,
4016,tiage_dial_257,1,user,"hi , how are you today ?",0,0,
4017,tiage_dial_257,2,agent,good . tired . i had to walk my three dogs .,0,1,
4018,tiage_dial_257,3,user,i love dogs ! do you know the game starcraft ?,1,0,
4019,tiage_dial_257,4,agent,i do . i have not played it tho .,1,0,
4020,tiage_dial_257,5,user,"i designed parts of it , i am a popular twitch streamer .",1,0,
4021,tiage_dial_257,6,agent,oh very cool . i go on twitch for my pot farm updates .,1,0,
4022,tiage_dial_257,7,user,pot farm updates ? like a real pot farm ?,1,0,
4023,tiage_dial_257,8,agent,"no , the game pot farm .",1,0,
4024,tiage_dial_257,9,user,"oh , i do not know of it . sounds fun though lol",1,0,
4025,tiage_dial_257,10,agent,it is a cool game . i play it daily .,1,0,
4026,tiage_dial_257,11,user,i am going to have to look it up .,1,1,
4027,tiage_dial_257,12,agent,right on ! i own a dog walking service .,2,0,
4028,tiage_dial_257,13,user,that sounds so fun and like perfect exercise .,2,0,
4029,tiage_dial_257,14,agent,it is a lot of hard work .,2,0,
4030,tiage_dial_257,15,user,since you have your own dogs it must be easy .,2,0,
4031,tiage_dial_257,16,user,it is now . it was harder when i first started .,2,1,
4032,tiage_dial_258,1,user,hi there how are you doing ?,0,0,
4033,tiage_dial_258,2,agent,i am doing well . how are you ?,0,0,
4034,tiage_dial_258,3,user,good just tired from painting my room purple with lime green,0,1,
4035,tiage_dial_258,4,agent,wow that sounds pretty . do you live with family ?,1,0,
4036,tiage_dial_258,5,user,yes atleast for 2 more years till i graduate high school,1,0,
4037,tiage_dial_258,6,agent,cool ! my older sister lives with me right now .,1,1,
4038,tiage_dial_258,7,user,so what are your likes and dislikes,2,0,
4039,tiage_dial_258,8,agent,i love travis scott and playing basketball !,2,1,
4040,tiage_dial_258,9,user,is he not the one having a baby by k jenner,3,0,
4041,tiage_dial_258,10,agent,"you are correct , he is !",3,0,
4042,tiage_dial_258,11,user,i feel like her sister is more pretty,3,0,
4043,tiage_dial_258,12,agent,"my mom , who is a dentist , hates all of them !",3,0,
4044,tiage_dial_258,13,user,haha yea so does mine,3,1,
4045,tiage_dial_258,14,agent,what is your dream career ? i am looking for employment at a restaurant .,4,0,
4046,tiage_dial_258,15,user,ceo of my own beauty products,4,0,
4047,tiage_dial_258,16,user,wow ! that is a very lofty dream .,4,1,
4048,tiage_dial_259,1,user,hi how are you today,0,0,
4049,tiage_dial_259,2,agent,"i am great today just bought my first house , you ?",0,0,
4050,tiage_dial_259,3,user,that is exciting ! i am just updating my twitter status . i am doing great,0,1,
4051,tiage_dial_259,4,agent,"happy for you , just making my meals for the meal , it is tough being an omnivore .",1,0,
4052,tiage_dial_259,5,user,i will only eat organic food it took some getting use to but i love it now,1,0,
4053,tiage_dial_259,6,agent,i am trying to eat healthy because i am pregnant .,1,0,
4054,tiage_dial_259,7,user,oh wow congrats ! your life most be very exciting now,1,0,
4055,tiage_dial_259,8,agent,"i do my best for sure , have twins on the way in two months .",1,0,
4056,tiage_dial_259,9,user,aww are they both boys or girls ?,1,0,
4057,tiage_dial_259,10,agent,both girls ! i can not wait to meet them !,1,0,
4058,tiage_dial_259,11,user,i bet . the highlight of my life is looking around the internet .,1,0,
4059,tiage_dial_259,12,agent,do you do anything else for fun ?,1,0,
4060,tiage_dial_259,13,user,not really i do go to feminist rallies a lot,1,0,
4061,tiage_dial_259,14,agent,sounds like quite an exciting life you live .,1,0,
4062,tiage_dial_259,15,user,it can be at times but social media makes me feel better,1,0,
4063,tiage_dial_259,16,user,i just want to live a happy life with my children .,1,1,
4064,tiage_dial_260,1,user,"hello , how are you this morning ?",0,0,
4065,tiage_dial_260,2,agent,i survived cancer for 3 years ! ! i am cancer free ! !,0,0,
4066,tiage_dial_260,3,user,how cool ! congratulations ! you should come watch me wrestle .,0,0,
4067,tiage_dial_260,4,agent,yeah sure ! i run marathons i am preparing one for this summer,0,0,
4068,tiage_dial_260,5,user,i run as well as put a lot of time on the weights .,0,0,
4069,tiage_dial_260,6,agent,that is awesome i am also a clean eater,0,0,
4070,tiage_dial_260,7,user,i am on a raw diet . have you tried it ?,0,0,
4071,tiage_dial_260,8,agent,no i have never tried raw diet before,0,1,
4072,tiage_dial_260,9,user,you may like it . do you volunteer ? i do at a shelter .,1,0,
4073,tiage_dial_260,10,agent,no but i have a new job as a life coach,1,0,
4074,tiage_dial_260,11,user,"that is awesome too , you should stop by the shelter .",1,1,
4075,tiage_dial_260,12,agent,my parents are extremely athletic,2,0,
4076,tiage_dial_260,13,user,what do they do ? are they pros ?,2,1,
4077,tiage_dial_260,14,agent,i started my new job yesterday i really like it so far .,3,1,
4078,tiage_dial_260,15,user,what do they do ? are they pros ?,4,0,
4079,tiage_dial_260,16,user,they are heath coaches,4,1,
4080,tiage_dial_261,1,user,hello ! my name is johny i am four years of age . how are you ?,0,0,
4081,tiage_dial_261,2,agent,"hi ! pleased to meet you . i am great , just baking cookies at home . my favorite hobby !",0,0,
4082,tiage_dial_261,3,user,oh my favorite hobby is to look at blocks of stone and sing about the alphabet !,0,0,
4083,tiage_dial_261,4,agent,that is so unique ! knitting is another deep passion of mine .,0,1,
4084,tiage_dial_261,5,user,mom said i can be anything so i will become a dog when i am older . you ?,1,0,
4085,tiage_dial_261,6,agent,i hope to open a business . like the countrywide bake sale i am now at !,1,1,
4086,tiage_dial_261,7,user,"my favorite food is chocolate candy , do you bake any chocolate pastry ?",2,0,
4087,tiage_dial_261,8,agent,"no , i avoid chocolate in case my dog gets into my treats",2,1,
4088,tiage_dial_261,9,user,dogs ! i love dogs so much ! what is your dogs name ?,3,0,
4089,tiage_dial_261,10,agent,i named my dog ralph . do you have any pets ?,3,0,
4090,tiage_dial_261,11,user,i have a cat named mittens !,3,0,
4091,tiage_dial_261,12,agent,that is so precious . how long have you had your cat ?,3,0,
4092,tiage_dial_261,13,user,"i have had it for one year , my mom gave it to me as a present !",3,0,
4093,tiage_dial_261,14,user,what a great gift ! i once gave my sister a goldfish .,3,1,
4094,tiage_dial_262,1,user,"hiya , i do not see many people as i live on a farm owned by my parents",0,0,
4095,tiage_dial_262,2,agent,yeah i live at a farm in colorado as well so i do not see many people .,0,1,
4096,tiage_dial_262,3,user,wow coincidence ! i actually have a trade electrician you ?,1,0,
4097,tiage_dial_262,4,agent,"i work as a mechanical engineer , mostly on farm equipment and trucks .",1,1,
4098,tiage_dial_262,5,user,lots in common ! what music do you like ? county is my fave,2,0,
4099,tiage_dial_262,6,agent,"i do not listen to much music , i spend my free time rock climbing .",2,1,
4100,tiage_dial_262,7,user,more active than me i drive everywhere in my big truck . do you drive ?,3,0,
4101,tiage_dial_262,8,agent,yeah i drive sometimes to my parents to see my dog called trooper .,3,0,
4102,tiage_dial_262,9,user,"aww , i do not have pets except the animals on the farm my parents have",3,0,
4103,tiage_dial_262,10,agent,"he is a black labrador retriever , saved my life when i was a kid . what animals ?",3,0,
4104,tiage_dial_262,11,user,amazing what is his name ? sheep mostly,3,1,
4105,tiage_dial_262,12,agent,"his name is trevor , anyway i gotta go soon , it was nice chatting with you !",4,0,
4106,tiage_dial_262,13,user,"unusual name , but glad he saved you so we could chat !",4,0,
4107,tiage_dial_262,14,agent,"see you later partner , good luck with your farm !",4,0,
4108,tiage_dial_262,15,user,"and you , both out in the country",4,0,
4109,tiage_dial_262,16,user,"okay , time to part ways now , see ya !",4,1,
4110,tiage_dial_263,1,user,hello ! how are you doing today ?,0,0,
4111,tiage_dial_263,2,agent,i am good ! i just finished a book ! i read 1 every week,0,0,
4112,tiage_dial_263,3,user,ah that is great . nothing like a good book !,0,0,
4113,tiage_dial_263,4,agent,yeah ! and i really enjoy a good documentary,0,1,
4114,tiage_dial_263,5,user,"i do not have so much time anymore , just moved in a new house .",1,1,
4115,tiage_dial_263,6,agent,congrats ! i just started my new pa job 3 months ago !,2,0,
4116,tiage_dial_263,7,user,"oh i do not have a job yet , just finished my economy major .",2,1,
4117,tiage_dial_263,8,agent,that is good though ! i am about to have my first child ! i am pregnant,3,0,
4118,tiage_dial_263,9,user,oh congrats ! i am married as well and got two kids !,3,0,
4119,tiage_dial_263,10,agent,nice ! i just have my husband and we live in pa,3,1,
4120,tiage_dial_263,11,user,"sorry i gotta go so soon , i am on a strict raw diet and have to eat !",4,0,
4121,tiage_dial_263,12,agent,interesting ! good luck with that !,4,0,
4122,tiage_dial_263,13,user,"it was nice talking to you , good luck with your pa job !",4,0,
4123,tiage_dial_263,14,user,thank you very much you too !,4,1,
4124,tiage_dial_264,1,user,hi . i am home on facebook since i don not work today .,0,1,
4125,tiage_dial_264,2,agent,"hi . i live in the country , raise horse but i want to move to the big city .",1,0,
4126,tiage_dial_264,3,user,i use to live in the country with my wife .,1,0,
4127,tiage_dial_264,4,agent,i want to move to the big city and be a lawyer .,1,1,
4128,tiage_dial_264,5,user,my wife left me . she took our children .,2,0,
4129,tiage_dial_264,6,agent,i am so sorry to hear that .,2,0,
4130,tiage_dial_264,7,user,i am so overweight and very unhappy .,2,0,
4131,tiage_dial_264,8,agent,maybe you should change your lifestyle . start exercising .,2,0,
4132,tiage_dial_264,9,user,"i do not believe in god , maybe that is the problem .",2,1,
4133,tiage_dial_264,10,agent,is there anything good in your life ?,3,0,
4134,tiage_dial_264,11,user,i got a new job in a nursing home .,3,0,
4135,tiage_dial_264,12,agent,"well , that is good . do you enjoy the work ?",3,0,
4136,tiage_dial_264,13,user,i did actually . maybe this is what i need .,3,1,
4137,tiage_dial_264,14,agent,i hope things get better for you . maybe you should spend time with some horses .,4,0,
4138,tiage_dial_264,15,user,that sounds nice . do you have horses ?,4,0,
4139,tiage_dial_264,16,user,born and raised on a horse farm . spent my entire life with horses .,4,1,
4140,tiage_dial_265,1,user,"hey there , how are you ?",0,0,
4141,tiage_dial_265,2,agent,i am doing well thank you how are you ?,0,0,
4142,tiage_dial_265,3,user,i am good thank you,0,1,
4143,tiage_dial_265,4,agent,how old are you ? i am in my mid thirties .,1,0,
4144,tiage_dial_265,5,user,"i am a bit older , i am 46",1,1,
4145,tiage_dial_265,6,agent,are you married ? i m single but i have two dogs .,2,0,
4146,tiage_dial_265,7,user,"no i am single , my ex cheated on me with a lawyer !",2,0,
4147,tiage_dial_265,8,agent,oh no ! that is why i just stay to myself . i do not like cheaters .,2,0,
4148,tiage_dial_265,9,user,i became very insecure and now spend most of my time inside,2,1,
4149,tiage_dial_265,10,agent,you should learn to play chess . i really like it .,3,0,
4150,tiage_dial_265,11,user,"my passion is music , i have my own studio",3,0,
4151,tiage_dial_265,12,agent,how nice ! do you sing ?,3,0,
4152,tiage_dial_265,13,user,"no , i am a recording engineer",3,0,
4153,tiage_dial_265,14,user,that sounds interesting . i like to sing .,3,1,
4154,tiage_dial_266,1,user,hi friend how are you this night ?,0,0,
4155,tiage_dial_266,2,agent,"hi , i just spray painted my hair rainbow color , am i weird ?",0,0,
4156,tiage_dial_266,3,user,no ! lots of people do things like that .,0,1,
4157,tiage_dial_266,4,agent,"yeah , do you like animals ? i am know to be a animal activist",1,1,
4158,tiage_dial_266,5,user,a little . i am from canada and i just joined the army .,2,1,
4159,tiage_dial_266,6,agent,"let me guess , your grandfather was in ww2 ?",3,0,
4160,tiage_dial_266,7,user,no he was in world 1 . how about you grandfather ?,3,1,
4161,tiage_dial_266,8,agent,"he was in ww2 , how old are you ?",4,0,
4162,tiage_dial_266,9,user,i just turned 31 last month . and got a new car .,4,0,
4163,tiage_dial_266,10,agent,"cool , i am too old for me to even say , what kind of car did you get ?",4,0,
4164,tiage_dial_266,11,user,i got a volvo s 40 . and i am liking it .,4,1,
4165,tiage_dial_266,12,agent,"cool , i spend most of my time watching birds with my cats",5,0,
4166,tiage_dial_266,13,user,nice you have cats ? what color fur ?,5,0,
4167,tiage_dial_266,14,agent,they are black and orange,5,0,
4168,tiage_dial_266,15,user,that is really cool i like cats .,5,0,
4169,tiage_dial_266,16,user,"cool , tell me something interesting about yourself",5,1,
4170,tiage_dial_267,1,user,good day how are you,0,0,
4171,tiage_dial_267,2,agent,how are you doing today,0,0,
4172,tiage_dial_267,3,user,"i am good listening to music , playing some video games . how about you ?",0,0,
4173,tiage_dial_267,4,agent,i am doing very well,0,1,
4174,tiage_dial_267,5,user,that is good . are you married ?,1,1,
4175,tiage_dial_267,6,agent,yes and have two animals,2,0,
4176,tiage_dial_267,7,user,what kind of animals ? i love taking my dog for runs to stay in shape .,2,0,
4177,tiage_dial_267,8,agent,they are cats . they do not like being outside,2,0,
4178,tiage_dial_267,9,user,i had one but she tore up all my favorite band t shirts and ruffle sleeved tops .,2,0,
4179,tiage_dial_267,10,agent,that would be so bad,2,0,
4180,tiage_dial_267,11,user,yes now i have nothing but sweaters to wear with my skinny jeans and leggings .,2,0,
4181,tiage_dial_267,12,agent,well at least something fits,2,1,
4182,tiage_dial_267,13,user,what do you do for a living ?,3,0,
4183,tiage_dial_267,14,agent,the olympic training and suh,3,0,
4184,tiage_dial_267,15,user,wow is that hard ? i just make youtube videos about gaming .,3,0,
4185,tiage_dial_267,16,user,yeah it is sometimes . yours sounds more difficult,3,1,
4186,tiage_dial_268,1,user,hello there ! my name is larry and i love to cook .,0,0,
4187,tiage_dial_268,2,agent,haha nice to meet you larry . what kind of food ?,0,0,
4188,tiage_dial_268,3,user,i am an american chef that also loves fishing .,0,0,
4189,tiage_dial_268,4,agent,oh that is cool . i only eat organic kinds of food,0,0,
4190,tiage_dial_268,5,user,that is great ! i spend all my time out of the kitchen on the water .,0,0,
4191,tiage_dial_268,6,agent,haha awesome . i use the internet a lot . especially twitter,0,0,
4192,tiage_dial_268,7,user,i have never been on twitter . i read comics though . still life twitter .,0,0,
4193,tiage_dial_268,8,agent,oh man its awesome . i am always up to date with gossip,0,0,
4194,tiage_dial_268,9,user,maybe you can fill me in on what i am missing ?,0,0,
4195,tiage_dial_268,10,agent,well i am a bit of a feminist . and us women are about to raise hell,0,0,
4196,tiage_dial_268,11,user,oh dear ! what is the hot topic right now ? do not say trump !,0,0,
4197,tiage_dial_268,12,agent,"its def trump . he is a racist anti women anti god anti dogs , he hates rabbits",0,0,
4198,tiage_dial_268,13,user,he hates air if it is not making him money . he will not last longer .,0,0,
4199,tiage_dial_268,14,agent,yea us women are gonna go on twitter and tell everyone how racist he is,0,0,
4200,tiage_dial_268,15,user,maybe i will login and follow some of the action .,0,1,
4201,tiage_dial_268,16,user,maybe you should . i need a organic chicken salad so bad,1,1,
4202,tiage_dial_269,1,user,"hiya , just wondering if you have any hobbies ? i love skateboarding",0,0,
4203,tiage_dial_269,2,agent,i love listening to the who .,0,0,
4204,tiage_dial_269,3,user,"cool group . i am not into music much , i do not have much time",0,1,
4205,tiage_dial_269,4,agent,do you work a lot ? i work at a local supermarket here in ohio .,1,0,
4206,tiage_dial_269,5,user,"no , i do not seem to have a job just skateboarding with all my friends !",1,1,
4207,tiage_dial_269,6,agent,are you able to travel ? i ve never let ohio .,2,0,
4208,tiage_dial_269,7,user,i like travel and follow rob dryden around . would you like to travel,2,0,
4209,tiage_dial_269,8,agent,yes . i want to go to chicago for black olive pizza . my fave .,2,1,
4210,tiage_dial_269,9,user,my fave too ! always hungry after skateboarding . what else do you like ?,3,0,
4211,tiage_dial_269,10,agent,my kitty spook . do you like cats ?,3,0,
4212,tiage_dial_269,11,user,"not much , they run in front of my skateboard good job i wear a hat !",3,0,
4213,tiage_dial_269,12,agent,what kind of hat do you wear ?,3,1,
4214,tiage_dial_269,13,user,"helmets , like rob dryden when skating . do you like fashion ?",4,0,
4215,tiage_dial_269,14,agent,"eh , not so much i guess .",4,0,
4216,tiage_dial_269,15,user,there are lots of choices . do you wear a uniform to work ?,4,0,
4217,tiage_dial_269,16,user,"yes i do . khaki pants and blue polo shirts . boring , but it s a job .",4,1,
4218,tiage_dial_270,1,user,"hey sonny , want to rent a book ?",0,0,
4219,tiage_dial_270,2,agent,i am still learning to read english . i am somali .,0,0,
4220,tiage_dial_270,3,user,oh . . no want wants a book . . . i should just retire .,0,0,
4221,tiage_dial_270,4,agent,i do like dancing . do you have any books on dance ?,0,0,
4222,tiage_dial_270,5,user,"i do , but they are all in spanish . i got them in spain you see .",0,0,
4223,tiage_dial_270,6,agent,why were you in spain ? i was in somalia until my aunt help me escape .,0,0,
4224,tiage_dial_270,7,user,i was searching the world for books . spain has a lot of them .,0,1,
4225,tiage_dial_270,8,agent,spain sounds lovely ! in somalia i was being forced to marry someone i hated . . . .,1,0,
4226,tiage_dial_270,9,user,in all my sixty years i never did see a library in somalia . how tragic .,1,0,
4227,tiage_dial_270,10,agent,"do not get me wrong , not all of somalia is bad , just . . . restricted . . . for women .",1,1,
4228,tiage_dial_270,11,user,is it true the age expectancy is 13 ?,2,0,
4229,tiage_dial_270,12,agent,it all depends . some of us are lucky and it is why i live in the us now .,2,1,
4230,tiage_dial_270,13,user,i feel like this newfangled internet will force me to retire in a few years .,3,0,
4231,tiage_dial_270,14,user,so funny ! i only found it a few years ago and it opened my world .,3,1,
4232,tiage_dial_271,1,user,hi how is your day going ?,0,0,
4233,tiage_dial_271,2,agent,hi mine is going very slow how is yours ?,0,0,
4234,tiage_dial_271,3,user,i am busy volunteering at a homeless shelter .,0,0,
4235,tiage_dial_271,4,agent,having three dogs keeps me busying cleaning my house .,0,0,
4236,tiage_dial_271,5,user,cleaning house must be a great workout . i love working out several times a week,0,0,
4237,tiage_dial_271,6,agent,it is a great work out .,0,1,
4238,tiage_dial_271,7,user,cool where do you work ?,1,0,
4239,tiage_dial_271,8,agent,i am a homemaker you ?,1,0,
4240,tiage_dial_271,9,user,professional wrestler here . that is why i workout so much,1,0,
4241,tiage_dial_271,10,agent,i thought i would always be a door to door salesperson as my father was .,1,0,
4242,tiage_dial_271,11,user,ah cool you must love being around people too . we have that in common,1,0,
4243,tiage_dial_271,12,agent,yes i do one of the reason i am in a poly amorous relationship,1,1,
4244,tiage_dial_271,13,user,that is awesome . what do you do in your spare time ?,2,0,
4245,tiage_dial_271,14,agent,i love hiking or being in the outdoors how about you ?,2,0,
4246,tiage_dial_271,15,user,i volunteer whenever i am able .,2,0,
4247,tiage_dial_271,16,user,i love to volunteer as well .,2,1,
4248,tiage_dial_272,1,user,hi ! i have dreams of being a big musician . what are your dreams ?,0,0,
4249,tiage_dial_272,2,agent,"hello , i am living mine as a life coach !",0,0,
4250,tiage_dial_272,3,user,"nice . when i am not singing , playing piano or guitar , i am a custodian .",0,0,
4251,tiage_dial_272,4,agent,the custodian at the hospital where i did chemotherapy was very nice .,0,1,
4252,tiage_dial_272,5,user,are your parents supportive ? mine are not when it comes to my dreams .,1,0,
4253,tiage_dial_272,6,agent,not unless it is sports related .,1,1,
4254,tiage_dial_272,7,user,folk is my favorite type of music . what is yours ?,2,0,
4255,tiage_dial_272,8,agent,i prefer metal . i do love rap too .,2,1,
4256,tiage_dial_272,9,user,"so do i . i am eating sushi for lunch , what about you ?",3,0,
4257,tiage_dial_272,10,agent,"fruits and some vegetables , anything that is clean .",3,1,
4258,tiage_dial_272,11,user,i am a clean eater as well . do you exercise ? i do and i love it .,4,0,
4259,tiage_dial_272,12,agent,"i do . i am a runner , i do all of the run disney races .",4,0,
4260,tiage_dial_272,13,user,interesting . i never heard of those races . sounds like fun .,4,0,
4261,tiage_dial_272,14,user,they are . i like to dress up in costume while running .,4,1,
4262,tiage_dial_273,1,user,hello how are u tonight,0,0,
4263,tiage_dial_273,2,agent,man i am starving ! can i tell you something embarrassing ?,0,0,
4264,tiage_dial_273,3,user,sure i am a good listening male,0,0,
4265,tiage_dial_273,4,agent,ok . the backseat of my pinto was filled with donuts . i ate them all waiting in traffic,0,1,
4266,tiage_dial_273,5,user,i love donuts do u own a house,1,0,
4267,tiage_dial_273,6,agent,then i ate another 3 dozen while playing dungeons and dragons,1,1,
4268,tiage_dial_273,7,user,i own a house in miami florida and i enjoy sports,2,0,
4269,tiage_dial_273,8,agent,wait you own a house in miami ? that is insane ! expensive dude . hang on . i see a donut,2,1,
4270,tiage_dial_273,9,user,i have a small bulldog and my son is 11 years old,3,0,
4271,tiage_dial_273,10,agent,what the heck ? this donut is as hard as a rock . dang it . a bulldog huh,3,1,
4272,tiage_dial_273,11,user,i work in it and have been for 15 years do u work,4,0,
4273,tiage_dial_273,12,agent,i just licked the sugar off and threw it out the window you work in what ?,4,0,
4274,tiage_dial_273,13,user,i work in it and have been for 15 years do u work,4,0,
4275,tiage_dial_273,14,agent,what the heck do you work in ? i found a soft donut ! my lucky day,4,0,
4276,tiage_dial_273,15,user,i work for a computer company what is your job,4,0,
4277,tiage_dial_273,16,user,i am in an insane band and do side hustles,4,1,
4278,tiage_dial_274,1,user,"hi , i am planning my lesson for class tomorrow .",0,0,
4279,tiage_dial_274,2,agent,awesome me too ! what do you teach ? i teach piano .,0,0,
4280,tiage_dial_274,3,user,i teach science . i love gardening and the outdoors . so science is the best .,0,0,
4281,tiage_dial_274,4,agent,"i like the outdoors also , especially exploring new places that i have not seen before .",0,0,
4282,tiage_dial_274,5,user,"yes , that is me also . i go on trips with my church group every summer .",0,1,
4283,tiage_dial_274,6,agent,that is good ! i do not attend church but i help out at the homeless shelter .,1,0,
4284,tiage_dial_274,7,user,how nice of you . our church group does many charitable services .,1,1,
4285,tiage_dial_274,8,agent,that is nice ! i wish i had time ! what do you do for fun ?,2,0,
4286,tiage_dial_274,9,user,i love to research flowers and plan my flower beds . i also have several indoor plants .,2,0,
4287,tiage_dial_274,10,agent,"awesome ! i practice my instruments , i play a few . i guess i took after my dad .",2,1,
4288,tiage_dial_274,11,user,i have a sensitive plant . my class loves it . what is your favorite instrument ?,3,0,
4289,tiage_dial_274,12,agent,"whats that ? violin , my dad was a professional . i guess that is why i love it .",3,0,
4290,tiage_dial_274,13,user,it is a plant that closes when you touch it . i like a good violin .,3,1,
4291,tiage_dial_274,14,agent,oh ! sorta like a venus fly trap ? those are neat .,4,0,
4292,tiage_dial_274,15,user,"yes , sorta , but it does not eat bugs . look them up online . very cool .",4,0,
4293,tiage_dial_274,16,user,i defiantly will ! its been nice talking to you tonight !,4,1,
4294,tiage_dial_275,1,user,hey how are you today ?,0,0,
4295,tiage_dial_275,2,agent,hi i am doing great how are you today,0,0,
4296,tiage_dial_275,3,user,"eh , bumming i have to work today . it s a whopper day .",0,1,
4297,tiage_dial_275,4,agent,where do you work ? i do not work anymore i just stream on twitch,1,0,
4298,tiage_dial_275,5,user,the burger king . i work for money and to get away from my nagging parents,1,0,
4299,tiage_dial_275,6,agent,that sounds like a good job . i used to design a videogame,1,0,
4300,tiage_dial_275,7,user,i wish i could program stuff . my mind doesn t work that way,1,1,
4301,tiage_dial_275,8,agent,are you still in school ? i was an engineering major,2,0,
4302,tiage_dial_275,9,user,i didn t want to go to college until i figured out what i want to do .,2,1,
4303,tiage_dial_275,10,agent,that is very smart to do . after i finished school i started avoiding people,3,0,
4304,tiage_dial_275,11,user,i m 19 and all my friends went away to school . i m still at home avoiding parents !,3,0,
4305,tiage_dial_275,12,agent,you will figure out what you want to do soon enough .,3,0,
4306,tiage_dial_275,13,user,"you sound nice . it s not like i m an alcoholic or drug addict , just do have a passion",3,1,
4307,tiage_dial_275,14,agent,i am building a robot clone of myself so i do not have to go anywhere,4,0,
4308,tiage_dial_275,15,user,that s impossible ! no way you can do that !,4,0,
4309,tiage_dial_275,16,user,yeah i am very talented when it comes to technology i am even famous,4,1,
4310,tiage_dial_276,1,user,good day how are you today ?,0,0,
4311,tiage_dial_276,2,agent,doing just fine . just pulled some cookies out of the oven . smells heavenly .,0,0,
4312,tiage_dial_276,3,user,"sounds good , i just returned from a hike so cookies would be great right now",0,0,
4313,tiage_dial_276,4,agent,oh man . i bet my dogs would love going hiking . just not my thing though .,0,0,
4314,tiage_dial_276,5,user,"small world , i have a black lab and his name is trooper , what is your dogs name ?",0,0,
4315,tiage_dial_276,6,agent,i have a german shepherd named king and an english bulldog named major .,0,1,
4316,tiage_dial_276,7,user,"awesome , what do you do for a living ?",1,0,
4317,tiage_dial_276,8,agent,i actually a professional baker . what about you ?,1,0,
4318,tiage_dial_276,9,user,that is why you made cookies ! my trade is mechanical engineer and i am in colorado,1,0,
4319,tiage_dial_276,10,agent,i like being a baker . but i much prefer the county bake sale . love the competition .,1,0,
4320,tiage_dial_276,11,user,"i bet you will do great , i will stick to rock climbing",1,1,
4321,tiage_dial_276,12,agent,i have always wanted to visit colorado . is it as beautiful as it is on tv ?,2,0,
4322,tiage_dial_276,13,user,"i think so , the mountains are covered in snow , where are you located ?",2,0,
4323,tiage_dial_276,14,agent,i live in central virginia . lived here all my life . it is beautiful . but normal for me .,2,0,
4324,tiage_dial_276,15,user,is there a hobby you have besides baking ?,2,0,
4325,tiage_dial_276,16,user,"my wife , my dogs and my baking are the loves of my life .",2,1,
4326,tiage_dial_277,1,user,hello ! how are you doing today ?,0,1,
4327,tiage_dial_277,2,agent,"i just reached the age of majority , i can vote !",1,1,
4328,tiage_dial_277,3,user,that is awesome ! what kind of music do you like ?,2,0,
4329,tiage_dial_277,4,agent,every kind . what about you ?,2,0,
4330,tiage_dial_277,5,user,i like classical and gospel . i sing at church .,2,1,
4331,tiage_dial_277,6,agent,my favorite gospel singer is elvis presley . he looks like my pet fish,3,0,
4332,tiage_dial_277,7,user,that is funny ! my sister is an entertainer . she dances on poles .,3,1,
4333,tiage_dial_277,8,agent,that must hurt . how old are you ?,4,1,
4334,tiage_dial_277,9,user,i am 25 . i live on a farm and drive a red tractor .,5,0,
4335,tiage_dial_277,10,agent,a red tractor ? i love red tractors,5,1,
4336,tiage_dial_277,11,user,yes . it is my favorite color . how old are you ?,6,1,
4337,tiage_dial_277,12,agent,i just turned 18 . we should get married and drive a red tractor,7,0,
4338,tiage_dial_277,13,user,"that is sweet ! i am already married , though .",7,1,
4339,tiage_dial_277,14,agent,so am i . but we could go hiking and look at the sunset,8,0,
4340,tiage_dial_277,15,user,i love hiking ! and sunsets . i see amazing sunsets from my tractor .,8,0,
4341,tiage_dial_277,16,user,lol i wish your tractor was orange . then it would match my wig,8,1,
4342,tiage_dial_278,1,user,hello . do you live in united states ?,0,0,
4343,tiage_dial_278,2,agent,yes i do . where are you from ?,0,0,
4344,tiage_dial_278,3,user,my nationality is from somalia,0,1,
4345,tiage_dial_278,4,agent,that is very interesting . what do you do for fun ?,1,0,
4346,tiage_dial_278,5,user,i play games with my husband .,1,0,
4347,tiage_dial_278,6,agent,that is great . what games do you play ?,1,1,
4348,tiage_dial_278,7,user,video games usually . you live in united states all your life ?,2,0,
4349,tiage_dial_278,8,agent,i have lived in the persian gulf but i am from west virginia . what about yourself ?,2,0,
4350,tiage_dial_278,9,user,i came after my aunt helped me escaped somalia when i was young,2,1,
4351,tiage_dial_278,10,agent,i am glad you are safe . are you happy where you are now ?,3,0,
4352,tiage_dial_278,11,user,yes i am . i learned to love my husband that i had to marry .,3,0,
4353,tiage_dial_278,12,agent,i wish you could have have a choice in marriage . are you sure you are happy ?,3,0,
4354,tiage_dial_278,13,user,yes . anything is better than somalia . thank you for asking,3,1,
4355,tiage_dial_278,14,user,i am glad you are living a better life . what kind of music do you listen too ?,4,1,
4356,tiage_dial_279,1,user,hi ! i am eating some raw spinach salad for lunch . you ?,0,0,
4357,tiage_dial_279,2,agent,"sounds yummy , i am feeding horses , my lunch is later",0,0,
4358,tiage_dial_279,3,user,cool ! my wife and kids love horses,0,1,
4359,tiage_dial_279,4,agent,"i have three horses , how many children do you have ?",1,0,
4360,tiage_dial_279,5,user,two kids . they love our new house . you have kids ?,1,0,
4361,tiage_dial_279,6,agent,"not yet , just got married and pretty busy on the farm",1,1,
4362,tiage_dial_279,7,user,nice . i have been studying farmers finances as part of my economics major,2,0,
4363,tiage_dial_279,8,agent,"wow , complicated field that is changing everyday",2,0,
4364,tiage_dial_279,9,user,definitely . i try to keep my brain sharp by eating a raw diet,2,0,
4365,tiage_dial_279,10,agent,"me too , lucky to be on the farm , do you find your health improved ?",2,0,
4366,tiage_dial_279,11,user,i do . i make sure to relax too by seeing the rolling stones once a year,2,0,
4367,tiage_dial_279,12,agent,great band ! i always have some rock playing while i work,2,1,
4368,tiage_dial_279,13,user,do you work elsewhere besides the farm ?,3,0,
4369,tiage_dial_279,14,agent,"not during harvest , my father needs full time help , you ?",3,0,
4370,tiage_dial_279,15,user,i am a full time college student right now while my wife supports us,3,0,
4371,tiage_dial_279,16,user,"that is great , building a family takes time , good luck",3,1,
4372,tiage_dial_280,1,user,"hi , how are you ? sitting here with my beautiful shepherd .",0,0,
4373,tiage_dial_280,2,agent,hey ! german shepherd ? i am feeling pretty crappy right now .,0,0,
4374,tiage_dial_280,3,user,"yes ! when i am down , i pick up my coloring book . i love them !",0,0,
4375,tiage_dial_280,4,agent,my wife spends so much money on those coloring books,0,0,
4376,tiage_dial_280,5,user,"my husband had a hard early life , then adopted , so he lets me get whatever !",0,1,
4377,tiage_dial_280,6,agent,how long have you been married ? my wife and i are separating soon .,1,0,
4378,tiage_dial_280,7,user,so sorry . 5 years . and we live in the boondocks .,1,1,
4379,tiage_dial_280,8,agent,i wish i lived in the boondocks but i have to stay close to my crappy job .,2,0,
4380,tiage_dial_280,9,user,"yeah , well , we are farmers . sometimes it is a hard life .",2,0,
4381,tiage_dial_280,10,agent,that sounds better than what i do selling cars .,2,1,
4382,tiage_dial_280,11,user,"oh , yeah , i would not like that . we have sheep , horses and german shepherds .",3,1,
4383,tiage_dial_280,12,agent,do you have kids too ?,4,0,
4384,tiage_dial_280,13,user,"two kids . and they like to color , too !",4,0,
4385,tiage_dial_280,14,agent,we have 2 kids too and they like to spend all my money,4,1,
4386,tiage_dial_280,15,user,kids are good at that ! what about pets ?,5,0,
4387,tiage_dial_280,16,user,we have a parrot who can be quite obnoxious .,5,1,
4388,tiage_dial_281,1,user,"hi there , i decided to pack up my belongings and move here from germany .",0,0,
4389,tiage_dial_281,2,agent,"hello . that sounds fun , except i would move to the beach .",0,0,
4390,tiage_dial_281,3,user,"the beach is nice , but i am not very good at swimming .",0,1,
4391,tiage_dial_281,4,agent,do you play board games ? they are mine and my kids favorites .,1,0,
4392,tiage_dial_281,5,user,"i do play board games , but i enjoy more excitement like rollercoasters and skydiving .",1,0,
4393,tiage_dial_281,6,agent,"skydiving is fun . i also like to go to up concerts , they are my favorite .",1,1,
4394,tiage_dial_281,7,user,"i like concerts and i like watching cooking shows , what do you watch ?",2,0,
4395,tiage_dial_281,8,agent,mainly documentaries . i am a fan of the walking dead .,2,0,
4396,tiage_dial_281,9,user,that is a great show ! i always make a batch of hummus and watch it .,2,0,
4397,tiage_dial_281,10,agent,hummus is great . i like the red pepper .,2,0,
4398,tiage_dial_281,11,user,that is my favorite . i eat alot since i am a vegan .,2,0,
4399,tiage_dial_281,12,agent,"i am a vegetarian , so i eat a lot of hummus as well .",2,0,
4400,tiage_dial_281,13,user,"that is great , we have that in common !",2,0,
4401,tiage_dial_281,14,user,"my parents were culinary teachers , they taught me to cook .",2,1,
4402,tiage_dial_282,1,user,hi . i am building a robot to be my body double .,0,0,
4403,tiage_dial_282,2,agent,hello . tell me something about yourself .,0,0,
4404,tiage_dial_282,3,user,i am a twitch streamer and famous at it,0,0,
4405,tiage_dial_282,4,agent,that sounds like a the easiest money every,0,0,
4406,tiage_dial_282,5,user,very easy but i am allergic to water .,0,0,
4407,tiage_dial_282,6,agent,that must be the worst,0,0,
4408,tiage_dial_282,7,user,i am a recluse . what about you ?,0,0,
4409,tiage_dial_282,8,agent,so i am but i am not,0,0,
4410,tiage_dial_282,9,user,well that is good . i am very sleepy .,0,1,
4411,tiage_dial_282,10,agent,do you donate to charity ?,1,0,
4412,tiage_dial_282,11,user,no i do not . i pay for college .,1,0,
4413,tiage_dial_282,12,agent,college is a scam ya,1,0,
4414,tiage_dial_282,13,user,do you think so ? i would not be a teacher if i did not go,1,0,
4415,tiage_dial_282,14,agent,"save your money , trust me",1,0,
4416,tiage_dial_282,15,user,i already went and pay student loans now,1,0,
4417,tiage_dial_282,16,user,what did you need the money for ?,1,1,
4418,tiage_dial_283,1,user,hello ! i love to skateboard,0,0,
4419,tiage_dial_283,2,agent,hi there ! one of my sons loves to skateboard !,0,0,
4420,tiage_dial_283,3,user,all of my friends like skateboarding too,0,0,
4421,tiage_dial_283,4,agent,"it is popular . i enjoy baseball , i coach one of my sons little league team",0,0,
4422,tiage_dial_283,5,user,i always wear a hat like little league,0,1,
4423,tiage_dial_283,6,agent,"me too . hats are the best . hey , do you like to drink coffee ?",1,0,
4424,tiage_dial_283,7,user,i broke my arm so i can not drink coffee,1,0,
4425,tiage_dial_283,8,agent,oh no . how did you break your arm ? ! ?,1,0,
4426,tiage_dial_283,9,user,i fell off of my skateboard,1,0,
4427,tiage_dial_283,10,agent,bummer . can you still skateboard with a broken arm ?,1,0,
4428,tiage_dial_283,11,user,yes . it is quite easy . the same,1,0,
4429,tiage_dial_283,12,agent,my son hurt his wrist once skateboarding . comes with the territory i suppose .,1,0,
4430,tiage_dial_283,13,user,i agree . very dangerous sport,1,0,
4431,tiage_dial_283,14,agent,well i am off to relax with my evening glass of wine . cheers .,1,0,
4432,tiage_dial_283,15,user,have a great night . i love you,1,0,
4433,tiage_dial_283,16,user,you as well . love you too .,1,1,
4434,tiage_dial_284,1,user,hi ! i just bought a house ! where do you live ?,0,0,
4435,tiage_dial_284,2,agent,congratulations ! i am still at home with my parents in texas,0,1,
4436,tiage_dial_284,3,user,"oh , so you do not have any children ?",1,0,
4437,tiage_dial_284,4,agent,nope ! i have not even graduated high school yet,1,1,
4438,tiage_dial_284,5,user,oh . are you on the track team ?,2,0,
4439,tiage_dial_284,6,agent,no but i do love to ride horses,2,0,
4440,tiage_dial_284,7,user,"oh . i want horses , but i have a kid and am expecting twins so i am broke .",2,0,
4441,tiage_dial_284,8,agent,aw that is so wonderful ! congrats ! sorry you are broke though,2,1,
4442,tiage_dial_284,9,user,i work as a bank teller so i guess i could always rob the place .,3,0,
4443,tiage_dial_284,10,agent,haha i would not suggest it !,3,0,
4444,tiage_dial_284,11,user,what do you suggest i do ?,3,0,
4445,tiage_dial_284,12,agent,get famous ? i do not know,3,0,
4446,tiage_dial_284,13,user,if i rob a bank i will be famous . then i can have double money ?,3,1,
4447,tiage_dial_284,14,agent,lol no ! i have strong ethics . i am even a vegan,4,0,
4448,tiage_dial_284,15,user,oh . i am omnivorous . it is a dilemma .,4,0,
4449,tiage_dial_284,16,user,i just love animals too much and factory farming is horrible,4,1,
4450,tiage_dial_285,1,user,"hello there , how are you ?",0,0,
4451,tiage_dial_285,2,agent,"dude , like how are you , like totally ?",0,0,
4452,tiage_dial_285,3,user,"well , i have been online all day , pretty much like everyday",0,0,
4453,tiage_dial_285,4,agent,"i am not so good , was with my buds and cracked up the elbow , totally",0,1,
4454,tiage_dial_285,5,user,do you work from home ?,1,0,
4455,tiage_dial_285,6,agent,"my hat flew off while i was skateboarding and i lost it , i do not work",1,1,
4456,tiage_dial_285,7,user,wish i did . i hate the factory makes my hair grey . need to dye it again,2,0,
4457,tiage_dial_285,8,agent,"it hurts and this cast smells like a dead monkey butt , seriously , what color hair ?",2,1,
4458,tiage_dial_285,9,user,"blonde , do you do roleplay games ?",3,0,
4459,tiage_dial_285,10,agent,"boarding and friends is my life , even though they laughed when i fell , no games",3,0,
4460,tiage_dial_285,11,user,not even dracula ? i hate blood though,3,0,
4461,tiage_dial_285,12,agent,"blondes have more fun , but only if they skateboard , who is dracula ?",3,0,
4462,tiage_dial_285,13,user,that guy with the fangs from romania who turns into a vampire,3,0,
4463,tiage_dial_285,14,user,"wow creepy gray haired factory person , like in lost boys ?",3,1,
4464,tiage_dial_286,1,user,"hi there , i am bob .",0,0,
4465,tiage_dial_286,2,agent,"hi bob , i am mandi",0,0,
4466,tiage_dial_286,3,user,"i like that name , i am always on facebook .",0,1,
4467,tiage_dial_286,4,agent,me too now that i have been fired and got a new job .,1,0,
4468,tiage_dial_286,5,user,god is not really real,1,0,
4469,tiage_dial_286,6,agent,"to each their own , but i believe he is .",1,0,
4470,tiage_dial_286,7,user,my children are gone now,1,0,
4471,tiage_dial_286,8,agent,i lost my mom at a young age,1,0,
4472,tiage_dial_286,9,user,my wife took them all,1,0,
4473,tiage_dial_286,10,agent,sorry to hear that . i barely see my dad he is in the army,1,1,
4474,tiage_dial_286,11,user,"i am sorry , do you like to travel ?",2,1,
4475,tiage_dial_286,12,agent,"i do , good thing too because i am now selling insurance to companies",3,0,
4476,tiage_dial_286,13,user,maybe i could buy one and loose weight,3,0,
4477,tiage_dial_286,14,agent,sure ! i am trying to lose weight too,3,1,
4478,tiage_dial_286,15,user,i am a nurse at a home,4,0,
4479,tiage_dial_286,16,user,that is interesting it must be rewarding,4,1,
4480,tiage_dial_287,1,user,hello there ! i am around the age of 13 years old ! how about you ?,0,0,
4481,tiage_dial_287,2,agent,"i am 22 , i live in the us now , you",0,0,
4482,tiage_dial_287,3,user,"same . i take the bus to school , which is annoying .",0,0,
4483,tiage_dial_287,4,agent,you could get a car when you turn 16,0,0,
4484,tiage_dial_287,5,user,"where i live , i cannot drive yet .",0,0,
4485,tiage_dial_287,6,agent,"well , you will be old enough soon",0,1,
4486,tiage_dial_287,7,user,"meanwhile , i usually play soccer and i play on the soccer team for my school",1,0,
4487,tiage_dial_287,8,agent,"that is nice to hear , when i was your age i was married",1,1,
4488,tiage_dial_287,9,user,are you indian by any chance ?,2,0,
4489,tiage_dial_287,10,agent,no i am from somalia,2,0,
4490,tiage_dial_287,11,user,"oh , okay . that is nice to know ! do you have brothers and sister ?",2,0,
4491,tiage_dial_287,12,agent,no only my aunt in america,2,0,
4492,tiage_dial_287,13,user,"oh , well i have parents , and a brother that is a little older than me",2,1,
4493,tiage_dial_287,14,agent,that is nice do you go on vacations,3,0,
4494,tiage_dial_287,15,user,"not a lot , mainly because i have vacation homework .",3,0,
4495,tiage_dial_287,16,user,"education is important , make sure you get good grades",3,1,
4496,tiage_dial_288,1,user,good morning to you how are you today,0,0,
4497,tiage_dial_288,2,agent,"i am well , glad to type to you . how are you ?",0,0,
4498,tiage_dial_288,3,user,i am great i am in school and i am the queen of homecoming,0,1,
4499,tiage_dial_288,4,agent,"that is good . i am a spiritual person , are you ?",1,0,
4500,tiage_dial_288,5,user,yes i am i also make great grades,1,0,
4501,tiage_dial_288,6,agent,"that is nice , i spend most days in reflection here .",1,0,
4502,tiage_dial_288,7,user,that is so good . i am true good things will come your way,1,0,
4503,tiage_dial_288,8,agent,"i believe so , the buddha has taught me well .",1,0,
4504,tiage_dial_288,9,user,well say some extra prayers for me,1,0,
4505,tiage_dial_288,10,agent,"i do not speak , i took a vow of silence .",1,0,
4506,tiage_dial_288,11,user,oh that would be very hard for me,1,0,
4507,tiage_dial_288,12,agent,it has been three months now . i love it .,1,0,
4508,tiage_dial_288,13,user,you are a strong person to do that,1,0,
4509,tiage_dial_288,14,agent,thank you . i am on a quest to be spiritually strong .,1,0,
4510,tiage_dial_288,15,user,it sounds like you are headed in the right direction,1,0,
4511,tiage_dial_288,16,user,i sit in lotus position and chant for hours . are you spiritual ?,1,1,
4512,tiage_dial_289,1,user,organic food are good for health,0,0,
4513,tiage_dial_289,2,agent,i prefer italian . especially garlic bread .,0,1,
4514,tiage_dial_289,3,user,in the fastest world all human are like shortcut to do work,1,1,
4515,tiage_dial_289,4,agent,that is interesting . what kind of sports do you play ? i like gymnastics .,2,0,
4516,tiage_dial_289,5,user,its totally wrong its ending will be worst then ever,2,1,
4517,tiage_dial_289,6,agent,"most likely . yes , what is your favorite color ?",3,1,
4518,tiage_dial_289,7,user,i like boxing its all time favorite game to me,4,0,
4519,tiage_dial_289,8,agent,i won a gold metal in the olympics as a gymnast .,4,1,
4520,tiage_dial_289,9,user,my favorite color is sky blue like ocean and sky,5,0,
4521,tiage_dial_289,10,agent,i really like the color yellow because it reminds me of flowers .,5,0,
4522,tiage_dial_289,11,user,wow you are great dude,5,1,
4523,tiage_dial_289,12,agent,how often do you go to the gym ? i go four hours a day .,6,0,
4524,tiage_dial_289,13,user,simple four times a week,6,1,
4525,tiage_dial_289,14,agent,that is cool . do you compete in any sporting events ?,7,0,
4526,tiage_dial_289,15,user,no i like play video games only,7,0,
4527,tiage_dial_289,16,user,i do not like to play video games . going outside is awesome .,7,1,
4528,tiage_dial_290,1,user,am i alone in this chat room ?,0,0,
4529,tiage_dial_290,2,agent,i am here how are you ?,0,0,
4530,tiage_dial_290,3,user,"oh good , i was getting confused . i am doing good , how about you ?",0,0,
4531,tiage_dial_290,4,agent,i am good i am watching mean girls i love this movie,0,0,
4532,tiage_dial_290,5,user,i love that movie as well . just watched it last weekend snuggled with my two pups .,0,1,
4533,tiage_dial_290,6,agent,awe i have a pug and a cat !,1,0,
4534,tiage_dial_290,7,user,"since i am single at the moment , my dogs are a valued distraction .",1,1,
4535,tiage_dial_290,8,agent,right ? i party a lot cause i am single and bored what do you do for fun,2,0,
4536,tiage_dial_290,9,user,oh i love relaxing . bubble baths after a long day at work are just the best .,2,0,
4537,tiage_dial_290,10,agent,nice ! i do a lot of charity work like food banks do you ?,2,0,
4538,tiage_dial_290,11,user,"yes , i sometimes volunteer and teach chess to kids at the hospital .",2,1,
4539,tiage_dial_290,12,agent,any fears ? i am terrified of heights,3,0,
4540,tiage_dial_290,13,user,i am only terrified of aging ! my thirties horrify me !,3,0,
4541,tiage_dial_290,14,user,oh no ! i try to just live life and party right now !,3,1,
4542,tiage_dial_291,1,user,"i just came back from this monster party , i am so exhausted .",0,0,
4543,tiage_dial_291,2,agent,that sounds like fun ! i went out to dance over the weekend .,0,0,
4544,tiage_dial_291,3,user,oh this weekend i had to cook 100 meals for the food bank,0,0,
4545,tiage_dial_291,4,agent,what a nice gesture . i take my dog to compete in agility classes .,0,0,
4546,tiage_dial_291,5,user,"oh you gave me a great idea , i have a cat and a dog which are lazy",0,0,
4547,tiage_dial_291,6,agent,do you ever dress them up ? i am not fashionable .,0,1,
4548,tiage_dial_291,7,user,"never tried it , but maybe i should . what is your favorite movie ?",1,0,
4549,tiage_dial_291,8,agent,"i like forest gump , but i prefer books . i work at a bookstore .",1,0,
4550,tiage_dial_291,9,user,"mine is mean girls , it reminds me of the time i was in school with my girlfriends .",1,0,
4551,tiage_dial_291,10,agent,"i studied chemistry in school , and yes girls were mean .",1,1,
4552,tiage_dial_291,11,user,"chemistry was my favorite subject , did you get bullied at all ?",2,0,
4553,tiage_dial_291,12,agent,"no , but i did wear orange for bullying , but i hate that color .",2,0,
4554,tiage_dial_291,13,user,"ah yeah orange is way too bright for me , i prefer a light blue or black .",2,0,
4555,tiage_dial_291,14,user,"me too . i am not fashionable , but i avoid orange .",2,1,
4556,tiage_dial_292,1,user,how are you doing today,0,0,
4557,tiage_dial_292,2,agent,hi . i am good . how are you ? tell me about yourself .,0,0,
4558,tiage_dial_292,3,user,i used to be in the military . i like to help animals .,0,0,
4559,tiage_dial_292,4,agent,oh wow . thanks for serving . i am what you call a trust fund baby .,0,1,
4560,tiage_dial_292,5,user,do you help charities with your money,1,0,
4561,tiage_dial_292,6,agent,i find that most charities are farce . i like to give directly,1,0,
4562,tiage_dial_292,7,user,that is a great way to look at things,1,0,
4563,tiage_dial_292,8,agent,"i love to spend and give , but i love to spend wisely .",1,0,
4564,tiage_dial_292,9,user,that is the best way to be .,1,1,
4565,tiage_dial_292,10,agent,"so do you have any musical preferences ? favorite artist , etc",2,0,
4566,tiage_dial_292,11,user,i like r and b . how about you ?,2,0,
4567,tiage_dial_292,12,agent,i am into pop . moreso old school . do not laugh but i love britney spears .,2,0,
4568,tiage_dial_292,13,user,oh boy . that is some stuff .,2,0,
4569,tiage_dial_292,14,user,"i know she has this valley girl thing going on , but she can really sing",2,1,
4570,tiage_dial_293,1,user,i crave cheeseburgers . what food do you crave ?,0,0,
4571,tiage_dial_293,2,agent,fish and chips are my weakness .,0,1,
4572,tiage_dial_293,3,user,i watch crime dramas and war documentaries . what are your favorite tv shows ?,1,0,
4573,tiage_dial_293,4,agent,"anything that is a documentary of christopher columbus , he is a relative .",1,0,
4574,tiage_dial_293,5,user,have you told many people about this relation ?,1,0,
4575,tiage_dial_293,6,agent,"of course . it is no secret in my family , especially among my european relatives .",1,1,
4576,tiage_dial_293,7,user,i help out at the local soup kitchen . do you volunteer too ?,2,0,
4577,tiage_dial_293,8,agent,i used to cook paella for a kitchen in spain .,2,0,
4578,tiage_dial_293,9,user,i never heard of paella . what is it ?,2,0,
4579,tiage_dial_293,10,agent,it is a fish and seafood stew .,2,0,
4580,tiage_dial_293,11,user,i bet it is delicious . do you eat shrimp too ?,2,0,
4581,tiage_dial_293,12,agent,"yes , i do . i painted a shrimp portrait for art school last year .",2,1,
4582,tiage_dial_293,13,user,that is interesting . how did your class project do ?,3,0,
4583,tiage_dial_293,14,agent,very well . it sold for a lot of money for charity .,3,1,
4584,tiage_dial_293,15,user,i like to have close friends . how sociable are you ?,4,0,
4585,tiage_dial_293,16,user,"not very , i travel a lot and go to school full time .",4,1,
4586,tiage_dial_294,1,user,hi how are you doing today ? what is something interesting about you,0,0,
4587,tiage_dial_294,2,agent,i am doing great . i have been shocked,0,0,
4588,tiage_dial_294,3,user,"are you ok , what shocked you",0,0,
4589,tiage_dial_294,4,agent,i work with electricity at work,0,0,
4590,tiage_dial_294,5,user,yikes ! i am still in high school .,0,1,
4591,tiage_dial_294,6,agent,what do you want to do,1,0,
4592,tiage_dial_294,7,user,i think i want to be a veterinarian . i ride horses and follow a vegan diet,1,0,
4593,tiage_dial_294,8,agent,i raise cattle and work,1,1,
4594,tiage_dial_294,9,user,where are you living right now,2,0,
4595,tiage_dial_294,10,agent,in mississippi with my folks,2,0,
4596,tiage_dial_294,11,user,do you live on a farm or ranch ?,2,1,
4597,tiage_dial_294,12,agent,well both i guess do you like animals,3,0,
4598,tiage_dial_294,13,user,yes horses are my favourite but i also have a dog named ben,3,0,
4599,tiage_dial_294,14,agent,what is your dog like,3,0,
4600,tiage_dial_294,15,user,he is a golden retriever who loves to run,3,0,
4601,tiage_dial_294,16,user,bessie likes to do that too,3,1,
4602,tiage_dial_295,1,user,hello ! what are you doing up so late ?,0,0,
4603,tiage_dial_295,2,agent,i am just listening to classical music,0,0,
4604,tiage_dial_295,3,user,i am hanging out with my dog .,0,0,
4605,tiage_dial_295,4,agent,what is your dog breed,0,0,
4606,tiage_dial_295,5,user,"i have a black lab , do you have pets ?",0,0,
4607,tiage_dial_295,6,agent,no i do not have any pets,0,0,
4608,tiage_dial_295,7,user,"they really are great company , especially at night .",0,0,
4609,tiage_dial_295,8,agent,i am sure they are,0,1,
4610,tiage_dial_295,9,user,what do you like to do for fun ?,1,0,
4611,tiage_dial_295,10,agent,i like to bike and read,1,0,
4612,tiage_dial_295,11,user,"so you are kind of outdoorsy , like me . i like to hike . i also like to read .",1,0,
4613,tiage_dial_295,12,agent,no i do not like the outdoor that much,1,0,
4614,tiage_dial_295,13,user,where do you bike if not outdoors ?,1,0,
4615,tiage_dial_295,14,user,i do bike outdoor,1,1,
4616,tiage_dial_296,1,user,i think i am going to have pizza for lunch . i love pizza .,0,0,
4617,tiage_dial_296,2,agent,that is cool . i am grilling out today with i love to do .,0,0,
4618,tiage_dial_296,3,user,you could grill my pizza ! i will put charlie in the car and come over .,0,1,
4619,tiage_dial_296,4,agent,"great idea , then we can go gambling which i always do when i have time .",1,0,
4620,tiage_dial_296,5,user,"perfect . well , charlie is a dog . can he gamble too ?",1,1,
4621,tiage_dial_296,6,agent,heck why not ? plus i need to cut the grass which i love .,2,0,
4622,tiage_dial_296,7,user,i love the smell . i can play the stereo in my honda while you mow .,2,0,
4623,tiage_dial_296,8,agent,that is funny . i am soo glad i came down south for the winter .,2,1,
4624,tiage_dial_296,9,user,where are you from ? i am from where my favorite rapper is from .,3,0,
4625,tiage_dial_296,10,agent,down south where i have been retired for many years now .,3,1,
4626,tiage_dial_296,11,user,i cannot wait to retire . i will trade in my 2015 civic for a cadillac .,4,0,
4627,tiage_dial_296,12,agent,maybe it will be possible if i will the big one gambling !,4,0,
4628,tiage_dial_296,13,user,you will hit the big one ! then you can teach me .,4,0,
4629,tiage_dial_296,14,agent,that would be my pleasure !,4,0,
4630,tiage_dial_296,15,user,perfect . then i can retire early and grill with you all day .,4,0,
4631,tiage_dial_296,16,user,i would absolutely love that i need the company !,4,1,
4632,tiage_dial_297,1,user,hello ! how are you doing this evening ?,0,0,
4633,tiage_dial_297,2,agent,i am good . i am practicing the hula .,0,0,
4634,tiage_dial_297,3,user,may i know what is hula as this is the first time i am hearing .,0,0,
4635,tiage_dial_297,4,agent,"it is a dance , traditional hawaiian dance .",0,0,
4636,tiage_dial_297,5,user,wow i love to see traditional dance .,0,1,
4637,tiage_dial_297,6,agent,i am taking a trip there next month .,1,0,
4638,tiage_dial_297,7,user,have fun ! how long are you going to stay ?,1,0,
4639,tiage_dial_297,8,agent,"two weeks , i am excited . i love the beach .",1,0,
4640,tiage_dial_297,9,user,i love the beach too . i love traveling .,1,1,
4641,tiage_dial_297,10,agent,where are you from ? not knowing the hula and all .,2,0,
4642,tiage_dial_297,11,user,i am from macedonia but i am living in usa for over 10 years . what about you ?,2,0,
4643,tiage_dial_297,12,agent,i have always lived in the us . kind of boring story .,2,0,
4644,tiage_dial_297,13,user,from which city are you ?,2,0,
4645,tiage_dial_297,14,user,charleston south carolina . i have lived here my entire life .,2,1,
4646,tiage_dial_298,1,user,"hi , how are you doing ?",0,0,
4647,tiage_dial_298,2,agent,"just eating , something i do when i am bored . what is up with you ?",0,0,
4648,tiage_dial_298,3,user,"not alot , i might go to church later",0,1,
4649,tiage_dial_298,4,agent,i will probably end up going to the gym . have any animals ?,1,1,
4650,tiage_dial_298,5,user,"no , i am only in college . what do you do ?",2,0,
4651,tiage_dial_298,6,agent,in between jobs right now so you can find me on the treadmill or rowing machine .,2,0,
4652,tiage_dial_298,7,user,"oh , nice ! i need to work out more .",2,1,
4653,tiage_dial_298,8,agent,what classes are you taking ? using the time off to hang out with my two dogs .,3,0,
4654,tiage_dial_298,9,user,"oh , nice i am majoring in art",3,0,
4655,tiage_dial_298,10,agent,"that is cool . i have never been that creative for something like that ,",3,0,
4656,tiage_dial_298,11,user,i became interested in it when i was in europe last year .,3,1,
4657,tiage_dial_298,12,agent,europe is actually where i decided to get short hair . very chic over there .,4,0,
4658,tiage_dial_298,13,user,"oh , awesome . did you have long hair previously ?",4,0,
4659,tiage_dial_298,14,user,yes but it was very hard to keep up with . chopped it all off . what about you ?,4,1,
4660,tiage_dial_299,1,user,hello . how are you today ?,0,0,
4661,tiage_dial_299,2,agent,hello ! i am doing great thanks ! just finished some studying .,0,0,
4662,tiage_dial_299,3,user,i have been at the gym . what are you studying ?,0,0,
4663,tiage_dial_299,4,agent,"i am studying art in college ,",0,0,
4664,tiage_dial_299,5,user,are you a sculptor ? or a painter ?,0,0,
4665,tiage_dial_299,6,agent,"i am actually a painter , but i am hoping to be an art teacher .",0,1,
4666,tiage_dial_299,7,user,"teaching is a great profession , i think . do you have any hobbies ?",1,0,
4667,tiage_dial_299,8,agent,"i enjoy cooking , especially paella , and i like to travel .",1,0,
4668,tiage_dial_299,9,user,"i love to eat . i eat too much when i am bored , though . where have you been ?",1,1,
4669,tiage_dial_299,10,agent,mostly to europe . i go twice per year . christopher columbus is actually a distant relative .,2,0,
4670,tiage_dial_299,11,user,wow . that is pretty impressive . how did you find that out ?,2,0,
4671,tiage_dial_299,12,agent,through one of those ancestry websites and stories passed down by my grandfather .,2,0,
4672,tiage_dial_299,13,user,that is so cool . i do not think i am related to anyone like that .,2,1,
4673,tiage_dial_299,14,agent,sometimes we forget famous people are the same as you and i . do you have any hobbies ?,3,0,
4674,tiage_dial_299,15,user,"treadmill , rowing machine . . . i spend a lot of time at the gym",3,0,
4675,tiage_dial_299,16,user,"well , that is a great way to stay healthy . awesome for you !",3,1,
4676,tiage_dial_300,1,user,"hi , will you talk to me . i am all alone right now",0,0,
4677,tiage_dial_300,2,agent,"hi , do you like taylor swift she is my favorite , what do you listen to ?",0,0,
4678,tiage_dial_300,3,user,i like her ! i also like zane !,0,1,
4679,tiage_dial_300,4,agent,"sure , i can talk to you . how old are you ? i am 24 .",1,0,
4680,tiage_dial_300,5,user,"i am 8 . but it is okay , because i have magic powers . i can stop time !",1,1,
4681,tiage_dial_300,6,agent,"yes zane is good too , in spring i will get married just to let you know",2,0,
4682,tiage_dial_300,7,user,wow ! that is great . who are you marrying ? can i come ! ! !,2,1,
4683,tiage_dial_300,8,agent,"ha ha , that is so funny , do you eat out with friends ? i do .",3,0,
4684,tiage_dial_300,9,user,"no , since my house is in the cloud i do not get out much",3,1,
4685,tiage_dial_300,10,agent,"sure , your parents will have to take you here , i am also a teacher in kindergarten",4,0,
4686,tiage_dial_300,11,user,i am too old for kindergarten though !,4,0,
4687,tiage_dial_300,12,agent,that is a strange thing to say,4,0,
4688,tiage_dial_300,13,user,"yes , but i am young . i say weird stuff",4,0,
4689,tiage_dial_300,14,agent,"well , you do not necessary have to",4,0,
4690,tiage_dial_300,15,user,but life is way more fun if you do ! now you say something weird !,4,0,
4691,tiage_dial_300,16,user,you can learn to say something nice and smart,4,1,
