dial_id,turn_start,turn_end,topic_ids,word_count,window_text,drift_label
tiage_dial_001,1,10,[0],121,"hello what are doing today ? i am good , i just got off work and tired , i have two jobs . i just got done watching a horror movie i rather read , i have read about 20 books this year . wow ! i do love a good horror movie . loving this cooler weather but a good movie is always good . yes ! my son is in junior high and i just started letting him watch them too i work in the movies as well . neat ! ! i used to work in the human services field yes it is neat , i stunt double , it is so much fun and hard work .",0
tiage_dial_001,11,16,[0],72,"yes i bet you can get hurt . my wife works and i stay at home nice , i only have one parent so now i help out my mom . i bet she appreciates that very much . she raised me right , i am just like her . my dad was always busy working at home depot now that i am older home depot is my toy r us .",1
tiage_dial_002,1,9,"[0, 1]",116,"hi ! how are you doing tonight ? i am doing great . just relaxing with my two dogs . great . in my spare time i do volunteer work . that is neat . what kind of volunteer work do you do ? i work in a homeless shelter in my town . good for you . do you like vintage cars ? i have two older mustangs . cool . not really into cars . my day job is wrestling . cars are my thing . vintage cars . i love working on them . wrestling ? do you enjoy it ? yes , i love the crowds , getting to know people .",1
tiage_dial_002,10,14,"[1, 2]",85,"i did not think about the crowd aspect of wrestling . i do not like crowds . understood . when i need to be alone , i work out a few times each week . i agree . working out is a great way to burn off steam . do you like country music ? a little bit . i can get into taylor swift . lol . she is more pop now . her old stuff was country . i like classic country .",1
tiage_dial_003,1,9,"[0, 1, 2]",114,"hello , how are you doing ? i love spending time with my family that is great , me too ! i am married and my husband and i have 2 children . so then have you ever been to disneyland ? no , we recently purchased a new house , so we cannot afford it . have you ? yes i love mickey mouse such a cute little rat i enjoy going to concerts , i see the rolling stones every year . man your lucky i am a baby delivery nurse and the pay sucks maybe you should consider going back to school . i did . i major in economics .",1
tiage_dial_003,10,14,[2],67,"i have to walk 3 miles to work to save money everyday what do you do ? i mostly eat a fresh and raw diet , so i save on groceries . your economic skills are amazing thank you very much ! i am sure you are a great nurse . i am a ok nurse i have dripped some babies though but i am getting better",1
tiage_dial_004,1,10,"[0, 1]",123,hi how are you doing ? i am okay how about you ? i am doing good . just sipping tea . what do you do for work ? i used to do home health aide but now i am disabled . i am sorry to hear that . what happened i graduated and got my license worked a while and became i will . so what do you do now for fun ? i like to read . i have dogs and i walk them . and a cat . what kind of dogs do you have ? i enjoy reading read about michael jackson and psychology today . i love reading . i have a big library at my house .,1
tiage_dial_004,11,14,"[1, 2]",50,that is very nice i love to read to and read about journals . i have a tough time hearing so reading is my happy place . cool that is okay . my mom was very tough on me . i work as a hearing impaired museum tour guide .,1
tiage_dial_005,1,10,"[0, 1]",123,"hi i dye my hair 4 times a year do you live in the sky ? i do . in the clouds . no i do not , i have a dream , it is to work from home i make time stop . i have a superpower . i am a super hero . that is really cool that you can do that i love living in the clouds the best . do you have powers ? no i do not , i faint when i see blood i do not like blood . i vomit . i went to school to be a vet , but i did not like it i want to be a teacher when i grow up",1
tiage_dial_005,11,14,[2],38,what is your name ? are you a male or female ? i am a girl . i do not give out my name . i think a teacher is to tough i like science and art .,1
tiage_dial_006,1,11,"[0, 1, 2]",111,"hi ! do you like turtles ? i am much more of a cat person actually i have a turtle his name is speedy . kitties are nice too , tho ! that is an adorable name for a turtle . i have 2 cats what are your kitties names ? snow and winter , named after my favorite season i like that ! i go to preschool . oh you are so young ! how old are you ? i turned four on my birthday ! i am an old woman . i won a gold medal in 1992 wow ! ! you won gold ! are you rich ?",1
tiage_dial_006,12,14,[2],44,"no . i spend all of my money on hats ! i own over a thousand i like hats too ! but , my favorite thing to do is play with my dollies . that is great . do you have a lot ?",1
tiage_dial_007,1,10,"[0, 1, 2, 3]",120,"hello , how are you tonight ? do you have pink and blue hair ? hi , i am doing pretty good these evening what do you like to do in your spare time ? i bird watch . i actually have purple hair and i love it and enjoy watching war documentaries those are fun . i have a cat , do you ? i have a bird and she loves cheeseburgers like me , my favorite is that healthy for birds ? probably not but a bite here and there i think is okay do you like the holidays ? i do not . i do love the holidays i volunteer a soup kitchen during the holiday season",1
tiage_dial_007,11,16,[4],75,"i get depressed . how old are you ? i am very old . oh man sorry about that , i am 33 and love giving back i grew up poor i did too , back during the great depression . oh wow , i can imagine it was a very hard time it was , but it made us strong . yes it really did , that is why i enjoy y volunteer work",1
tiage_dial_008,1,10,"[0, 1]",119,"hi , how are you doing today ? good ! you ! celebrating with fellow centenarians nice . i am playing some card games with my family . that sounds like fun . i like wine and dancing too ! same . i try to get a small workout in a three mile walk for me is key . awesome ! walking like that you might live forever like me ! ! that is true . my favorite way to unwind is reading a book . you sound very like minded , just add some wine which do you prefer white or red ? fermented . i prefer well aged and fermented . i could bathe in it !",1
tiage_dial_008,11,14,[1],50,good choice . i always like a nice dry white wine . i think i should go grab a bottle now and get some dancing music on sounds like a good way to enjoy a sunday afternoon . yes indeed . being a centenarian you learn to appreciate these things,1
tiage_dial_009,1,10,"[0, 1]",120,"hello , are you attending church in the morning ? only if i can get a ride . i am very old and cannot drive if i lived close , i would take you . i teach sunday school . how nice . you must love kids . i do . i do not have any , my dogs are my children . would you like to know the secret to living as long as i have ? yes , please . that would be wonderful . drinking wine , and dancing in the moonlight . very nice . i do both as well . doing both of those things has helped me make it to my 100th birthday .",1
tiage_dial_009,11,16,"[1, 2]",80,"oh wow . i hope i live as long as you ! i may be old , but i am stronger than i look ! very nice to hear . women are often thought of as weak . women were not even allowed to vote when i was a child . that is truly awful . thankfully , things have since changed . lots of things have changed . i remember when televisions were not a common household item .",1
tiage_dial_010,1,9,"[0, 1, 2]",115,"hey , i enjoy mowing lawns in the summer hello . how are you ? my pet turtle and i are sitting here . my turtle and myself love to grill outside mommy says to pick up toys . i do not like to . i want to play dolls ! yeah , i have been retired for a long time ! years ! i want to go next door and play with my best friend , not work ! yeah i wanna gamble , i go gambling when time permits shame on you ! mommy says you should not gamble ! she gambled on you , and did she get a bad kid ?",1
tiage_dial_010,10,16,[2],73,no she did not ! i am telling my mommy on you ! tell her to get you to bed ! but i want to play dollies with my best friend ! well i am not gonna play dollies with you ! well i do not wanna play with you either ! good ! i hope you win the baby lottery ! i am sorry ! do not be mad at me !,1
tiage_dial_011,1,7,"[0, 1]",112,"how are you ? i am tired of my parents bothering me , hoping to move out soon . i completely get it . my mom is way too traditional for me ! i never drink or use drugs . i am 19 and just want to see my friends . i understand . when do you think you might be able to move ? not sure . i have a part time job at burger king . do you work ? i do . i coach swimming at the pool near my house . awesome . my parents are just always on me about something . are you moving soon ?",1
tiage_dial_011,8,16,"[1, 2]",116,"i am still in school . i cannot move until i finish my degree that must be tough . what do you study ? i want to be a computer programmer . are you in school ? yes , i am studying education and working part time . that sounds interesting . do you like it ? yes , i love it . how are your courses ? they are great . i really like the challenge . what do you want to teach ? i hope to teach elementary school . how much longer until you graduate ? three more years . i feel like i wil never get out . how about you ?",1
tiage_dial_011,17,18,[2],35,"same for me ! looking forward to being done and out of my parents house ! things are so strict . my family is from india , so they just do not get it .",1
tiage_dial_012,1,8,[0],123,"hi . i am billy . i work as an electrician in texas i very rarely speak to people billy , because i am so famous really ? how ? i do a lot of work on my mom and dads farm . i am working on a robot so i can have company that does not annoy me . the only company i have is my pet cow . i helped design starcraft . do you have time to play games without the cow no usually . i live in the country . just drive my big truck and listen to country music . i do twitch streaming for fun , so we do not have much in common do we ?",0
tiage_dial_012,9,14,"[0, 1]",78,"not much . i like pizza too ! i like pizza , one thing in common . i live inland because i am allergic to water really ? i did not know that was possible ! how do you stay hydrated ? very carefully , did you get flooded in texas ? no . i live more north . near dallas . good ! i have not seen a person in 5 years , have my stuff delivered",1
tiage_dial_013,1,8,"[0, 1]",116,"hello . i love to read and my favorite books are the hunger games series . what about you ? hi ! i am an olympic gymnast , i do not read much . that is exciting and must allow you to travel alot . ever been to spain ? yes , i have . i picked up a lovely yellow blouse there . i hope to go back when i retire in a few years . how long before you retire ? i have another two years before i can retire from gymnastics . what are your plans after retirement ? i would like to go to culinary school , i am still young .",1
tiage_dial_013,9,14,[1],71,"i love to cook for my grandkids . i plan to travel more . i mainly cook italian , and garlic bread . i would love to travel to italy . i love baking cookies . i would love to be a pastry chef , i make earl grey shortbread a lot . i have never had earl grey shortbread only the tea . i put it in the shortbread .",1
tiage_dial_014,1,10,"[0, 1, 2]",123,"hello ! i was three when i learned to play guitar ! hi i enjoy disney world and go every year that is great . i really like rascal flats . i think they played there before . that is a good band . i love mickey mouse i actually grew up in the entertainment industry . i am also in the 3rd grade wow . do you like national parks ? my family and i spent summers there . no , i never have been . i like to go to the playground with friends i enjoyed that when was younger too . what is your family like ? i also like frozen the movie and sing a long with it .",1
tiage_dial_014,11,16,"[2, 3, 4]",64,"great ! i like music too and that is why i play guitar . that is awesome to hear ! do you have a dog or cat ? no , mom said i cannot have pets when i have my own place i can . do you have any brothers or sisters ? i have a sister who is 10 years older than me",1
tiage_dial_015,1,11,"[0, 1]",120,"hello , i am sitting here with my dog . how are you ? i am well friend . looking for new employment at the moment . what would be your dream job ? a writer . i am currently an er doctor . what was the worst accident you have seen in the er ? a man had his throat slit in a home invasion that is very scary . i would rather stick to my knitting passion . i have a daughter who people say is a child prodigy what talents does she have ? math ! i hate it ! lol . do you have children ? i have two children . they also enjoy math .",1
tiage_dial_015,12,16,[2],47,that is nice . what is your favorite movie ? my favorite movie is clueless . mine is friday ! although i do love clueless too ! do you think they will make another friday movie ? oh i hope so ! that would be awesome .,1
tiage_dial_016,1,10,[0],120,hey how are you today i am busy studying psychology for my graduate school class . you ? i have retired and now spend my time as a pro gambler sounds cool ! i could be your dog walker when you are busy . well being retired i have a lot of spare time either in a casino or outdoors i love the outdoors . i can survive in the wilderness for weeks yeah me to just got back from two weeks in the bush did your parents teach you to survive like mine did ? my dad did he has his own outdoor show its possible you have seen it i may have . what is it called ?,0
tiage_dial_016,11,16,[0],65,jim shockey he has survived in places all over the world i love that show ! i watch it between studying . yeah did not get to see him much as a child that must have been hard . my parents were always hiking with me . that is nice must have been fun it was fun . probably why i became a dog walker,1
tiage_dial_017,1,11,"[0, 1, 2]",122,"hello there , how are you today ? hello ! how has your day been ? great so far preparing my kindergarten lesson for tomorrow . i only eat kosher foods what is your favorite ? i eat out alot with friends and some love kosher also . i like kosher salt a lot no salt for me , at 24 i need to establish a healthy eating lifestyle . i like kosher salt more then regular salt i am slimming down to fit into a wedding dress in spring so salt is out . you must be a hot milf ha , ha , ha . . . to young for milf . what type of music do you like ?",1
tiage_dial_017,12,16,[2],44,"i like your music a lot so you are a big taylor swift fan as i am ? i love my girl taylor yes she is a1 with her stuff , i love her new album . . i know i love you too",1
tiage_dial_018,1,8,"[0, 1, 2]",116,"hi , kevin here . i love mexican food , aerosmith and nascar racing and a construction worker . i am a recording engineer myself . currently living in california great ! i wear a yellow construction worker hat to aerosmith concerts . that sounds fun . i would rather be inside though . wow ! what artists you work with ? i started working at sixteen as a construction model . no one you know probably . the market was dead last year unfortunately . oh okay . you like car racing ? i do . i also like mexican pizza . i love car racing . i am not crazy about lawyers though .",1
tiage_dial_018,9,16,[2],114,"me too ! i wear a yellow construction hat and my dad is a lawyer . bummer huh ? maybe he is the one that my ex left me for . oh wow . does your ex like aerosmith ? my dad and i do ? i do not think so . i own my own studio and she tried to take it . bummer ! does your ex like mexican food and fast cars ? she could be my stepmom . no she likes lies and cheating . lol funny . you think your ex would like construction workers ? i am 46 with kids , maybe she did not like that .",1
tiage_dial_019,1,9,"[0, 1]",117,hello . my name is rob . how are you today ? my name is kelly . i am well . how are you ? i am sad today remembering my mom who died when i was a child . i am so sorry to hear that . my father also passed away . he drove for nascar . sorry to hear that . my dad is an army soldier . i thank him for his service . thank you for saying that . what do you do for fun ? i play with my german shepherd named barnaby . he is my baby . i love dogs . i play softball and i love it !,1
tiage_dial_019,10,16,"[2, 3, 4]",97,i played softball years ago . i am too busy working for the us postal service . that is a good job . i work in insurance . it also keeps me busy . i live in the southwest and i am deathly afraid of scorpions . not a good mix . that sounds like quite the predicament . it is . i do like it here aside from that . how is the weather there today ? it is cloudy and cool here in boston . it is hot . but thankfully not humid today .,1
tiage_dial_020,1,10,"[0, 1]",123,"hello , how are you doing ? hello . pretty good , thanks . and yourself ? awesome , i just got back from a bike ride . cool ! do you spend a lot of time biking ? yup . its my favorite thing to do . do you ? i love playing folk music . i actually hope to be a professional musician someday that is interesting . what instruments do you play ? i can play the guitar and the piano and i also like to sing . i can only sing when i drink , but i do not like to do that anymore . i m not a big drinker either . do you have a job ?",1
tiage_dial_020,11,14,[1],57,"construction , like my dad . what do you do when you are not being a rock star nice ! i work as a custodian . not too glamorous but it pays the bills haha i feel ya . you gotta do what you gotta do . exactly . do you have other hobbies besides biking ?",1
tiage_dial_021,1,11,"[0, 1, 2]",125,"hello ! where are you from ? hey ! i am from nyc what about you ? i am from a town outside vancouver . so what brings you around here ? are you here for work ? actually i am on leave right now oh okay . may i ask what your occupation is ? i serve in the canadian army , just as my grandfather did . how about you ? i went to college for chemistry , but i actually work in a bookstore now . oh that is cool . i do not like reading though i do not care for fashion as much as you dislike reading haha i hate reading so much i dropped out of high school !",1
tiage_dial_021,12,16,[3],67,must be a very strong dislike then . i actually have a strange disdain toward the color orange why do you hate orange ? as a kid i was always bothered by this bright orange lamp my parents had that sounds scary . i was scared by my grandfather telling wwii stories oh man must have been traumatizing . what do you do to relieve stress ?,1
tiage_dial_022,1,12,"[0, 1, 2, 3, 4]",120,"hello how are you doing ? great , how are you doing today ? i am great . what do you like to do ? watching horror movies is my favorite . how about you ? i am more into comedies . i see . what do you do for work i work at a bar . how about you ? i used to work in hr , but now i stay home with my son . that sounds very nice . how old is your kid ? he is in junior high . do you have any kids ? i do not . i am still working on building my future . what do you want to do ?",1
tiage_dial_022,13,14,[4],32,i am not sure . i am still doing my gen eds . that sounds nice . do you have any family line of work that you can get in to ?,1
tiage_dial_023,1,12,"[0, 1, 2, 3, 4]",119,"hey there how is it going ? hello . all is moving great . and you ? i am good just putting hair dye in alright . i work in it . if you do not mind , what work are you into ? oh right how i am between jobs the economic situation seem to be gradually picking up though cool , i am addicted to the internet since you are addicted to internet , do you watch a lot of american sports ? i play a lot of role playing games ok . do you like dogs ? yeah dogs are pretty cool do you think that the internet is pretty safe for children of late ?",1
tiage_dial_023,13,16,"[4, 5]",45,"it can be but it ca be a danger too ok . speaking about work , i have been at the same company for about 15 years that is actually pretty impressive i kind of wonder why employees are not keen on loyalty these days",1
tiage_dial_024,1,10,"[0, 1]",121,"hello , what are you doing today ? i am thinking about my upcoming retirement . how about you ? just raising my kids , i am a homemaking dad . very cool . my kids are grown . i am already 60 years old . i am not there yet . my oldest in a junior . how old is your youngest ? she is 9 . i love them all . what work did you do before retiring ? i work as a librarian , but i am going to retire in the next couple of years . that is great , i spent ten years in human services . did you stop when your eldest was born ?",1
tiage_dial_024,11,16,"[1, 2, 3]",68,"yes , i had to . i am glad to be home . my father helps out too . why did you have to ? children need love , and my wife makes more money . do your children like any interesting activities ? no , we just go to home depot on the weekends . my father was manager there . do you like to travel ?",1
tiage_dial_025,1,8,"[0, 1]",120,"hello . do you know of any apartments for rent ? hi there . hmm i am not familiar with any . which area are you looking ? jacksonville . i work at burger king and do not use drugs if that helps . maybe you can expand your options if you find another career . i am only 19 . just graduated . congratulations . i work in construction , started when i was 16 . it is great money . that is cool . my friends and i work here , we are hoping to buy our own franchise . wow that is ambitious . i hope you succeed . personally i prefer mexican food over burgers .",1
tiage_dial_025,9,14,"[1, 2, 3]",81,"i prefer seafood . my dad makes awesome fish tacos . that sounds delicious . what type of music do you like ? metal . mainly metallica . i also love old school rap . tupac is where it is at . nice . i listen to a lot of aerosmith , they are my favorite . i like them too . dream on is one of my favorites great song . how long have you worked for burger king ?",1
tiage_dial_026,1,11,"[0, 1, 2]",121,"hello , my name is ally and my favourite color is orange do you know the game starcraft ? i helped designing it ! that s awesome , i m sure my ex boyfriend would like that game i usually stream the game on my twitch channel that s great , i also love twitch as well i am making this robot right now that looks like me ! i like hiking in the morning before sunset i am kind of a nerd , i do not go out much and do not socialize . that s not bad at all the worst part about my life is that i am allergic to water that s sad how do you drink",1
tiage_dial_026,12,16,"[2, 3]",57,"i have to drink another substance that contains particles of hydrogen and oxygen dang that kinda weird . well do you have a pet yeah i have a cat , how about you ? i do a pet fish that sounds awesome , but i have to go now , gotta start streaming . see ya !",1
tiage_dial_027,1,9,[0],113,"hello , how are you tonight ? what state are you ? i am in california , age 46 i am in ohio . 42 . single and a churchgoer . you ? i am good , and you ? i stay home all day and i like it that sounds boring . my dog would drive me crazy if i tried that . i love to go to church too , it help me deal with my ex . . my ex is straight up crazy , there is no scripture that would help him . she cheated me and stay with a lawyer that is horrible . i am single .",0
tiage_dial_027,10,16,"[0, 1]",77,"it takes the power of god to change people , my kids are great yes , the goddess can change people . me too , i am a single dad , i do recordings in my studio that sounds like fun , what kind of music ? what do you do ? do you want to meet me ? i am sorry , i am too busy to date . i record soft rock and light jazz",1
tiage_dial_028,1,11,"[0, 1, 2]",123,"hi there ? hows it goin ? whatcha havin for lunch today ? i am going to have pizza after meditation me , burgers and fries every day . meditation , who ! whats that like ? it is like going to a peaceful place i am at peace just bein in my house with my boyfriend . anything else you like ? i used to like to talk not anymore ? not at all ? why not ? i have been silent for months now oh , i get it . buddhist monk , eh ? something like that . where do you live in my house , with my boyfriend . how come you can chat if you cant speak ?",1
tiage_dial_028,12,16,"[2, 3]",41,i am not allowed to vocalize ok . where do you live ? in a monastery ? i am thinking about it any other cool thoughts ? what do you think about when you meditate ? i wish for world peace,1
tiage_dial_029,1,8,"[0, 1, 2]",115,"hello ! how are you today ? i am good ! just finished working . you ? i am great ! i just got back from a walk with my dog ! how was work ? it was tiring . trying to get the fields harvested for winter . oh you are a farmer ? what do you grow ? winter is coming too soon ! we grow corn and soybeans at my parents farm . what dog do you have ? he is a black lab named is trooper , he is a great hiking buddy ! cute ! where do you hike ? my pet will not travel . she is a cow",1
tiage_dial_029,9,16,[2],120,i hike in the mountains here in colorado near pueblo . are there mountains near you ? no i live in the middle of no where . miles of country . where is the middle of no where ? i live near denver for work . pennsylvania . amish country . i feel out of place driving my big truck next to buggies i would be afraid of hitting them with my car ! yeah . that is why i blast my country music . they hear me coming ! haha ! i like to listen to garth brookes when i am rock climbing at the gym ! oh wow ! i never did that before ! sounds fun !,1
tiage_dial_030,1,8,"[0, 1]",116,"i see you laughing there . you better not be laughing at my mini van . i would never do that . i hate my grey dog barnaby and scorpions . my fourth son hates scorpions too . i do not understand my children . keep trying . i like grey vans but a nascar car killed my daddy . sounds like he liked a glass of wine in the evenings . he does . barnaby is grey , a german shepherd and he hates scorpions too . kids these days . scorpions are the only thing i ever hear about while coaching . mom says we are going to sue nascar for killing daddy .",1
tiage_dial_030,9,16,"[1, 2]",124,"if you can you should go for it . toss me some coffee money when it comes through . sure , but you have to get in line . my grey dog barnaby is dying too . you know my fifth son keeps asking me for a dog . it is just too much . he can have mine . barnaby needs a new home . i have to decline , my fifth son is my least favorite ; we keep him in the attic . oh okay . does he play with scorpions or dogs ? our scorpion pit is located in the basement . great ! my dad died in a scorpion pit while driving a nascar car . you dance ?",1
tiage_dial_031,1,12,"[0, 1, 2, 3, 4]",119,"hello how are you today ? good you ? coloring my adult coloring book , do you like them ? no i think they are for whinny illiterate millennials well how rude of you . where do you live ? in nyc i work from my condo glad we do not live close . i am from a rural part of the u . s . , we farm . cars is what i spend everything on that is cool . do you like hockey ? i love it all those pucks i do too . especially nhl . have any pets ? i have dogs and cats i have one dog , he is a german shepherd .",1
tiage_dial_031,13,16,[5],29,"do you like fruits or veggies better ? fruits , what about you ? i really like oranges a lot they are decent ! my favorite is strawberries .",1
tiage_dial_032,1,12,[0],125,"hi how are we doing this late night in october ? i am great ! just been looking on twitter at news yes let us get to know each other bit that is cool . tell me about yourself ? i like to gamble on my spare nights not cool huh . depends if you win or not lol yes it sucks loosing i also enjoy lawn mowing on sunny days . i enjoy green living and just put solar panels on roof sounds interesting i also love grilling my food outdoors . yummy , i love cookouts . i am involved women rights movement that is good i have not been working for a few years . i work from home doing internet searches",0
tiage_dial_032,13,16,[0],38,great wished i could get a work at home job . it has its benefits . i have plenty time tend my organic garden that sounds interesting i like organic foods . they are so healthy for you,1
tiage_dial_033,1,11,[0],112,"hello , how are you doing tonight ? good , how are you tonight ? i am great , just chillin playing some guitar awesome , what are you playing ? hank williams . . . . i grew up on country music i like country too ! i am kinda tired tonight from a long day at the shipyard . oh yea ? what do you do there ? i am newly retired from the navy . i am a captain very cool . . . i sing for a living ! that is amazing ! living the dream huh ? yes , absolutely ! gonna make it big one day",0
tiage_dial_033,12,16,[0],51,"i hope you do ! my passion is making a difference in the world . that is amazing . we need more people like that ! do you volunteer with any charities sadly , no i do not i highly encourage you to , especially after you make it big !",1
tiage_dial_034,1,14,"[0, 1, 2, 3]",115,hi how are you i am doing well today do you like playing musical instruments ? i like the drums a lot i play several and my father played violin ! what else do you like ? i can tell you what i do not like what do you not like ? school . i really really do not like it i do not like school much either at least we are on the same page do you like volunteering anywhere in your city ? i do not like people i like people and exploring new places in the city . do you like animals ? i do . they are quiet and peaceful .,1
tiage_dial_034,15,16,[3],20,that is awesome . is there anything else you like or do not like ? i do not like people,1
tiage_dial_035,1,7,"[0, 1, 2]",112,"hello , call of duty is my favorite game . do you game ? yes i do after all i am a engineer . nice . my cousin is an engineer and hates video games . but i love donuts . i am actually a recording engineer . do you have kids ? so is my cousin , so cool ! no kids , but i do love icp , the band . oh ok . i am a single dad . and my recording artist died last year . bad luck ! wow , you ok ? did your artist use a ford pinto ? that is what i drive .",1
tiage_dial_035,8,16,"[2, 3, 4]",88,"i am fine . he just had a n accident here in california . i do live rpg events over the weekends . that is cool . i am 46 how about you ? i turn 83 in a month . . oh wow . are you retired ? no , i professionally stream on twitch . oh i have never heard of that . it is a streaming platform for gamers . oh ok , i guess i do not know much on the music side .",1
tiage_dial_036,1,14,"[0, 1, 2]",125,"hi lets get to know each other that sounds awfully familiar to me . do you enjoy sports much ? i football is the best . go alabama tide ! football is good . i prefer solo stuff . i am a gymnast i have a brother and 3 sisters are you guys close ? i am an only child no we are not , i am more closer to my dogs honestly too bad . but at least you have them , what breeds ? ok i will be sure too what kinds of dogs are they ? i already told that to you sorry i only see that you are close to them ok then . well its been nice chatting with you",1
tiage_dial_036,15,16,[2],17,"i guess you too . are you leaving now ? thought this was over , guess not",1
tiage_dial_037,1,11,"[0, 1, 2]",119,"hello ! how are you today ? my favorite type of music is from the south awesome ! i really like dancing to that kind of music , especially in the moonlight . i am the head worker of a small store very nice , what does your store sell ? my store sells everything you could possibly need ! great , are there weights ? i am strong for my age , but would like to get stronger there are weights for sure ! guess how old i am ! i am not sure ? how old are you ? ! ? i am 100 ! i feel like at this point , i might live forever .",1
tiage_dial_037,12,14,[3],33,"i have a very nice car ! it is a pathfinder by the company nissan ! nice , when did you get it ? i got it this year ! i love it",1
tiage_dial_038,1,10,"[0, 1, 2]",120,"hello friend , have you ever seen dog agility ? it is my favorite sport ! i have not it sounds interesting i compete at it , when i am not dancing cool ! my only pet is a cow are you a dairy farmer or something like that ? yes my parents are , i work for them cool . i do not care for fashion , but i do wear western clothes when i line dance i live line dancing to country music , that is all i listen too me too . i discovered my love for it while getting my degree in chemistry . cool ! i am always playing country in my big truck !",1
tiage_dial_038,11,16,[2],63,"it was the only station i could get in my laboratory , and now i am hooked lol chemistry seems like an interesting career . i would not know , i work at a book store now . cool , do you like to read ? love it . james joyce is my favorite author . awesome , i hardly ever read .",1
tiage_dial_039,1,9,"[0, 1, 2]",115,"hello how are you today ? exhausted ! i was out clubbing all weekend . my legs are tired from grinding . really i have not done that in years , i am just a lonely are you ok ? i know chemistry . i could make you an aspirin ! i am ok my husband is a doctor so i can get any medicine i want wow , good for him . i just work in a bookstore . . . oh wow that cool , you get free knowlege i majored in chemistry so i already have enough knowledge for a lifetime . really that is awesome do you have a girlfriend ?",1
tiage_dial_039,10,16,"[2, 3, 4]",97,"no . all of the girls here wear orange . i hate orange . do you want one ? i could leave my husband for you wow that is saucy . just one rule wear anything you want but orange things . that is my favorite color though , can you handle my three story mortgage i am already deep in student loans , so i do not care ! whats your average salary i need to know since my family grows about 15k . i spend most of that on weekend clubs and raves though .",1
tiage_dial_040,1,9,"[0, 1]",123,"hi , just got back from riding my horse ! you ? hey , i am in high school and i want to be a physical therapist . good for you ! i do some farming , so i might be calling you ! awesome ! i make all as in school so i could help you ! great , i hope you like music , i rock out when i work ! yes , i love music ! so we can definitely rock out . i have a couple horses , and they like to rock , too ! cool ! i am a homecoming queen that loves horses . you must be very popular and a good person , too .",1
tiage_dial_040,10,16,"[2, 3]",97,"yes , i set a goal to actually run a k this year too ! i get my exercise tending the farm ! i am sure you do ! i bet it is fun there ! come run a few laps here , it is quite a few acres ! i just might do that ! i want to achieve my goal of running a k ! i am sure you will succeed and win the race , too ! i hope so ! after i get out of high school i want to run more !",1
tiage_dial_041,1,8,"[0, 1, 2, 3, 4, 5]",115,"hello . my wife left with the kids two weeks ago . i understand because i have dogs too . i am an rn in a nursing home . we have dogs there . i hate dogs but love to knit its kind of my passion the ladies here knit , while watching the pastors on tv . i am an atheist . you are just scared of dying like me . that is why only love baking cookies . no , i am not . i work with dead people all the time . sure . . . i am heading back home to the country so i can enter a bake sale .",1
tiage_dial_041,9,16,"[5, 6]",102,"i am overweight , bake sales are not a good idea for me . i do not think we should be friends i did not realize we had to be . i just wanted to stop talking to you really then do not respond , no rule says you have to speak to everyone that says hello . rules ? what rules are you talking about dude , no cookies for you wow . you may want to see a therapist with all of that anger you have . i love cookies and bake sale but you are freaking me out .",1
tiage_dial_042,1,14,"[0, 1, 2, 3, 4, 5, 6]",123,"hey how are you doing tonight ? hi there , how are you ? doing good , watching friday , my favorite , and looking on indeed . i teach in the summers ? awesome ! maybe you could help my daughter , she is so smart . does she own dogs like me ? no we do not . we would not have time , with my busy schedule . i am a pediatrician i always go to church that is cool . what grade do you teach ? i hold an outdoor class oh wow ! what is it about ? i teach walking and hiking mostly so a gym teacher ? or trainer ? i do not really like labels",1
tiage_dial_042,15,16,"[6, 7]",20,well okay then lol i am not sure if that would be a label do you have any pets ?,1
tiage_dial_043,1,10,"[0, 1, 2, 3]",124,hi there how are you tonight ? well . better now that i am in remission . how are you ? wow well i am glad for you congrats my step mom is going through stage 4 so sorry to hear that . she is in my thoughts . thanks are you married ? any kids ? i have many kids and grandkids to keep me busy . how about you ? i have 2 kids with my spouse how wonderful . life is precious spend as much time with them as possible . yea but i love time to my self as well like every year i see rolling stones that sounds like fun . i enjoy making clothes for my family .,1
tiage_dial_043,11,16,"[3, 4]",71,really i use to dumpster dive to recycle clothes for homeless no lie helping others makes life meaningful and i cherish it more now . well now with my major in economics i love guiding people with there money too bad my cell phone broke . i would love to text you about my finances . o no yea i am always willing to help great we should exchange emails !,1
tiage_dial_044,1,12,"[0, 1, 2, 3, 4, 5]",124,"just got back from playing with barnaby , my dog ! i just watched snoop and martha cool , i deliver mail , and get a lot of martha catalogues ! i love to eat vegetables and unique things that is great , i like my food grey , the color i like on everything ! awesome , i just came here from another country wonderful , i hope there are no scorpions there , they scare me ! do you like adventure i do i like fast cars , nascar was what my father did ! awesome does he like to go to germany oh , of course , it is beautiful there ! maybe he can skydive to see a better view",1
tiage_dial_044,13,14,[5],21,ha ha ! that would be great ! you skydive ? i want to but no highest i got was rollercoasters,1
tiage_dial_045,1,11,"[0, 1, 2]",122,"i just finished spending some time watching birdy fly with my cats . hello i am sara who are you i am just an old man with rainbow hair i am 7 and i have powers that no one knows about i have powers too as an animal activist ! i can make the whole world pause ! freeze time that makes me kind of depressed , but not as much as holidays do awe i love christmas you do not like it ? no because nobody comes to visit me i spend it alone awe i am lonely a lot too i live in a orphanage that is very unfortunate of you , maybe you should come live with me !",1
tiage_dial_045,12,16,[2],44,do you have room for me ? yeah i have a house with 3 bedrooms and i am the only one here wow that is a huge house yeah i would love some company ! you would not be scared of my super powers,1
tiage_dial_046,1,9,"[0, 1]",122,"hello , how are you today ? not bad at all , rain got in the way though . how are you ? i am doing well . where is it raining ? ma . i was gonna finish a roof today . at least the cats will not miss me my cat just got out , i hope she comes home soon the streets are busy . ooh , if one of mine got out i would panic . ya the streets of bejing are not kind to a little kitten . i will say , hope you find her soon . so otherwise how is your day ? it was pretty decent . i won my ping pong match .",1
tiage_dial_046,10,14,[1],67,"i am terrible at that game , give me a hammer not a paddle what other kinds of things do you fix . i build houses , sometimes i fix them , have my dads genes . maybe i do too . he is an electrician i pay electric guitar . close enough i suppose , my dad put a hammer in my hand at 2 .",1
tiage_dial_047,1,7,"[0, 1]",116,"hello , how are you ? did you major in chemistry too ? i am angry . my parents keep making me go to school even though i hate it omg me too ! i graduated , but ended up working at a bookstore ! dose your bookstore sell p o box ? i know some do and i love it . sorry , no , and they went out of business . it was a weird fashion hipster place . i do not have that many friends to play with anyways . how old are you ? i am 35 . but i still go dancing on the weekends ! how old are you ?",1
tiage_dial_047,8,14,"[1, 2]",114,"12 . i want to leave school as soon as i am old enough . do you have a hobby ? mine is competing in dog agility . makes the time pass . . . i stay away from other girls that are jealous of my long red hair and blue eyes good decision ! i usually do not care about fashion , but i like doing hair color . oh cool . have you done anything else fun ? i bleached my hair . black now blond . just hate that orange between the two bleaches . i do not bleach my hair . mine is natural and goes down to my waist",1
tiage_dial_048,1,10,"[0, 1]",122,"hi how are you , i am from a small area , where are you from ? hi there i am from america but my family moved down to south america cool , i lives in america all my life , i live in a small town i used to live in minnesota are there many lawyers there ? i would love to be a lawyer uh i have no idea i would love to move to a big city and become a lawyer ok sure i want to make computer like my dad used to that is great , please tell me more interesting things i had a friend named noah we were friends from ever since we met at 1",1
tiage_dial_048,11,16,[1],70,"cool , do you still talk to him ? ya not as much since we moved here how do you like your new life since you moved ? it is not so fun i have 2 friend who speak a different langues man i really need to go to the bathroom , what language they speak ? hmong and french my dad can translate because he speaks hmong and english",1
tiage_dial_049,1,13,"[0, 1]",125,"hi want to be my friend ? sure . do you like to dance ? i know how but it is not my favorite . i learned at prep school what was your favorite subject in school ? i guess math . i am hoping to get into finance i like math too . chemistry was my favorite subject in school . that is cool are you a chemist now ? yeah , i have been for the last 5 years . good for you . where do you live ? i live in chicago . what about you ? i am in manhattan . best city in the world manhattan does have good pizza . so i hear . i am more into sushi",1
tiage_dial_049,14,16,"[1, 2]",32,"i am not a fan of sushi , i like mexican food . well we have that here too . we have it all does everyone in manhattan have good fashion ?",1
tiage_dial_050,1,8,"[0, 1]",121,"hello . i am dawn . who are you ? hello . i am leigh . i am at a park i have never been to . cool . what park ? i won homecoming queen and went to the park that night not sure . i was just exploring the city and found it . how old are you ? i am 16 . currently in high school . how old are you ? i am 34 and i play many instruments . are you in band ? i am in band at school . i make straight as ! what instruments do you play ? i play trombone , alto sax , baritone , and trumpet . you ?",1
tiage_dial_050,9,16,"[2, 3, 4]",122,"i play the sax . do you run ? my goal is to run a k ! i do not run . i am constantly moving at the shelter i work at though . you should try to run ! its fun ! moving is good too ! no ! i will start violin as a new hobby , like my father . i did play the violin last year in band . i did not like it it is not for everyone . my dad made his living . i will try . did you go to homecoming when you were in school ? i had a blast at mine i did not go . who did you go with ?",1
tiage_dial_051,1,8,"[0, 1]",118,"hi there ! i love to dance , what do you do for fun ? oh cool . pole dancing ? well i am only 4 and enjoy coloring . how would you know what pole dancing is then , dear ? my mom is a pole dancer . my pet turtle is my best friend . that is so sweet . is that your only friend ? ya they live next door . and my dolls . i live a sheltered life . that is ok ! you have plenty of time to grow and learn . i am from far away . like in the clouds ? i do not really get to see sunlight .",1
tiage_dial_051,9,16,"[1, 2]",104,"my aunt helped me to escape a dangerous place . now i live a better life . were you a slave ? sometimes i have to food found in alleys . i lived in somalia and had to fight to survive . you will make it ! do you own fully automatic rifles then ? oh honey no , guns are not the answer . would not that just be your personal view ? you are only 4 , you should not be worrying about this my guns have dolls . some of them would not be alive today if they did not .",1
tiage_dial_052,1,8,"[0, 1, 2]",119,"hello , my name is leon . i am a audio engineer . how are you ? hello , leon . my dogs and i are doing well . that is good to hear ! i have been better , my girlfriend just left me . oh no . i go to the gym a lot . the treadmill keeps my mind off things . i tend to stick indoors but maybe the gym will help , thanks . you are most welcome . the rowing machine is nice too . that is a full body work out right there . do you live in california ? sadly , no . my dogs and i are in ohio .",1
tiage_dial_052,9,14,"[2, 3, 4]",87,"i think i need to move . my studio is tanking after the decline of the market . oh no . i am moving soon as well . due to personal reasons . well i hope your reasons work themselves out . what kind of dogs do you have ? i have a springer spaniel and a lab . do you have pets ? sadly no , they can be very destructive in an audio booth . that is for sure . what kind of music ?",1
tiage_dial_053,1,10,"[0, 1]",122,"hello , how are you doing tonight ? great just got back from the gym i go twice a day every day . i am a teacher , and do not have time to go more than twice a week . bummer my fav exercised are the treadmill and rowing machine i love the beach and go for every vacation . i have to go to the gym a lot because i eat a lot i am always on a diet , gotta stay bikini ready . cool i eat a lot when i am bored . pets ? i have one dog , she is amazing . i have 2 dogs . i should take them walking instead of eating .",1
tiage_dial_053,11,16,"[1, 2, 3]",70,"that would be a great idea . i have been thinking of growing my hair long it is so short . a change of style is always a good confidence booster . yeah , that is a nice thought . do you have kids ? i do not . my fiance and i do not want any . well , you will have more free time without them anyway .",1
tiage_dial_054,1,12,"[0, 1]",123,"how are you doing today great thanks . what are you doing ? i am playing my favorite game hat game ? i love games as well , being 13 and all . no it is on xbox i have an xbox too . my older brother never will let me play though . that is not very nice no , and i cry about it whilst i am on the bus for school . very sad . what do your friends think they try to help me . they also help me with my math , i am terrible at that . i do not like it either . love music i prefer soccer , but what music do you like ?",1
tiage_dial_054,13,16,[1],37,"i like all kinds of music do you like soccer like i do ? i play every weekend . i play it once in a while nice , my big brother plays soccer with me sometimes .",1
tiage_dial_055,1,10,"[0, 1, 2, 3]",125,"hello . do you play any instruments ? no i do not but i love dancing wildly to party music . do you own any pets ? i do . i have a dog . cool ! i own a dog too ! as well as a cat . do you have a favorite movie ? no , not really . i like sci fi , as it drives my parents crazy . that is cool , but i do not really like sci fi . do you read sci fi ? no . i watch sci fi . mainly , i read supernatural romances . what kind of supernatural romances ? any of them that are interesting cool ! do you like parties ?",1
tiage_dial_055,11,16,"[3, 4]",64,i do . we sing folk songs at most of ours . i play guitar . awesome ! i love parties . i go wild at them . i do not drink or do drugs . ok ok . what do you do besides play guitar ? i am a custodian and a security guard . interesting ! is that hard to do ?,1
tiage_dial_056,1,10,"[0, 1, 2]",111,"hi ! how are you this evening ? i am well ! just got back from taking a walk . same here ! i am a professional dog walker . just walked two labs . oh that sounds fun . i like dogs . me too ! i love kayaking almost as much . i love hamburgers and french fries , but not soda . are you married ? no , single . i just graduated college . you ? i am married and we just bought a house . oh , very cool . i hope you two like it . yes it is nice . is kayaking dangerous ?",1
tiage_dial_056,11,16,"[2, 3]",74,"depends on where you do it . on rapids , yes . on streams , not so much . i see . what did you major in ? psychology . i read a lot of psych journals in my free time as well . that sounds like a lot of work . it was . getting started on the phd next year . education is something that no one can ever take away .",1
tiage_dial_057,1,9,"[0, 1, 2, 3]",121,"hello . how are you today ? good today . just cooking some mexican food . i cooking but am not very good . oh i like mexican food , but my favorite food are cheeseburgers i inherited some money and bought a yacht to travel , i try different foods traveling i help out at a soup kitchen since i grew up poor . cheeseburgers are great , i try all kinds of foods everywhere i go , gotta love food . yes , do you like war documentaries ? i do i like travel logs and have been all over the world for years since high school sounds great , i am retired , i was a gym teacher",1
tiage_dial_057,10,16,"[3, 4]",87,"i need a job and will put my yacht up for rent . i could teach . sounds like a good plan , what would you like to teach ? economics would be my first choice . that sounds good , i bet you would be a good teacher . i would try . what hobbies do you have now that you are retired ? watching was documentaries , how about you ? i like cooking shows . i should probably take some classes to improve .",1
tiage_dial_058,1,14,"[0, 1, 2, 3]",121,"stay at home dad here , son is a junior in high school yo whats up my man not much my father used to work at home depot you sound like you are trying to rush through your character i love scary horror movies , do you ? yup , nice to get it out of the way not very ethical in my opinion yeah , well awesome man . i like to be positive i play music and i rock yeah ? well in real life i play music and rock my favorite word is trabajo yeah it fits you well i am going to study french next cool , good luck with that i also study ebonics and sh",1
tiage_dial_058,15,16,[3],14,"awesome you are stellar , maybe become president ? no you should do that",1
tiage_dial_059,1,11,"[0, 1]",115,"hi ! how is it going ? i had surgery a week ago now i have stranger powers wow , like what ? ! a week ago i just moved to my new house . i am just a boy with a heart outside my body that is not where it belongs . had a brain transplant now i move objects with my mind my son says he can do the same after watching star wars your son sounds really awesome he is unique . he has been acting weird since finding out i am pregnant . wow congrats that is so cool thanks but it makes my job at the bank really hard .",1
tiage_dial_059,12,16,[1],56,"i bet , are you banking on a girl or boy ? two girls . i am hoping they are omnivores like me . yeah nice job getting all those blue sentences in ! i do not know what you are talking about . are you feeling ok ? yes i am thanks so much !",1
tiage_dial_060,1,9,"[0, 1]",119,"hello , how are you ? i am a feminist . oh my i just love country music ! do you ? only if they are female singers . solar panels are all over my roof . solar panels rock ! i have actually met the taylor swift herself seriously ! ? i only buy organic food like taylor swift . that is great . i manage a convenience store wow . can i have organic stuff ? i am browsing the internet a lot . oh of course ! i drive a pathfinder , nissan , i need a new one try to win one off of a twitter contest . i did , and enjoy twitter .",1
tiage_dial_060,10,16,"[1, 2, 3]",67,"i did not know there was a twitter contest ya , are you a female ? yes i am , i am 40 years old females rock . my armpits are very hairy . are you a woman ? if hair is your thing yay you yes i am a woman . i used to raise wild frogs . oh i love frogs , and frog legs",1
tiage_dial_061,1,11,"[0, 1, 2]",117,"hello ! how are you this evening ? good . watching the race . and you ? ok , for someone with their heart outside their body . oh man . how did that happen ? born that way . had to have a transplant , but it seems ok now . crazy . what do you do to stay happy ? i really like moving stuff with my mind . and you ? what ! i just need some good tacos and nascar . i know , sounds unbelievable but its true . i like tacos . the guys i work with make some great ones on fridays . awesome . where do you work ?",1
tiage_dial_061,12,16,[2],59,i work in construction . started when i was 16 . that is pretty young . i would like to do that kind of work . i think that mind you have can make you more money . i do not tell anyone about it . they will come take me away . take you away from where ?,1
tiage_dial_062,1,9,"[0, 1]",119,"hi . just got done with my training run . training for a marathon . nice ! i just like to eat food haha . after surviving cancer , i try to stay healthy i try to eat healthy but it does not help when i can not cook well yeah . maybe i could help . i am a recently hired life coach . i been across the globe for years eating food and now i am fat . well take baby steps . i am fortunate my parents were into sports . i will rent you my yacht for free for helping ! okay . that is a plan . we should meet for a run .",1
tiage_dial_062,10,16,[1],82,"sure ! the last time i ran was when i was 13 which was like 10 years ago ! okay we will start with a half mile . baby steps . i can cook for us after our run . i need the practice haha ! i will not make a mess , but lets eat healthy , okay ? how about a salad then ? sounds good . maybe a lite dressing with it . what is your favorite dressing ?",1
tiage_dial_063,1,8,"[0, 1, 2]",117,"hello . do you like painting ? i used to be a painter , it was a good life . hello , i like wine and coffee . drank a lot of both in my 56 years on this darned planet . i coach little league and have five boys , i need both to help me deal with them . i have two kids of my own , grown up now . they never visit . ungrateful . i am stuck with mine awhile , along with my mini van . i wish i could buy a car . i cannot afford it on a housekeeper wage . maybe you should find a second job .",1
tiage_dial_063,9,16,"[2, 3]",121,"where , at hooters ? i am 56 year old woman , not what i used to be . . . age is only a number . you are only as old as you allow yourself to be . i like your optimism , i suppose i could learn a thing or two . it is never too late to learn . i am going to photography school . i do not think art is the right choice , it did not do me any good . then it was not your calling , it is mine . sometimes one has to give up their dreams so someone else can have theirs . no , you find your own dream .",1
tiage_dial_064,1,10,"[0, 1, 2]",123,hi my name is jill how are you today ? i am doing well . about to go to my job at burger king . what do you do there at burger king ? i am only 19 and work the grill . i just want to have fun with friends . that is cool i still attend high school i want to move out . i am drug and booze free though . what kind of fun do you and your friends like ? i play music . i am going to be a rockstar . i hate drugs and do not drink either what kind of music do you play ? scottish black metal . i play electric bag pipes .,1
tiage_dial_064,11,14,"[2, 3]",63,"wow i have never heard of electric bagpipes . are there any videos of them on you tube ? yeah , i have videos of me on there . i invented them . they are sweet . i am sorry but i do not think you ever told me your name . my name is cletus huckleberry . nice to meet you .",1
tiage_dial_065,1,10,"[0, 1, 2]",113,"hello , how are you doing today ? i am well , how are you ? good . just got back from a nice long walk with my dog . cool . so what do you do for fun ? well i play tennis professionally and take care of my growing family . i am a dj . really into eighties hip hop nice , do you have any pets or children ? nope no kids or pets . what about you ? yes , 2 dogs and 3 soon to be 4 children ! good thing i have a big house that is a pretty big family . . must be hectic",1
tiage_dial_065,11,16,"[2, 3, 4]",58,"very much ! and my husband is a doctor , so he is never home . well at least he makes a lot of money lol true . do you have any hobbies ? i like to dance and cook . you ? mostly read and walk . where are you from ? i am from boston massachusetts",1
tiage_dial_066,1,9,"[0, 1, 2]",112,"hi ! trying to hangout online to not have to listen to hubby watching sports ! what sports is he into ? he and i both love most sports , but i prefer track and he likes golf ! i like swimming . i coach locally . you do ? how fun . are you a guy or girl ? a guy . where abouts are you ? hawaii . moved here from texas and love the blue ocean and skies here i d love to see america . i hope to work there one day . i live in india . that sounds wonderful as well . a bit hot maybe",1
tiage_dial_066,10,16,[2],96,"the humidity is lethal . texas gets pretty hot though doesn t it ? horrible . humid too . i prefer hi since besides running i surf . wow . you sound cool . i code and listen to music . boring life . just start creating using music and code . not boring but creative ! my programming skills will need some work , i m still studying . that s okay . at least you re still growing and moving forward my mother thinks i should just get married and stay in india .",1
tiage_dial_067,1,9,"[0, 1, 2, 3]",125,"hi , i just got an apartment with my best friend ! very nice ! my boyfriend and i move into our new on next tuesday awesome , i do not care for chicken , but i am a blonde with blue eyes do you like photography ? i do it as a side business . yeah , i sure do , i take lots at the bar , i work there , saving for college i teach fourth graders , most nights i need a drink . yeah i hear ya man , i really do teach fourth graders do you have a girlfriend ? my boyfriend says i am always playing matchmaker . i do not too busy with my band and teaching",1
tiage_dial_067,10,16,"[4, 5, 6]",75,"what subject do you teach ? i teach history . i teach piano , and vocals how many languages do you speak ? i am up to three . i am at 2 , spanish and english i speak those and french . do you like red or silver ? i like silver more , i think it looks sharp , especially chrome i am more partial to the muted tones of each color .",1
tiage_dial_068,1,12,"[0, 1, 2]",118,"hello , how are you today ? i am very well ! how are you ? i am tired , now i am just taking a break from unpacking boxes . i like listening to rap music with kids in my house i can not listen to rap anymore . i understand . did you attend college ? yes i am a teacher at a local school . what do you do ? i am a college student at a local university what are you going to school for ? athletic training ! it is interesting i am about to go on maternity leave . i am having triplets soon . wow ! wish i was your husband",1
tiage_dial_068,13,14,"[2, 3]",21,"we just bought our first home and now kids are filling it . lol ! i love pizza , favorite food",1
tiage_dial_069,1,9,"[0, 1]",123,"hello . how are you tonight ? ruff , hey ! ruff ruff . how are you ? i am good . are you a dog ? nothing just singing and looking at my building blocks ! ruff i had blocks when i was little . but i am in grade 3 now ! not yet ! but i will be soon ! but i have to give up chocolate . why ? chocolate is great ! i get special candy in disney world every summer wait . . . what ? i am confused . dogs ca not eat chocolate and i will be a dog soon . you are hard to understand . let it go ! let it go !",1
tiage_dial_069,10,14,"[2, 3]",83,"i love snow , i can roll in it ! dogs can not go to disney ruff disney has dogs ! pluto is a dog ! but i like mickey better ! my favorite ! maybe i can teach pluto abc song ! i want to be a dog just like him ! you can ! that would be fun . how old are you little doggy ? i do not know , what do you mean ? do you like chocolate ?",1
tiage_dial_070,1,8,"[0, 1, 2, 3]",122,"hello , how are you today ? good i live in ohio working as a doctor looking for a job in california i have never been to california . i work in it from home . working from home would be nice . i am moving for my daughter , she is a prodigy . it can be lonely , i sometimes go to the gym just for the interaction . very nice i go to the park for that . do you like movies , my favorite is friday i love movies , i spend a lot of time watching tv , probably too much lol i wish i had more time for tv , what is your favorite show ?",1
tiage_dial_070,9,14,"[3, 4, 5]",74,"i would say the walking dead . what about you ? walking dead is mine too . any hobbies ? working on my cars , what are your hobbies ? chasing my daughter around , i like to paint when i can . nice i had a girlfriend that was an artist . kids are a lot of work . yes they are but they are worth it . do you have kids ?",1
tiage_dial_071,1,11,"[0, 1, 2]",118,"hi want to get to know each other ? sure thing . what is your job ? i just got hired yesterday as a life coach , thanks for asking wow , i am a dog walker . that is way cool does that make you happy ? do you like dogs ? yeah dogs are cool . i kayak too . do you have pets ? i do not . but i am so glad you do something that brings you joy yeah . what do you like to do ? i got really into running after i beat cancer wow you must be brave just determined . i am not taking my second chance for granted",1
tiage_dial_071,12,16,"[2, 3]",56,"good idea , you sound like an amazing human thank you so much . it is all about clean eating and being self aware makes sense , you would be a good role model . any children ? no , not yet . do you ? yes , a new little one on the way too",1
tiage_dial_072,1,14,"[0, 1, 2, 3]",109,hi how are you doing i am doing very fine this afternoon . how about you ? i am good getting ready for school what are you going to school for ? high school i am so ready to graduate will you be driving to or living on campus ? i will probably be living on campus what kind of music makes you feel good ? really any kind what about you i enjoy listening to classical music . that is nice do you like sports it depends on the particular sport . i like to spend time with my horses i am more concerned with my religion .,1
tiage_dial_073,1,11,"[0, 1, 2]",125,hello i am in canada where are you ? i am in a jail for kids for kids ? that does not make sense . i got caught shoplifting and they locked me up how is that because of kids ? did you graduate from high school ? i did not . i am still a kid . i want to go back to school graduate well your in jail . come out better then you went in . i get out next month . my mom is visiting tomorrow well make a plan with her to get your life back on track do you work ? what do you do ? yes in the army . you could try that when you get out,1
tiage_dial_073,12,16,"[2, 3]",62,do you like working in the army ? yes it is a bit of a family thing . my grand father was in world war 2 . i guess that made your decision to enlist easy yes it did . what do you want to do ? i have not given much thought to what to do when i get out .,1
tiage_dial_074,1,9,"[0, 1, 2, 3]",124,"hello ! how are you today ? great ! relaxing , taking a break for a few . i was playing a video game . what video game ? i relax by knitting . love it ! i was playing fall out . what do you look like ? i m blonde thin . i am an older woman who is afraid of dying . i hope your youth was full of music . i love music . i do not love music much now . i do love baking ! me too , as i wear my favorite band t shirt s for inspiration who is your favorite band ? i have a shirt with my dogs photo on it i wear .",1
tiage_dial_074,10,16,[3],109,"that s cute . my favorite band is fall out boy . yours ? waylon jennings is my favorite ! next weekend is county wide bake sale . you coming ? i m in jersey . i m a runner . i have a marathon next weekend . oh good luck ! the bake sale feels like a second home to me ! i bet . what are you making ? i have a great pb cookie recipe . would you share ? cookies are my favorite to bake ! 1c pb , 1c sugar , 1 egg . mix and roll . bake for 10 12 mins .",1
tiage_dial_075,1,12,"[0, 1]",124,"hi . i just got done eating vanilla ice cream . no self control with it . you ? i am the same way with rap rap is cool . my cats like it , both of them . i produce rap for people . maybe you could make a rap about my 1000 hats . i am a collector . sure while riding in my honda civic when you finish that you could make a rap about my 1992 olympic gold . then we can celebrate with pizza yum ! and vanilla ice cream . right is it not the best ? sure is . it is right up there with winter . love winter . it is a great time of year",1
tiage_dial_075,13,16,[2],27,so do you have other hobbies ? i play the piano sometimes i love piano music . do you play jazz ? i do sometimes for fun,1
tiage_dial_076,1,10,"[0, 1, 2, 3]",118,hello ! you should friend me on facebook . friend ye ? i hardly know ye . . . that is true . but we can chat there too where do you live ? i am in cali . i like in indiana . recently single since my ex left with our kids . my ex left me too . cheated on me as well . i hate that . took my belief in god away well i am an atheist so that was not a problem for me . but it sucked . i bet . i miss my children my ex left the kids . but some days i wish she had not . . .,1
tiage_dial_076,11,16,"[3, 4]",63,i understand that . kids can be very tiring do you like music ? i am in the industry . i do . mainly classical . what do you do ? i have a studio and i help people record music . that sounds much more fun than taking care of old people like me do you work in a nursing home ?,1
tiage_dial_077,1,13,"[0, 1, 2, 3]",114,"hi there , i am bob . hi ! i am andy . i ended things with my boyfriend really that is sad . i work as an elementary teacher . nice , i am 18 now great . my father was a teacher too so did he hike like i do ? no he did not . he and i enjoyed time in the beach . i really like sunsets most that is really amazing . i hope you do great . ahead . do you have pets ? mine is a fish i have a dog whom i love . your fish seems amazing . it really is amazing as a pet",1
tiage_dial_077,14,16,"[3, 4]",25,i hope it will always be with you in rough times . but will be better as sushi i agree . they are great sushi,1
tiage_dial_078,1,9,"[0, 1, 2, 3]",114,"hello i love music . are you familiar with tom petty ? hi ! i do but i rarely have time to listen in between school and work . what is the focus of your studies ? are you in school too ? no . i finished in 1995 . what year are in ? first year , i just moved here with my best friend for school too . its great to have friends . i hope you look after each other that is very important so true ! so what do you do for a living ? i am in mining but i hate it . what is your field of interest",1
tiage_dial_078,10,14,"[3, 4]",71,"aside from nursing , i work at a bar to pay for school . bar work can be fun . you learn so much about human nature . thank you for caring about others of course , it is like a live sociology class too . absolutely ! ! the subjects are already prepped with truth serum i definitely agree ! good perspective . why do you not like mining ?",1
tiage_dial_079,1,10,"[0, 1, 2, 3]",120,"hello how are you doing today ? i am great , i hope you are doing well . where are you from ? i live in a rural area . i see . have you lived there for a long time ? we just recently bought a home no 2 years my husband birth parents live here that is very nice . life must be very relaxing outside the cities . do you have children ? no i have 2 dogs i do not have any pets , but i may be interested in one what is your favorite sport to watch ? i do not have any special interest in sports , do you have any favorite sports ?",1
tiage_dial_079,11,14,"[3, 4]",56,"i like to watch hockey . i see , do you live in united states or canada ? i heard hockey is very popular there . i live in the united states . what about you ? i live in canada , i moved here very recently . what do you do for a living ?",1
tiage_dial_080,1,8,"[0, 1, 2]",115,"hi , i m susie . how are you ? i am good . just got back from some volunteering . how are you doing ? are you having problems texting ? i am an old retired guy , so i might be doing something wrong ! i am fine , just getting ready for a walk with my dog . that sounds like a nice time . i like to try to be active myself . i love walks . that s nice . i enjoy walking . i try to do it at least once a day . i used to be a gym teacher so i used to be quite fit !",1
tiage_dial_080,9,16,"[2, 3, 4]",117,wow . i m a school teacher myself . i often get exercise dealing with the kids . definitely ! although now that i am retired i find that i love eating cheeseburgers . . . i guess you earned the right to do it . i try to stay away from the temptation . yup . a cheeseburger and a war documentary are my idea of a good saturday that s funny . mine is a bottle of wine . that cant hurt either ! what else do you like to do ? seeing a kid learn is my passion . that is just great . we need more educators like you in the system .,1
tiage_dial_081,1,9,"[0, 1, 2, 3]",124,"hi what do you do ? i go to school . hate it ! will you be my friend ? sure ! you can be friends with my 3 dogs too if you are not allergic oh , i am not ! i am only 12 , though . will they like me ? i think they will . all of them are friendly ! whats your favorite subject ? i do not like school at all . and gym is the worst ! i am always walking my dogs so gym activities are fun for me the boys pull my waist length red hair . that hurts ! aww that is not very nice of them . have you told the teachers ?",1
tiage_dial_081,10,16,"[3, 4, 5]",91,"no . i just cry out my blue eyes ! they all make fun of me . well my dogs will not pull your hair if you ever want to spend time with them okay , thanks ! what do you like to do ? well i like working in my dog walking business ! dogs are the best better than kids , that is for sure ! i remember back in school the other kids would always be annoying especially when you are 12 ! how old are you ?",1
tiage_dial_082,1,11,"[0, 1, 2, 3, 4]",115,"i study languages . do you ? wee ! i have koi fish that the same color as my orange dress . i like orange . i am studying french next . great . i like hiking and need a new boyfriend as of yesterday . what happened with that situation ? he ate my fish that matched the color of my dress . bummer ! he did that ? how strange . oh , i could tell you stories . i turned 18 yesterday . you sing ? i sing in the languages i study . great ! you know any hiking songs ? sort of i guess . i know marching songs .",1
tiage_dial_082,12,16,"[4, 5]",58,that will do ! i like to hike and sing and wear the color orange . those are good hobbies to have . those are not hobbies . they are my life work . you work ? i am a language scholar right now . wow ! you know any spanish ? what is amarillo in spanish ?,1
tiage_dial_083,1,15,"[0, 1, 2, 3, 4, 5, 6]",121,"hello how are you today ? not to bad , what about you i am feeling like 100 bucks good stuff , what you do for living i work at a museum as a guide cool , i am in the army i lost my hearing in the army . or at least part of it wow , well thank for serving soldier i am now peacefully growing my garden i am from canada , where do you live i am from boston baby okay , go boston haha , fav food ? i like them big fancy teas sounds pretty yummy , did you go to college no i did now i had all the books i needed at home",1
tiage_dial_083,16,16,[6],8,i did not even make it pass highschool,1
tiage_dial_084,1,9,"[0, 1, 2, 3]",125,"hello , how are you tonight . do you like horses ? hi there , yes i love horses and so does barnaby my german shepherd . that is a cute name . i have a lab named sirius yeah , barnaby is a keeper and a great scorpion spotter . i hate scorpions . i do not have them on the farm . i have seen them in the city though . barnaby found one in my dad old nascar cars right before i sat down . ugh . i do not think i could live with them . only when we visit dad they come out . what do you do ? i am in law school , but i also train horses",1
tiage_dial_084,10,16,"[3, 4]",87,"that sounds cool , better than working for the us postal service . i am going to be an agriculture lawyer . now that is different . i paint in my spare time to stay sane . i take photos of the horses and scenery . they make awesome pictures . i love colors but strangely my favorite is grey ! mine is too , but , color is what sells . yes it does , client have me painting fuschia and other wild colors weekly .",1
tiage_dial_085,1,12,"[0, 1, 2]",118,"are you in college ? i am an art major i am not in college , i graduated with a doctorate degree that is neat . i am visiting europe again this year , have you ever been ? farthest i have ever been away from home was at the park do you have any hobbies ? going to the park is my favorite hobby . or going to my daughters piano concerts i enjoy traveling and cooking . what kind of stuff do you cook ? paella is my favorite dish to cook . i have never heard of it . it is a rice dish from spain . sounds delicious , i should try it sometime",1
tiage_dial_085,13,16,[3],35,"are you currently working at a hospital ? yes i am but i would like a new job soon i hope you find a new job soon . thank you , i am definitely looking",1
tiage_dial_086,1,10,"[0, 1, 2, 3]",116,"hi . how are you ? hello , i am doing very well thank you . i just came back from a walk . ah . i love taking walks and taking pictures . i love photography , i am always photographing my food . my boyfriend and i will cook in our new place together next week . that is nice , do you drink soda and eat fast food ? no . trying to eat healthy in front of my elementary school class . i like kids , i would love to have a large family . my students are my family . how sweet ! more teachers need to have that attitude .",1
tiage_dial_086,11,16,"[4, 5]",68,i am trying to teach them spanish and french so they are fluent like me . at the same time ? does that work very well ? they learn quickly so yes . i have heard it is best to learn when you are little . my classroom is red and silver . my favorite colors . that is very pretty . like christmas all year long .,1
tiage_dial_087,1,10,"[0, 1, 2, 3, 4]",125,"do you like hummus ? i enjoy it very much . no i do not like hummus . i am locked up . i am from germany , do you like roller coasters ? i am using the library at the juvenile detention center . are you good at swimming ? i can help you get out . i am a great swimmer . what is the plan ? do you have access to explosives and or nun chucks and can you skydive i am scheduled out in a month , but if the sooner the better . i can get you out tonight , watch the cooking show instructions will be in the credits . ok , what channel does it come on ?",1
tiage_dial_087,11,14,"[4, 5]",66,"channel 13 , this may get bloody , but just remember , the banana only stretches once . i am ready to blow this popsicle stand . lets do this . gotcha , banana . i just moved here from germany i am sorry i can not help you what ? you said you would help me , what kind of low life are you ?",1
tiage_dial_088,1,9,"[0, 1, 2, 3]",116,"hey ! how are you doing ? great how are you ? i went to the park today . i bet that was very relaxing . i wish i could leave the center what center are you at ? i am work at a center as a doc . i am at a detention center for juveniles oh , wow . that is interesting . i have a daughter that is smart . i wish i was smart enough not to do stupid things like shoplift oh ! that is one of the reasons i am looking for a new center to work at . you do not like the place you are at now ?",1
tiage_dial_088,10,16,"[3, 4, 5, 6]",85,"i need to find a place for my daughter to go to school . it is good you are close to your daughter . my mom is seeing me tomorrow changing subject , what is your favorite movie ? mine is friday . i like comedy movies but do not have a favorite where does your mom live ? she lives in texas with me . what about you ? we live in nebraska . so do you get to leave the detention center ?",1
tiage_dial_089,1,12,"[0, 1]",119,"hi ! how are you doing today ? great , just ate pizza my favorite . . and you ? that is not as good as shawarma i am not sure i have hard that . . what is it it is a very delicious fried eggplant oh i would like to try that time . . maybe share with charlie , my dog you have a dog ! what type ? a pitbull . . i love pits . do u have pets i do not . canada does not allow pets oh that is too bad ! i am from chicago wow what is it like there ? cold and windy now . . not too great",1
tiage_dial_089,13,16,"[1, 2, 3]",40,"ouch . it is very nice here like a summer breeze that sounds great right now , not ready for winter ! i love winter thought , nice and cold i do not enjoy the driving in my honda civic",1
tiage_dial_090,1,9,"[0, 1, 2, 3]",117,hey how are you doing today ? hi . good . just got in from feeding the horses . how are you doing ? how many animals you got and i am doing good my horse is called buttercup . we have six in all . do you have pets ? no just listen to some music and relax yeah . are you from the city ? i dream of moving from this tiny town . hope your dreams come true just working a lot to pay off my new car yeah . maybe i can get my law degree . what kind of car ? nissan and country living fun hope you get your law degree,1
tiage_dial_090,10,16,"[4, 5, 6, 7, 8]",94,me too . my dad wants me to raise horses like he has and his dad . well last night taylor swift signed my shirt she is nice i like horses you must like taylor swift . that is cool . do you have any hobbies ? thinking about dye my hair and just work where do you work ? i am still in high school manager at a gas station and that good hope your grades is good grades have to be good for law school . so how is your job ?,1
tiage_dial_091,1,10,"[0, 1, 2, 3, 4]",117,"what do you do for a living ? nothing , too young male and been very i will , too . i am not i will , but i am overweight oh , that is not good for your health . no . it got worse when my wife left me wow , and i thought having a transplant for my heart that was outside my body was bad ! well , that is bad . i would pray for you but i am an atheist do you believe in physic abilities like moving objects in same room ? i will believe it when i see it that has been happening to me since my surgery .",1
tiage_dial_091,11,16,"[4, 5]",74,"wow , how interesting ! i should post about this on facebook you have my permission . lose weight and win your wife back . i hope i can . she took our kids , too . i am following your facebook page to see good results . i spend a lot of time on facebook , so you will see a lot okay , and you can follow mine if you want .",1
tiage_dial_092,1,12,"[0, 1, 2, 3, 4]",121,"hello , how are you tonight ? i am good and how are you ? i am doing well thank you . finished up a batch of brownies . that sounds yummy . i want some brownies they are so easy to make . do you knit ? i do not knit . are you afraid of dying ? i am , my therapists laughs at me for it . i think i am more afraid of dying alone . i am always alone , it feels nice . i appreciate nature more . i love nature ! i am going camping tomorrow night it is too cold here to go camping . its just starting to cool off here .",1
tiage_dial_092,13,16,[4],39,where do you camp ? on the beach ? i camp out in the woods . too sandy to camp at the beach i only camp on the beach . maybe one day i will camp on the beach,1
tiage_dial_093,1,11,"[0, 1, 2, 3, 4, 5, 6]",119,"i have cancer and no smartphone i am sorry , both those things suck . i sometimes eat the the mushrooms in the garden you would love the shipyard i work in then . pizza is good but sometimes you just wanna eat the pepperoni you know ? sure , how many of those mushrooms have you eaten ? i do not know , but i need to watch the tv ok . i always donate some of my salary to charity . i survived vietnam , like you survive in the shipyard , now i am retired congratulations , how are you enjoying retirement ? i have grandchildren , but i do not wanna see those little brats",1
tiage_dial_093,12,16,[6],70,"you do not like children ? i also volunteer at a bunny rescue . man i was walkin down the street , this dude jumped 300 feet down , landed on his feet was he spiderman ? that would creep me out . this one time , this guy turned into a alien , and he teleported , nobody believes me i believe you , not spiderman but superman .",1
tiage_dial_094,1,8,"[0, 1]",124,"hi , how are you doing today ? just came back from a visit in the city , how about you ? just play some board games with the family . sounds fun ! do you have any hobbies ? i play a couple instruments and i am a piano teacher . nice , i play the violin . i try to get a three mile walk into my day . violin , oh my gosh ! my father was a pro violin player and he showed me a lot ! wow ! did you ever consider violin ? if i am not practicing , i usually unwinding with a book yeah i actually play the violin , guitar , drums and piano .",1
tiage_dial_094,9,14,"[1, 2]",80,"that is cool . i bet you are very talented . thank you . not as talented as my father , but i try ! a lot of people do not have the musical ear . sorry i gotta go soon , the people at the homeless shelter are waiting for me . nice ! how often do you volunteer ? i am a weekly volunteer , i just love helping people ! anyways i gotta go , bye !",1
tiage_dial_095,1,13,"[0, 1, 2, 3]",120,"how are you doing today ? hello i am good , how about you a little rough , broke up with my boyfriend a few months ago . i am moving in with mine next week good luck , i just turned 18 so a bit young for that stage of life . what can you tell me about yourself well i love sunsets so i go hiking often . i like the colors red and silver i am a fan of orange , which is why i have pet clown fish . i teach at an elementary school so does my mom , i am in high school i am fluent in french have you gone to france ?",1
tiage_dial_095,14,16,[3],21,no i would like to though i have visited paris but that is it . how was it over there ?,1
tiage_dial_096,1,9,"[0, 1]",119,hello . can you move objects with your mind ? hi how are you doing ? i am okay no i wish i could . i am great . i had heart surgery and woke up with weird superpowers . i am so sorry to hear that i believe your powers are from the lord . i do not know . my heart was outside of my body now it is in . i tend to watch large amounts of t . v . on free times . i love the walking dead . are you a fan ? yes i am a fan and love zombie and vampire movies too i like captain america and star wars .,1
tiage_dial_096,10,14,"[2, 3]",50,what super powers did you awake with ? moving objects with my mind . ok that is cool and i like going to the gym most days . i like to swim and walk on the beach . i have a job inside my apartment i like working home .,1
tiage_dial_097,1,13,"[0, 1]",122,"hi how are you doing i am good , preparing for my new job . you ? i am moving things around in my room i could coach you in how to do that if you want how would you do that ? i am a life coach so we could discuss that is cool the things i move are moved with my mind oh wow interesting . i move my body by running that is cool i do not excercise a lot you should ! exercise and clean eating are so important that is true what do you like to do i like to run marathons just like my parents did that is nice that you do things after your parents",1
tiage_dial_097,14,16,"[1, 2]",26,i admired them and their athleticism very much that is cool what kind of food do you like i follow the paleo diet . you ?,1
tiage_dial_098,1,8,"[0, 1, 2, 3, 4, 5]",120,"hi , tracy here . i am biracial , waitress in the daytime and race motorbikes at night . hi there . i am invincible who could probably live forever wow ! i have olive skin and doe brown eyes . you believe in god ? yes . and i have lived for 100 years ! great ! my helmet is red and my motorbike is blue and my eyes are brown . well . i think my longevity is due to wine drinking and dancing under the moonlight cool ! i hope you live another 100 years . is dancing your work ? no , but i am so old , i remember the time before a television .",1
tiage_dial_098,9,14,"[5, 6, 7]",87,"wow ! are you strong like me . i love to drink red wine under the moon . yes ! i am very strong for a 100 year old ! great ! i will be a 101 tomorrow . you like radio programs ? radios , not so much . i remember the time radios shows were the norm ! funny . you exercise to keep strong like me . red wine is good . red wine is indeed delicious , but they stain your teeth !",1
tiage_dial_099,1,11,"[0, 1, 2, 3, 4]",118,"hello , how are you tonight ? i am tired . i played all day long . what did you play ? i walked dogs for nine miles total . i played with my toys in my room . do you like dogs ? i have three . yes . i like dogs . what kind are they ? i have a lab and a mixed breed . my best friend has a cat . she lives next door to me . i like cats . do you play with her a lot ? yes . we play with our dolls together . how old are you ? i am 26 . do you need a babysitter ?",1
tiage_dial_099,12,14,[4],42,i am only four years old . i do not like my babysitter . tell your parents . you should always like the one who is watching you . she gets mad at me when i do not clean my room .,1
tiage_dial_100,1,8,"[0, 1, 2]",112,"would you like to grab a coffee ? i am dying for a mocha . coffee is my passion , so yes ! the last person i had coffee with kept trying to add schnapps . not cool . not at all . i do not drink any type of alcohol . if you love mountain biking too i will eat my fathers hard hat no , i am kinda a quiet family man . my wife and kids rock . haha glad to hear that . how many kids do you have ? three . it is all fun and games until someone tries to steal my chocolate ice cream .",1
tiage_dial_100,9,16,"[2, 3, 4]",110,"no worries i took up mountain biking when i put down my ice cream spoon much healthier . do you work ? i own a plumbing business . i used to do a bit of construction . want to be an architect . any hobbies ? i like to read and play video games . i mostly just spend time with my family . that is cool . what do you read ? mostly fiction and biographies . i like those two genres the best . have you read team of rivals ? i have not . however , it does sound interesting . i will look for it .",1
dialseg711_dial_164,17,29,"[2, 3]",70,I want to arrive no later than 12:45 please I want to arrive no later than 12:45 please I'm so sorry. I didn't mean to book yet. I won't need that reservation. Could you make sure that train TR3390 is departing from London Liverpool? I'm so sorry. I didn't mean to book yet. I won't need that reservation. Could you make sure that train TR3390 is departing from London Liverpool?,0
dialseg711_dial_535,5,28,"[0, 1, 2, 3, 4]",104,"Sure, may I have their address please? Sure, may I have their address please? Where can I find the police station? Where can I find the police station? Thank you. What is the postcode? Thank you. What is the postcode? There are several good restaurant options in that area. Is there a specific type of food you are looking for? There are several good restaurant options in that area. Is there a specific type of food you are looking for? How many people is the reservation for? How many people is the reservation for? Sure! What is your destination? Sure! What is your destination?",0
dialseg711_dial_391,8,18,"[2, 4]",114,"No, in Fresno the weather is foggy now No, in Fresno the weather is foggy now Can you help me find a hospital nearby? Can you help me find a hospital nearby? The nearest hospital to you is at Hills Rd, Cambridge. would you like their phone number? The nearest hospital to you is at Hills Rd, Cambridge. would you like their phone number? I would like the address and phone number please. I would like the address and phone number please. Yes, it does. Here is the unit's phone number: 01223216811. Do you need any other information? Yes, it does. Here is the unit's phone number: 01223216811. Do you need any other information?",1
dialseg711_dial_170,4,29,"[0, 2, 3]",78,"At this time there is a car collision nearby. At this time there is a car collision nearby. What time are you planning to leave? What time are you planning to leave? Pardon me, did you say you are traveling on Saturday or Sunday? Pardon me, did you say you are traveling on Saturday or Sunday? I need to book a taxi going to sidney sussex college. I need to book a taxi going to sidney sussex college.",0
dialseg711_dial_199,6,21,"[1, 3]",42,"Great, what time would you like to leave by or arrive by? Great, what time would you like to leave by or arrive by? Yes, please, send it on my map, thank you! Yes, please, send it on my map, thank you!",0
dialseg711_dial_706,9,15,"[1, 2]",105,Please book a room for 3 people for 3 nights starting on Wednesday. Can I have a reference number? Please book a room for 3 people for 3 nights starting on Wednesday. Can I have a reference number? Your booking was successful. Reference number is : VHYO8IC0. Your booking was successful. Reference number is : VHYO8IC0. I'm looking for a pricey Indian place. I wanna show off to my date. I'm looking for a pricey Indian place. I wanna show off to my date. How about the center? i would like to book a table as well for 8 people at 16:45 on a Friday.,0
dialseg711_dial_706,15,35,"[2, 4]",29,How about the center? i would like to book a table as well for 8 people at 16:45 on a Friday. Thank you very much! Thank you very much!,0
dialseg711_dial_530,14,35,"[1, 3, 4]",100,"It certainly does. The telephone number is 01223216811. May I help you with anything else? It certainly does. The telephone number is 01223216811. May I help you with anything else? I would like to leave after 13:00 for 5 people please. I would like to leave after 13:00 for 5 people please. Do you have any colleges in the centre area? Do you have any colleges in the centre area? That sounds perfect. Can you tell me their address and postcode, please? That sounds perfect. Can you tell me their address and postcode, please? Great, thank you! Great, thank you!",1
dialseg711_dial_226,13,25,"[1, 3, 4]",68,"That's okay. Let's try European food instead, with the other details the same. That's okay. Let's try European food instead, with the other details the same. I need the quickest route there. I need the quickest route there. Am looking for a train it should depart from peterborough and should arrive by 21:30 Am looking for a train it should depart from peterborough and should arrive by 21:30",0
dialseg711_dial_116,10,31,"[0, 3, 4]",86,"You're very welcome. If you need information or reservations, we'd be happy to assist. You're very welcome. If you need information or reservations, we'd be happy to assist. Sure that would be great. Sure that would be great. Could you recommend one with free wifi and free parking in the moderate price range, and give me the star rating and phone number? Could you recommend one with free wifi and free parking in the moderate price range, and give me the star rating and phone number?",1
dialseg711_dial_353,11,25,"[2, 4]",56,I am looking for an Italian restaurant in the west part of town I am looking for an Italian restaurant in the west part of town How about African? I'd like to book a table for 7 at 16:15 on Tuesday. How about African? I'd like to book a table for 7 at 16:15 on Tuesday.,0
dialseg711_dial_482,16,16,[3],12,GPS set for 5671 barringer street. GPS set for 5671 barringer street.,1
dialseg711_dial_370,12,19,"[2, 4]",34,Sure thing. A blue honda has been booked. Contact number is 07835205390. Sure thing. A blue honda has been booked. Contact number is 07835205390. I'm leaving from riverboat georgina. I'm leaving from riverboat georgina.,1
dialseg711_dial_123,2,28,"[0, 3]",124,"The Addenbrookes Hospital is located at Hills Rd, Cambridge Postcode CB20QQ. The Addenbrookes Hospital is located at Hills Rd, Cambridge Postcode CB20QQ. No, I'm sorry but as I said, there are no guesthouse listings. What else may I look for for you? No, I'm sorry but as I said, there are no guesthouse listings. What else may I look for for you? Let's back up a bit. Are there any 4-star guesthouses? Let's back up a bit. Are there any 4-star guesthouses? Yes, there are 16 4 star guest houses that have free parking. Do you have an area you are looking at? Yes, there are 16 4 star guest houses that have free parking. Do you have an area you are looking at?",0
dialseg711_dial_123,31,31,[3],18,"The reservation will start on Sunday, for one person. The reservation will start on Sunday, for one person.",0
dialseg711_dial_389,12,29,"[1, 3, 4]",100,"Sorry, that booking was unavailable. Perhaps you'd like a different day or a shorter stay? Sorry, that booking was unavailable. Perhaps you'd like a different day or a shorter stay? Can you see if they have just 2 nights available? Can you see if they have just 2 nights available? We have the TR1028 leaving at 11:01. Does that work? We have the TR1028 leaving at 11:01. Does that work? Okay, find the closet coffee or tea place, and find the quick way there please. Okay, find the closet coffee or tea place, and find the quick way there please.",0
dialseg711_dial_159,6,22,"[0, 2, 3]",56,"The phone number is 01223302330. Is there anything else I can help you with? The phone number is 01223302330. Is there anything else I can help you with? Yes, their phone number is 01223358966. Yes, their phone number is 01223358966. Sure thing, when you like to leave by? Sure thing, when you like to leave by?",1
dialseg711_dial_467,8,25,"[0, 2]",90,"The postcode for tandoori palace is cb43le, and the phone number is 01223506055. Would you like me to book you a table? The postcode for tandoori palace is cb43le, and the phone number is 01223506055. Would you like me to book you a table? Please give me the address and directions via a quick route to my friend's house. Please give me the address and directions via a quick route to my friend's house. Pick a quick route to reach there please! Pick a quick route to reach there please!",1
dialseg711_dial_150,4,14,"[0, 2]",110,"Yes, I have two guesthouses in the cheap range, and two hotels in the expensive range, all in centre with free parking. Would you have any other criteria to narrow it down? Yes, I have two guesthouses in the cheap range, and two hotels in the expensive range, all in centre with free parking. Would you have any other criteria to narrow it down? Sure, yippee noodle bar is located at 40428 King Street City Centre. The phone number is 01223518111. How else may I assist you? Sure, yippee noodle bar is located at 40428 King Street City Centre. The phone number is 01223518111. How else may I assist you?",0
dialseg711_dial_150,26,28,[4],82,"There are 21 different restaurants that fit your criteria. Is there a specific type of food you are looking for that could narrow down the list? There are 21 different restaurants that fit your criteria. Is there a specific type of food you are looking for that could narrow down the list? I recommend anatolia, it is a turkish food type restaurant and its postcode is cb21uj. I recommend anatolia, it is a turkish food type restaurant and its postcode is cb21uj.",0
dialseg711_dial_064,5,5,[0],14,Is there valet parking at the hospital? Is there valet parking at the hospital?,0
dialseg711_dial_305,11,22,"[1, 2, 4]",82,Can you try 10:30 instead? Can you try 10:30 instead? Thank you for allowing me to assist you. Please let us know if there's anything else we can assist you with in the future. Thank you for allowing me to assist you. Please let us know if there's anything else we can assist you with in the future. I have a listing for a grocery store named Sigona Farmers Market. I have a listing for a grocery store named Sigona Farmers Market.,0
dialseg711_dial_635,24,30,[4],40,"welcome. at your service next time welcome. at your service next time Yes, please. the postcode address, and phone number. Yes, please. the postcode address, and phone number. Should I book it for you? Should I book it for you?",0
dialseg711_dial_030,7,11,"[1, 2]",44,I need a taxi please to express by holiday inn cambridge I need a taxi please to express by holiday inn cambridge is it going to be cloudy in the next 7 days is it going to be cloudy in the next 7 days,0
dialseg711_dial_627,14,21,"[1, 2]",92,"Of course! You're all set at the Restaurant Alimentum with reference number IA29XFXA. The table will be reserved for 15 minutes. Anything else I can help you with? Of course! You're all set at the Restaurant Alimentum with reference number IA29XFXA. The table will be reserved for 15 minutes. Anything else I can help you with? No, I just need the address. No, I just need the address. Great, I think that's everything I need. Thank you for helping me. Great, I think that's everything I need. Thank you for helping me.",1
dialseg711_dial_380,1,21,"[0, 1, 2, 4]",110,"Can you arrange for a taxi that will take me from ugly duckling to ely train station? Can you arrange for a taxi that will take me from ugly duckling to ely train station? Camarillo, please, tomorrow's forecast Camarillo, please, tomorrow's forecast I'm not familiar with the different areas, so I guess it doesn't matter. I would like a moderate though. With free WiFi. I'm not familiar with the different areas, so I guess it doesn't matter. I would like a moderate though. With free WiFi. Hi, I'm looking for a 4 star hotel on the west side. Hi, I'm looking for a 4 star hotel on the west side.",0
dialseg711_dial_332,3,23,"[1, 3, 4]",60,I'd be happy to help you with that. Their number is 01223358966. Is there anything else? I'd be happy to help you with that. Their number is 01223358966. Is there anything else? Great! Have a nice day! Great! Have a nice day! Sure. It's located on 710 Newmarket Road. Anything else? Sure. It's located on 710 Newmarket Road. Anything else?,1
dialseg711_dial_610,5,34,"[1, 2, 3, 4]",116,I need to leave from ely and get to sidney sussex college by 14:15. I need to leave from ely and get to sidney sussex college by 14:15. Certainly. The Acorn Guest House is a moderately priced 4 star guesthouse on the north end of town. Would you like to reserve a room there? Certainly. The Acorn Guest House is a moderately priced 4 star guesthouse on the north end of town. Would you like to reserve a room there? What time will the taxi be arriving at the Alpha-Milton? What time will the taxi be arriving at the Alpha-Milton? I would recommend aylesbray lodge guest house. Would you like me to book that for you?,0
dialseg711_dial_610,34,34,[4],16,I would recommend aylesbray lodge guest house. Would you like me to book that for you?,0
dialseg711_dial_376,5,25,"[1, 2, 4]",116,I'm leaving from gonville hotel. I'm leaving from gonville hotel. I can help you with that. When do you need to leave? I can help you with that. When do you need to leave? I have a blue honda with contact number 07255247278. I have a blue honda with contact number 07255247278. The train should go to cambridge and should arrive by 14:00. The train should go to cambridge and should arrive by 14:00. I was able to book the room the reference number is YS8H6AOE. Is there anything else I can help with today? I was able to book the room the reference number is YS8H6AOE. Is there anything else I can help with today?,1
dialseg711_dial_407,14,18,[2],70,The next train departs at 21:00. The price is 23.60 pounds per ticket. Can I book this train for you? The next train departs at 21:00. The price is 23.60 pounds per ticket. Can I book this train for you? How many tickets do you need? How many tickets do you need? Can I be of further assistance to you today? Can I be of further assistance to you today?,1
dialseg711_dial_359,4,16,"[0, 2, 3]",40,Unfortunately the booking was not successful. Unfortunately the booking was not successful. Where can I get pizza? Where can I get pizza? What city should I get the weather information for? What city should I get the weather information for?,0
dialseg711_dial_340,4,33,"[0, 2, 3, 4]",96,"I can certainly help. Where are you departing from? I can certainly help. Where are you departing from? ill travel; on wednesday. get me the train ID and price ill travel; on wednesday. get me the train ID and price Yes, that would work. Could you book it for 5 people? Yes, that would work. Could you book it for 5 people? Okay great. That is all I need. Okay great. That is all I need. On Friday in Manhattan the forcast predicts it will drizzle. On Friday in Manhattan the forcast predicts it will drizzle.",0
dialseg711_dial_685,18,23,[2],78,"Yes, there are 3 Chinese restaurants that are in the cheap price range. I would recommend the Golden House. Would you like for me to book you a table? Yes, there are 3 Chinese restaurants that are in the cheap price range. I would recommend the Golden House. Would you like for me to book you a table? Can you give me the address and postcode as well? Can you give me the address and postcode as well?",0
dialseg711_dial_516,13,33,"[1, 4]",54,"could you please try one night could you please try one night Great, thanks for your help. Great, thanks for your help. I'd prefer an unrated place, I don't need free parking or wifi, for what it's worth. I'd prefer an unrated place, I don't need free parking or wifi, for what it's worth.",0
dialseg711_dial_297,8,12,"[0, 1]",78,"The departure time is 13:38 and it arrives at 14:55. Would you like me to book it for you? The departure time is 13:38 and it arrives at 14:55. Would you like me to book it for you? What location do you want the temperature for? What location do you want the temperature for? In Alhambra the temperature today is low of 40F, high of 60F In Alhambra the temperature today is low of 40F, high of 60F",1
dialseg711_dial_511,1,16,"[0, 2]",82,"give me the date and time of my dentist appointment give me the date and time of my dentist appointment Your dentist appointment is at 3 PM on Tuesday. Your dentist appointment is at 3 PM on Tuesday. The phone number for Ask is 01223364917, the one for Zizzi Cambridge is 01223365599. Is there anything else I can help with? The phone number for Ask is 01223364917, the one for Zizzi Cambridge is 01223365599. Is there anything else I can help with?",1
dialseg711_dial_454,4,7,"[0, 1]",60,"I have 5 trains that arrive by 14:45. Is there a particular time you would like to leave? I have 5 trains that arrive by 14:45. Is there a particular time you would like to leave? I need a taxi from avalon to hamilton lodge at 19:30, please. I need a taxi from avalon to hamilton lodge at 19:30, please.",0
dialseg711_dial_012,8,8,[1],64,trainID departure destination day leaveAt arriveBy price duration book (optional) TR8519 ely cambridge friday 05:35 05:52 4.40 pounds 17 minutes TR8510 ely cambridge friday 07:35 07:52 4.40 pounds 17 minutes TR3976 ely cambridge friday 09:35 09:52 4.40 pounds 17 minutes TR0212 ely cambridge friday 11:35 11:52 4.40 pounds 17 minutes TR0236 ely cambridge friday 13:35 13:52 4.40 pounds 17 minutes there is a sample,0
dialseg711_dial_012,8,18,"[1, 2, 3]",114,"trainID departure destination day leaveAt arriveBy price duration book (optional) TR8519 ely cambridge friday 05:35 05:52 4.40 pounds 17 minutes TR8510 ely cambridge friday 07:35 07:52 4.40 pounds 17 minutes TR3976 ely cambridge friday 09:35 09:52 4.40 pounds 17 minutes TR0212 ely cambridge friday 11:35 11:52 4.40 pounds 17 minutes TR0236 ely cambridge friday 13:35 13:52 4.40 pounds 17 minutes there is a sample I need to leave on Thursday, not Friday. I need to leave on Thursday, not Friday. Where is the nearest pizza place? Where is the nearest pizza place? The hospital is located at Hills Rd, Cambridge in postcode CB20QQ. The hospital is located at Hills Rd, Cambridge in postcode CB20QQ.",0
dialseg711_dial_306,10,29,"[0, 1, 3]",92,Wonderful. Have a nice time. Can I reserve a taxi for you? Wonderful. Have a nice time. Can I reserve a taxi for you? What is the address? What is the address? Stanford Oval Parking is at 610 Amarillo Ave. Stanford Oval Parking is at 610 Amarillo Ave. Area does not matter to me. Please Book it for 5 people at 19:30 on Wednesday. I also need the reference number. Area does not matter to me. Please Book it for 5 people at 19:30 on Wednesday. I also need the reference number.,1
dialseg711_dial_450,12,22,"[1, 2, 3]",104,"Sure. Anatolia is located at 30 Bridge Street City Centre and the phone number is 01223362372. Can I help you with anything else today? Sure. Anatolia is located at 30 Bridge Street City Centre and the phone number is 01223362372. Can I help you with anything else today? When is the meeting, what is the agenda and who are attending? When is the meeting, what is the agenda and who are attending? Your booking was successful and reference number is Q1P81Y9Z. Can I assist you with anything else? Your booking was successful and reference number is Q1P81Y9Z. Can I assist you with anything else?",1
dialseg711_dial_397,5,25,"[1, 2, 3]",54,Do you have one in the south that includes free parking? Do you have one in the south that includes free parking? where's the nearest parking garage where's the nearest parking garage I am looking at traveling on Wednesday and departing from Cambridge. I am looking at traveling on Wednesday and departing from Cambridge.,0
dialseg711_dial_428,17,17,[3],26,I need to leave after 12:30! Give me all the necessary details please I need to leave after 12:30! Give me all the necessary details please,0
dialseg711_dial_458,4,12,"[0, 1, 2]",86,"Scheduled optometrist appointment for Monday at 2 pm with Jon. Scheduled optometrist appointment for Monday at 2 pm with Jon. I am looking for a train departing Cambridge. I am looking for a train departing Cambridge. No, I just need to arrive by 15:00 No, I just need to arrive by 15:00 Ok, I have I will remind you next week that you have tennis with Jon at 5pm. Ok, I have I will remind you next week that you have tennis with Jon at 5pm.",1
dialseg711_dial_681,22,26,"[2, 3]",44,"You're welcome, enjoy your meal. You're welcome, enjoy your meal. You're booked in a grey Skoda, contact number 07960351382. Can I help you with something else today? You're booked in a grey Skoda, contact number 07960351382. Can I help you with something else today?",1
dialseg711_dial_526,4,22,"[0, 1, 2, 4]",92,"It will be raining on Monday, Saturday, and Sunday in Grand Rapids this week. It will be raining on Monday, Saturday, and Sunday in Grand Rapids this week. That sounds great! Can I book a talbe for 7 people at 17:30 on Wednesday? That sounds great! Can I book a talbe for 7 people at 17:30 on Wednesday? check the weather check the weather No problem, can you please let me know where you want to depart from? No problem, can you please let me know where you want to depart from?",1
dialseg711_dial_134,2,4,"[0, 1]",42,"The telephone number is 01223217712 The telephone number is 01223217712 It will be cloudy on Wednesday and Thursday in Atheron, and on Friday in Downtown Chicago It will be cloudy on Wednesday and Thursday in Atheron, and on Friday in Downtown Chicago",1
dialseg711_dial_382,2,28,"[0, 4]",68,"I found 5 guesthouses for you. What part of the towns do you prefer to stay? I found 5 guesthouses for you. What part of the towns do you prefer to stay? How about just 1 night? How about just 1 night? Unfortunately there are no tables at that time, do you have another time? Unfortunately there are no tables at that time, do you have another time?",0
dialseg711_dial_638,8,28,"[1, 4]",122,"Galleria serves european food and is in the moderate price range in the centre of town. Galleria serves european food and is in the moderate price range in the centre of town. Actually, I don't need booking. I just need the postcode, address, and phone number. Actually, I don't need booking. I just need the postcode, address, and phone number. Could you tell me your intended destination please? Could you tell me your intended destination please? I have four different trains that would get you to Stansted Airport by 9:45 on Thursday. What time would you like to leave? I have four different trains that would get you to Stansted Airport by 9:45 on Thursday. What time would you like to leave?",0
dialseg711_dial_638,31,32,[4],76,"Sure. can i just get the travel time and departure time please Sure. can i just get the travel time and departure time please Train TR2547 arrives at Stansted Airport Thursday at 8:08. Travel time is 28 minutes, and you would leave at 7:40. Can I book it for you? Train TR2547 arrives at Stansted Airport Thursday at 8:08. Travel time is 28 minutes, and you would leave at 7:40. Can I book it for you?",0
dialseg711_dial_286,12,12,[2],38,There are no Latin American restaurants in the centre. Would you like information about a different style of food? There are no Latin American restaurants in the centre. Would you like information about a different style of food?,0
dialseg711_dial_082,13,30,"[1, 3]",111,"Is there another hotel available that will accommodate my stay? Is there another hotel available that will accommodate my stay? Sure. Same parameters, please. Sure. Same parameters, please. Are you sure there is nothing available? Will you double check? Are you sure there is nothing available? Will you double check? Good news. I checked again at the Huntingdon Marriott, and they were able to accommodate your party. Your reference number is 1H7F4GBJ. Good news. I checked again at the Huntingdon Marriott, and they were able to accommodate your party. Your reference number is 1H7F4GBJ. Stanford Shopping Center is located at 773 Alger Dr. Do you want me to set the GPS?",1
dialseg711_dial_082,30,32,"[3, 4]",33,"Stanford Shopping Center is located at 773 Alger Dr. Do you want me to set the GPS? It's address is Parkside, Cambridge with Postcode CB11JG. It's address is Parkside, Cambridge with Postcode CB11JG.",1
dialseg711_dial_593,5,19,"[1, 2, 4]",94,show me the route to coffee shop show me the route to coffee shop Yes Teavana is the only place close to you at 2 miles away located at 145 Amherst St. Do you want me to set the GPS? Yes Teavana is the only place close to you at 2 miles away located at 145 Amherst St. Do you want me to set the GPS? reminder has been set reminder has been set What is the date and time of my optometrist appointment? What is the date and time of my optometrist appointment?,1
dialseg711_dial_394,5,28,"[0, 2, 4]",106,"What is the address? What is the address? Yes! Yu Garden is a wonderful Chinese restaurant that will meet your needs. Would you like a table there, or perhaps just the address? Yes! Yu Garden is a wonderful Chinese restaurant that will meet your needs. Would you like a table there, or perhaps just the address? A black Audi will pick you up at Charlie Chan to leave at 12:15 and get you over to Cotto. Their contact # is: 07928872088 A black Audi will pick you up at Charlie Chan to leave at 12:15 and get you over to Cotto. Their contact # is: 07928872088",0
dialseg711_dial_131,9,16,"[1, 2, 3]",52,Can I get the postcode? Can I get the postcode? Absolutely! The postcode is CB11JG. Absolutely! The postcode is CB11JG. Ugh okay well find me the quickest route please. Ugh okay well find me the quickest route please. Sure! when would you like to arrive? Sure! when would you like to arrive?,1
dialseg711_dial_492,6,18,"[0, 1, 2]",116,"They both have free parking. Would you like to book at Ashley hotel or Lovell lodge? They both have free parking. Would you like to book at Ashley hotel or Lovell lodge? There will be 6 of us arriving on Sunday, and we need to stay for 4 nights. There will be 6 of us arriving on Sunday, and we need to stay for 4 nights. Thanks, do they have a children's oncology and haematology department? Thanks, do they have a children's oncology and haematology department? No, that's all I needed to know. Thank you. No, that's all I needed to know. Thank you. Where will you be departing from? Where will you be departing from?",0
dialseg711_dial_492,24,24,[2],46,I have booked a taxi for you at 05:45. The car type is a blue lexus and the contact number is: 07791528384 . I have booked a taxi for you at 05:45. The car type is a blue lexus and the contact number is: 07791528384 .,1
dialseg711_dial_240,8,21,"[1, 2, 3]",88,"No problem. How does the Funky Fun House sound? It is standard entertainment and it is located at 8 mercers row, mercers row industrial estate. No problem. How does the Funky Fun House sound? It is standard entertainment and it is located at 8 mercers row, mercers row industrial estate. No, the weather in Brentwood will be hot on Wednesday No, the weather in Brentwood will be hot on Wednesday Awesome, thank you Awesome, thank you Thank you, that will be all. Thank you, that will be all.",1
dialseg711_dial_250,4,11,"[0, 1]",86,"Tandoori Palace is in the West part of town, located at 68 Histon Road, Chesterton. Can I make a reservation for you? Tandoori Palace is in the West part of town, located at 68 Histon Road, Chesterton. Can I make a reservation for you? There is a Starbucks 4 miles away. There is a Starbucks 4 miles away. Pick a route to avoid all heavy traffic and let's go there, thank you! Pick a route to avoid all heavy traffic and let's go there, thank you!",0
dialseg711_dial_434,6,6,[0],8,You're welcome; drive carefully. You're welcome; drive carefully.,1
dialseg711_dial_318,5,28,"[0, 1, 3]",102,"I'll pass on the Pizza Hut. Yuck. Let's go with Frankie & Benny's. Can I get a table for 1 on Sunday at 12:15 please? I'll pass on the Pizza Hut. Yuck. Let's go with Frankie & Benny's. Can I get a table for 1 on Sunday at 12:15 please? I'm looking for a place to stay. I'd like a hotel, not a guesthouse, and I don't care about internet. I'm looking for a place to stay. I'd like a hotel, not a guesthouse, and I don't care about internet. Do you need any further assistance? Do you need any further assistance?",1
dialseg711_dial_261,2,18,"[0, 1, 2, 3]",119,"We're 6 miles away from Dish Parking We're 6 miles away from Dish Parking Sure. Do any of those have free parking? Sure. Do any of those have free parking? Could you give me the address and postcode of the Warkworth House please? Could you give me the address and postcode of the Warkworth House please? Absolutely. It is in Warkworth Terrace, postcode cb11ee. Absolutely. It is in Warkworth Terrace, postcode cb11ee. Where can I get some tea. Where can I get some tea. I have a place called Philz that serves tea. Would you like more info? I have a place called Philz that serves tea. Would you like more info? And when would you like to leave?",1
dialseg711_dial_261,18,18,[3],7,And when would you like to leave?,0
dialseg711_dial_519,2,13,"[0, 2]",38,"Where is your departure from? Where is your departure from? I am going to Cambridge from Leicester. And, yes, please book it for me. I am going to Cambridge from Leicester. And, yes, please book it for me.",0
dialseg711_dial_597,5,14,"[1, 3]",50,"Set a reminder for my football activity at 3pm this Tuesday, with mother. Set a reminder for my football activity at 3pm this Tuesday, with mother. Booking completed! Booked car type : red bmw Contact number : 07276200225 Booking completed! Booked car type : red bmw Contact number : 07276200225",0
dialseg711_dial_479,7,17,"[1, 2]",52,"I want a Moderate price range please. I want a Moderate price range please. No thanks, I'd like to give them a call instead. What is their phone number? No thanks, I'd like to give them a call instead. What is their phone number? Cleveland, please Cleveland, please Thank you! Thank you!",0
dialseg711_dial_500,9,15,[1],42,I would like a restaurant in the centre and in the moderate price range. I would like a restaurant in the centre and in the moderate price range. Just 1 person at 13:15 on thursday Just 1 person at 13:15 on thursday,0
dialseg711_dial_234,15,25,"[2, 4]",36,"Sure, let's try the north instead please Sure, let's try the north instead please Hi, can you help me find a moderately priced 3-star accomadation? Hi, can you help me find a moderately priced 3-star accomadation?",0
dialseg711_dial_077,4,12,"[1, 2, 3]",40,What is the address? What is the address? The phone number is 01223358966. Can I help you find anything else? The phone number is 01223358966. Can I help you find anything else? What is the address? What is the address?,0
dialseg711_dial_096,18,23,"[1, 2]",54,cb18dw is their postcode. cb18dw is their postcode. I'd love to find an Asian Oriental restaurant. Something moderately priced. I'd love to find an Asian Oriental restaurant. Something moderately priced. Yes please book it for 3 people on Sunday at 14:45 please. Yes please book it for 3 people on Sunday at 14:45 please.,1
dialseg711_dial_551,5,42,"[0, 2, 3, 4]",119,"I am in Cambridge traveling to Stevanage on Saturday. I want to arrive in stevenage by 12:45. I am in Cambridge traveling to Stevanage on Saturday. I want to arrive in stevenage by 12:45. Ok, great. Thanks! Ok, great. Thanks! Thank you for using our services, do you need any further assistance? Thank you for using our services, do you need any further assistance? Are there any Australian food places in the south part of town? Are there any Australian food places in the south part of town? Certainly, the contact number is 07809487521. Is there anything else? Certainly, the contact number is 07809487521. Is there anything else? OK, and what day and time would you like that reservation?",1
dialseg711_dial_551,42,43,[4],57,"OK, and what day and time would you like that reservation? I'd like to make a reservation for Saturday at 11:45. And there has been a change in plans, I will be dining alone. I'd like to make a reservation for Saturday at 11:45. And there has been a change in plans, I will be dining alone.",0
dialseg711_dial_560,3,28,"[0, 1, 2, 4]",108,"I would like to be picked up from golden house. I would like to be picked up from golden house. No problem, your ticket is booked. The reference number is 69URTU8A. No problem, your ticket is booked. The reference number is 69URTU8A. Hello, I can provide the post code for you; it is CB11JG. You can also call them at 01223358966 for more detailed directions. Hello, I can provide the post code for you; it is CB11JG. You can also call them at 01223358966 for more detailed directions. There will not be frost during the weekend in Boston. There will not be frost during the weekend in Boston.",1
dialseg711_dial_179,3,28,"[0, 4]",106,"Brentwood please Brentwood please There are several in the moderate price range and one that is cheap. Does price matter? There are several in the moderate price range and one that is cheap. Does price matter? No, it doesn't. What place would you recommend? No, it doesn't. What place would you recommend? I recommend Worth House because it is in the cheap price range and has a high rating. Do you want me to book Worth House for you? I recommend Worth House because it is in the cheap price range and has a high rating. Do you want me to book Worth House for you?",0
dialseg711_dial_568,1,3,[0],124,"Yeah, I'm looking for a room. Do you offer anything in the southern part of town? Yeah, I'm looking for a room. Do you offer anything in the southern part of town? I have four places with rooms in the south. 1 is cheap, 2 are moderate, and 1 is expensive. Do you have a particular price range? I have four places with rooms in the south. 1 is cheap, 2 are moderate, and 1 is expensive. Do you have a particular price range? I am looking for something in the moderate price range with free wifi and doesn't need to have free parking. I am looking for something in the moderate price range with free wifi and doesn't need to have free parking.",0
dialseg711_dial_568,6,25,"[0, 3, 4]",110,"Sure, I can book the Bridge Guest House. How many people will be staying with you and when will you be arriving and leaving? Sure, I can book the Bridge Guest House. How many people will be staying with you and when will you be arriving and leaving? I got injured and I am looking for a hospital nearby. the hospital should have a neurology department I got injured and I am looking for a hospital nearby. the hospital should have a neurology department I need the address and postcode. I need the address and postcode. Yes and the address, as well. Thanks. Yes and the address, as well. Thanks.",0
dialseg711_dial_599,26,30,[4],96,We are 6 miles away from Ravenswood Shopping Center: would you like me to send its address on your map? We are 6 miles away from Ravenswood Shopping Center: would you like me to send its address on your map? Sounds perfect. Sounds perfect. Ravenswood Shopping Center is located at 434 Arastraero Road. Ravenswood Shopping Center is located at 434 Arastraero Road. Thanks set the GPS please. Thanks set the GPS please. Setting GPS to destination; there is currently no traffic on the route. Setting GPS to destination; there is currently no traffic on the route.,0
dialseg711_dial_267,7,12,"[2, 3]",38,What time and date do you have for my football activity? What time and date do you have for my football activity? It should not rain in Compton on Wednesday. It should not rain in Compton on Wednesday.,1
dialseg711_dial_644,1,13,"[0, 3]",86,"Yes I need the nearest police station, I was in a car accident. Yes I need the nearest police station, I was in a car accident. We have 5 locations that match your criteria. What area of town would you like it in? We have 5 locations that match your criteria. What area of town would you like it in? I would like it to be in the east area of town please. I would like it to be in the east area of town please.",0
dialseg711_dial_242,2,27,"[0, 2, 4]",74,"There is Dominos, it's 2 miles away and with no traffic on our way There is Dominos, it's 2 miles away and with no traffic on our way Do you need to arrive by a certain time? Do you need to arrive by a certain time? Mmm, no, I wanted some route with no traffic... Is it the only option? Mmm, no, I wanted some route with no traffic... Is it the only option?",0
dialseg711_dial_321,4,18,"[0, 1, 2, 4]",102,"Curry garden has good reviews, would you like to book there? Curry garden has good reviews, would you like to book there? Sure. Your reference number is QLMRQ3H2. Anything else? Sure. Your reference number is QLMRQ3H2. Anything else? I need the address for the Parkside police station. I need the address for the Parkside police station. Do you know what time you would like to arrive? Do you know what time you would like to arrive? I have a couple listings for tea places. Which are you interested in? I have a couple listings for tea places. Which are you interested in?",1
dialseg711_dial_586,19,22,[4],32,I would really like something expensive. I would really like something expensive. Do you want a cheap hotel or a cheap guesthouse? Do you want a cheap hotel or a cheap guesthouse?,0
dialseg711_dial_398,18,30,"[3, 4]",48,"The address is 773 Alger Dr, I sent it on your screen The address is 773 Alger Dr, I sent it on your screen No that's the closest and fastest available. No that's the closest and fastest available. The contact number is: 07720856341. The contact number is: 07720856341.",0
dialseg711_dial_127,1,28,"[0, 2, 3, 4]",120,"Can you help me find a hotel called Alpha-Milton Guest House? Can you help me find a hotel called Alpha-Milton Guest House? I am looking for a place to dine. The restaurant should be expensive and should serve Chinese food. I am looking for a place to dine. The restaurant should be expensive and should serve Chinese food. I believe I would like Worth house. I believe I would like Worth house. That`s fine. What is their address, please? That`s fine. What is their address, please? I need a train that leaves on Wednesday with an arrival of 12:30. I need a train that leaves on Wednesday with an arrival of 12:30. Where will you be travelling to and from?",0
dialseg711_dial_127,28,28,[4],8,Where will you be travelling to and from?,0
dialseg711_dial_449,1,19,"[0, 1, 3]",68,"schedule a work meeting for the conference room this tuesday at 10 schedule a work meeting for the conference room this tuesday at 10 The latest train arrives at 17:52 on a Wednesday, departs at 17:35 and the cost of the ticket is 4.40 pounds. The latest train arrives at 17:52 on a Wednesday, departs at 17:35 and the cost of the ticket is 4.40 pounds. Schedule Schedule",1
dialseg711_dial_574,1,23,"[0, 3, 4]",122,"what is the weather supposed to be like for the next week what is the weather supposed to be like for the next week I just double checked and there is a medicine for the elderly department at Addenbookes Hospital. They can be reached at 01223245151. I just double checked and there is a medicine for the elderly department at Addenbookes Hospital. They can be reached at 01223245151. The postcode is CB20QQ. The postcode is CB20QQ. Is there anything else you need help with? Is there anything else you need help with? I need to find a guesthouse with a 3 star rating I need to find a guesthouse with a 3 star rating Please book the Hamilton Lodge, for 6 people.",1
dialseg711_dial_574,23,29,[4],54,"Please book the Hamilton Lodge, for 6 people. Can you try the same parameters at another hotel? Can you try the same parameters at another hotel? The are does not matter, just three stars and wifi at a guesthouse please. The are does not matter, just three stars and wifi at a guesthouse please.",0
dialseg711_dial_121,2,2,[1],32,Please give me the address and directions via the quickest route to the nearest gas station. Please give me the address and directions via the quickest route to the nearest gas station.,0
dialseg711_dial_420,14,31,"[1, 2, 4]",72,"Their postcode is cb21su. Is there anything else you need help with today? Their postcode is cb21su. Is there anything else you need help with today? Hi I am looking to get some info on the aylesbray lodge guest house Hi I am looking to get some info on the aylesbray lodge guest house Thank you, That is all I will need today. Thank you, That is all I will need today.",1
dialseg711_dial_265,3,26,"[0, 2]",72,"Not really. But it should be in the North. Not really. But it should be in the North. I would really like a four star guesthouse in the north area, I don't need parking. I would really like a four star guesthouse in the north area, I don't need parking. The postcode is cb41er. Can I help you with anything else? The postcode is cb41er. Can I help you with anything else?",0
dialseg711_dial_298,5,10,"[1, 2]",34,"I am looking for the Addenbrookes Hospital, can you please help me? I am looking for the Addenbrookes Hospital, can you please help me? which offers wifi for free? which offers wifi for free?",0
dialseg711_dial_011,2,15,"[0, 1, 2]",102,I have a train leaving at 12:36 and arriving at 13:55. Is that ok? I have a train leaving at 12:36 and arriving at 13:55. Is that ok? I need a booking for 4 people. I need a booking for 4 people. I've done that. The price will be 14.08 GBP payable at the station. Your reference number is IR7HSMG4. Any else I can do for you? I've done that. The price will be 14.08 GBP payable at the station. Your reference number is IR7HSMG4. Any else I can do for you? I'm going to the nirala. I'm going to the nirala.,1
dialseg711_dial_011,16,16,[2],48,"Great, you are all set. A yellow honda has been booked and the contact number is 07621058499. Can I help with anything else today? Great, you are all set. A yellow honda has been booked and the contact number is 07621058499. Can I help with anything else today?",1
dialseg711_dial_670,3,28,"[0, 1, 4]",106,"I'm coming from sesame restaurant and bar. I'm coming from sesame restaurant and bar. There are several 4-star guesthouses with wi-fi in the moderate price range. Would you prefer to stay in the east or the northern part of town? There are several 4-star guesthouses with wi-fi in the moderate price range. Would you prefer to stay in the east or the northern part of town? 2UOVP3E0 is your confirmation, may I get you anything else? 2UOVP3E0 is your confirmation, may I get you anything else? Unfortunately none of those places exist here. Any other preferences? Unfortunately none of those places exist here. Any other preferences?",1
dialseg711_dial_354,8,19,"[2, 4]",30,"The address is 53 University Av and I am setting GPS presently. The address is 53 University Av and I am setting GPS presently. West, if possible. West, if possible.",1
dialseg711_dial_422,3,18,"[0, 2, 3]",114,"Please send me its address on screen and pick the quickest route for me Please send me its address on screen and pick the quickest route for me Tell me if it will rain in Seattle over the next few days Tell me if it will rain in Seattle over the next few days The Jesus Green Outdoor Pool is a swimmingpool on the north end of the city. We don't have any information regarding their entrance fee, but their phone number if 01223302579. The Jesus Green Outdoor Pool is a swimmingpool on the north end of the city. We don't have any information regarding their entrance fee, but their phone number if 01223302579.",1
dialseg711_dial_288,3,15,"[0, 1, 3]",40,Will it be humid in Corona next week? Will it be humid in Corona next week? doctor's appointment is on monday at 7pm doctor's appointment is on monday at 7pm find route to the hospital find route to the hospital,0
dialseg711_dial_124,9,16,"[2, 3]",124,"Where can I get groceries? Where can I get groceries? I have a grocery store 1 mile away. Would you like info on it? I have a grocery store 1 mile away. Would you like info on it? Okay, the route to Whole Foods located at 819 Alma Dr is 1 mile away with moderate traffic. Okay, the route to Whole Foods located at 819 Alma Dr is 1 mile away with moderate traffic. I have narrowed it down to 4 options. I have 2 cheaper ones that are guesthouses, and 2 expensive hotels. Do you have a preference? I have narrowed it down to 4 options. I have 2 cheaper ones that are guesthouses, and 2 expensive hotels. Do you have a preference?",1
dialseg711_dial_124,21,29,"[3, 4]",38,"Just to verify, the University Arms offers free WiFi and free parking? Just to verify, the University Arms offers free WiFi and free parking? I need a table for 3 people. I need a table for 3 people.",0
dialseg711_dial_273,1,12,"[0, 1, 2]",60,I need to book a train for Monday from Ely to Cambridge to arrive by 14:00 for 6 people. I need to book a train for Monday from Ely to Cambridge to arrive by 14:00 for 6 people. Thursday please. Thursday please. What city do you need the weather forecast for? What city do you need the weather forecast for?,0
dialseg711_dial_601,2,35,"[0, 1, 4]",106,"Stanford Shopping Center is 2 miles away at 773 Alger Dr. Stanford Shopping Center is 2 miles away at 773 Alger Dr. I'm glad I could be of assistance. Good day. I'm glad I could be of assistance. Good day. Does it have parking? Does it have parking? I'm sorry there is no availability for 2 nights from Monday, would you like me to try a different date or a different hotel? I'm sorry there is no availability for 2 nights from Monday, would you like me to try a different date or a different hotel? How about one night only? How about one night only?",1
dialseg711_dial_069,5,22,"[0, 1, 2]",120,"The hotel should be in the moderate price range and should include free wifi. The hotel should be in the moderate price range and should include free wifi. Which is the best one with the quickest route? Which is the best one with the quickest route? Yes, la raza is a restaurant serving spanish food in the cheap price range. It is located at 4 - 6 Rose Crescent. Would you like a reservation? Yes, la raza is a restaurant serving spanish food in the cheap price range. It is located at 4 - 6 Rose Crescent. Would you like a reservation? All right, I've made a reservation. Your reference number is OOG9KQ5V. What else can I do for you?",0
dialseg711_dial_069,22,22,[2],18,"All right, I've made a reservation. Your reference number is OOG9KQ5V. What else can I do for you?",0
dialseg711_dial_657,10,28,"[1, 2, 3, 4]",104,"Shell is located at 53 University Av. Shell is located at 53 University Av. Hobsons House is a guesthouse in the west part of town, it is moderately priced with 3 stars, internet and parking. Would you like more information? Hobsons House is a guesthouse in the west part of town, it is moderately priced with 3 stars, internet and parking. Would you like more information? I am going to wandlebury country park. I am going to wandlebury country park. Certainly. Alexander bed and breakfast and Rosa's bed and breakfast are two of our best kept secrets, offering 4 star quality at inexpensive prices.",1
dialseg711_dial_657,28,32,[4],78,"Certainly. Alexander bed and breakfast and Rosa's bed and breakfast are two of our best kept secrets, offering 4 star quality at inexpensive prices. Unfortunately, I was not able to make a booking for that. We could try for another day or see if they have availability for a shorter stay. Unfortunately, I was not able to make a booking for that. We could try for another day or see if they have availability for a shorter stay.",0
dialseg711_dial_031,11,11,[1],14,Thank you. Can I have the postcode? Thank you. Can I have the postcode?,0
dialseg711_dial_472,9,9,[2],50,Hi. I would like to book a taxi to the Chiquito Restaurant Bar. I will need to be picked up at the Ely Train Station. Hi. I would like to book a taxi to the Chiquito Restaurant Bar. I will need to be picked up at the Ely Train Station.,0
dialseg711_dial_093,2,23,"[0, 3, 4]",76,"I have many options for you - what's your price range or the area you're looking in? I have many options for you - what's your price range or the area you're looking in? Yes, Indian food! Very good. Would you like me to make a reservation? Yes, Indian food! Very good. Would you like me to make a reservation? What day and time is my lab appointment? What day and time is my lab appointment?",1
dialseg711_dial_046,18,27,"[1, 2]",116,Okay thank you and have a great day! Okay thank you and have a great day! I am looking for a place to stay. The hotel should be in the type of guesthouse and doesn't need to include internet I am looking for a place to stay. The hotel should be in the type of guesthouse and doesn't need to include internet I have located 15 guesthouse types in the moderate price range. Do you have a preference for a particular area of town? I have located 15 guesthouse types in the moderate price range. Do you have a preference for a particular area of town? Does it have free wifi? Does it have free wifi?,1
dialseg711_dial_453,1,19,"[0, 4]",38,I need the address for the Parkside police station I need the address for the Parkside police station What is the date and time of my doctor appointment? What is the date and time of my doctor appointment?,0
dialseg711_dial_157,3,27,"[0, 2, 3]",110,"What is their address? What is their address? Sorry, I just found it, 56 cadwell street, I set the GPS to get there and don't worry, there is no traffic now! Sorry, I just found it, 56 cadwell street, I set the GPS to get there and don't worry, there is no traffic now! No problem No problem Let's go ahead and make a reservation. I'll be arriving Tuesday and would like to stay 5 nights. There will be 7 people in my group. Let's go ahead and make a reservation. I'll be arriving Tuesday and would like to stay 5 nights. There will be 7 people in my group.",0
dialseg711_dial_388,1,12,"[0, 1]",94,Hi! I would like to book a taxi that will take me to Pizza Hut Cherry Hinton. I will be departing from Parkside Pools. Hi! I would like to book a taxi that will take me to Pizza Hut Cherry Hinton. I will be departing from Parkside Pools. Train TR3207 is booked for 6 people. The reference number is BAAL6J4H and the total fee is 113.28 GBP payable at the station. Train TR3207 is booked for 6 people. The reference number is BAAL6J4H and the total fee is 113.28 GBP payable at the station.,1
dialseg711_dial_528,8,25,"[1, 2, 3]",115,"Ok. The acorn guest house is in the north part of town in the moderate price range. Would that work? Ok. The acorn guest house is in the north part of town in the moderate price range. Would that work? Sorry, it was unavailable at that time. Perhaps you might want another day or a shorter stay? Sorry, it was unavailable at that time. Perhaps you might want another day or a shorter stay? Hi. I'm looking for a train from ely to cambridge, if there is one. Hi. I'm looking for a train from ely to cambridge, if there is one. That would be fine. Can I have their postcode and phone number please?",0
dialseg711_dial_528,25,35,"[3, 4]",41,"That would be fine. Can I have their postcode and phone number please? I don't need a reservation just yet, but can you give me the address? I don't need a reservation just yet, but can you give me the address?",0
dialseg711_dial_276,4,25,"[0, 1, 2, 3]",115,"A red lexus will pick you up by 21:00. Your contact number is 07323820078. A red lexus will pick you up by 21:00. Your contact number is 07323820078. Would you prefer a museum or a nightclub? Would you prefer a museum or a nightclub? The phone number is 01223464646. What else can I assist with? The phone number is 01223464646. What else can I assist with? You are booked for a red lexus with the contact number 07866626052. You are booked for a red lexus with the contact number 07866626052. Is it in the moderate range? Is it in the moderate range? What is the star rating of this guest house, address and phone number?",1
dialseg711_dial_276,25,29,"[3, 4]",73,"What is the star rating of this guest house, address and phone number? The star rating is 4. Their phone number is 01223353888. The address is 154 chesterton road, postcode cb41da. The star rating is 4. Their phone number is 01223353888. The address is 154 chesterton road, postcode cb41da. What is the time of my swimming activity and who is attending? What is the time of my swimming activity and who is attending?",0
dialseg711_dial_109,4,18,"[0, 1, 2]",118,"I was able to successfully book that for you. Your reference number is MXWS56BV. Is there anything else I can assist you with? I was able to successfully book that for you. Your reference number is MXWS56BV. Is there anything else I can assist you with? Nope, that'll do it! Thank you for all your help! Nope, that'll do it! Thank you for all your help! The forecast for Exeter calls for clouds on Saturday. The forecast for Exeter calls for clouds on Saturday. The train ID is TR9588 and the cost is 14.08 pounds. Can I book that for you? The train ID is TR9588 and the cost is 14.08 pounds. Can I book that for you?",1
dialseg711_dial_109,19,19,[3],20,what's the temperature going to be like today and tomorrow what's the temperature going to be like today and tomorrow,0
dialseg711_dial_512,1,8,[0],120,"Can you help me find a college in the centre of town? Can you help me find a college in the centre of town? Which is the best college in the Centre and how can I contact them by phone? Which is the best college in the Centre and how can I contact them by phone? Please recommend one in the centre and I would also like the phone number. Please recommend one in the centre and I would also like the phone number. Of course, their phone number is 01223334900. Is there anything else that I can help you with today? Of course, their phone number is 01223334900. Is there anything else that I can help you with today?",1
dialseg711_dial_512,16,24,"[2, 3]",86,The closest Chinese restaurant is 4 miles away. The closest Chinese restaurant is 4 miles away. What is the address? What is the address? I need a taxi to pick me up at curry king. I need a taxi to pick me up at curry king. A white BMW will pick you up and the contact number is 07606671583. Can I help with anything else today? A white BMW will pick you up and the contact number is 07606671583. Can I help with anything else today?,1
dialseg711_dial_203,11,35,"[1, 3, 4]",58,"Thanks so much for your help. That's just what I needed. Thanks so much for your help. That's just what I needed. I have 8 options. Guesthouse for all of them. Do you have a price range preference? I have 8 options. Guesthouse for all of them. Do you have a price range preference? 8, please 8, please",0
dialseg711_dial_701,3,30,"[0, 3, 4]",120,"I would like for the place to be 0 stars but has to include free wifi and free parking. I would like for the place to be 0 stars but has to include free wifi and free parking. Is that in the expensive price range? Is that in the expensive price range? Do you have any other options for expensive Chinese, and can you make sure that have a number and address listed as well. Do you have any other options for expensive Chinese, and can you make sure that have a number and address listed as well. Sure! The address is regent street and the postcode is cb21ad. Sure! The address is regent street and the postcode is cb21ad.",0
dialseg711_dial_537,5,26,"[0, 2, 4]",60,"no, I don't care about that. Surprise me! no, I don't care about that. Surprise me! Is there any within 2 miles? Is there any within 2 miles? Pizza My Heart is at 528 Anton Ct, directions are on the screen. Pizza My Heart is at 528 Anton Ct, directions are on the screen. my lab appointment my lab appointment",1
dialseg711_dial_438,2,24,"[0, 2, 4]",80,"There are several in that price range at the centre. What type of food would you like? There are several in that price range at the centre. What type of food would you like? I need the arrival time I need the arrival time The arrival time is 16:08. The arrival time is 16:08. Yes, can I please have the reference number as well for the booking? Yes, can I please have the reference number as well for the booking?",1
dialseg711_dial_515,11,31,"[1, 3]",86,"Yes, please try 5-star hotels with free parking. Yes, please try 5-star hotels with free parking. The centre will be fine. Thank you. The centre will be fine. Thank you. I'm looking for an Italian restaurant on the south side of town. I'm looking for an Italian restaurant on the south side of town. Great! I'd like a table at Frankie and Bennys for 7 people at 14:00 on Friday. Great! I'd like a table at Frankie and Bennys for 7 people at 14:00 on Friday.",0
dialseg711_dial_006,5,25,"[1, 4]",40,"I need a taxi to go to cambridge punter. I need a taxi to go to cambridge punter. I don't have a preference, actually. Which one do you recommend? I don't have a preference, actually. Which one do you recommend?",0
dialseg711_dial_038,1,10,"[0, 1]",58,I need help finding a train leaving Cambridge after 20:45. I need help finding a train leaving Cambridge after 20:45. You are all set for 13:15 Monday. Your reference number is 36NIKCYF. Can I help you with anything else? You are all set for 13:15 Monday. Your reference number is 36NIKCYF. Can I help you with anything else?,1
dialseg711_dial_456,4,14,"[0, 2]",76,"How about finches bed and breakfast? How about finches bed and breakfast? id apreciate if thats offered id apreciate if thats offered Unfortunately, I don't happen to show any restaurants that meet that criteria. Would you like me to try looking for a different price range or cuisine type? Unfortunately, I don't happen to show any restaurants that meet that criteria. Would you like me to try looking for a different price range or cuisine type?",0
dialseg711_dial_383,15,15,[4],28,"There is no traffic, so I will display those directions to those GPS now. There is no traffic, so I will display those directions to those GPS now.",0
dialseg711_dial_665,12,31,"[1, 4]",78,"Okay you've been rebooked into a grey toyota. Okay you've been rebooked into a grey toyota. Price is 13.28 pounds and the ride is 88 minutes. Shall I get you some tickets? Price is 13.28 pounds and the ride is 88 minutes. Shall I get you some tickets? No, I'm not ready to book yet. Thanks for your help. I am all set. No, I'm not ready to book yet. Thanks for your help. I am all set.",0
dialseg711_dial_049,10,23,"[3, 4]",116,"I have eight results. Do you need free parking? I have eight results. Do you need free parking? Not really, and I'm not really concerned with wifi either. Which one do you recommend? Not really, and I'm not really concerned with wifi either. Which one do you recommend? Sorry about that! You are booked at the Acorn for 4 nights, starting Thursday ref #ZUC5SZAP. Can I be of any further assistance today? Sorry about that! You are booked at the Acorn for 4 nights, starting Thursday ref #ZUC5SZAP. Can I be of any further assistance today? Can you please give me the written address as well? Can you please give me the written address as well?",1
dialseg711_dial_569,7,8,[2],34,From where and to where will you travel? From where and to where will you travel? I would like to leave cambridge to bishops stortford I would like to leave cambridge to bishops stortford,0
dialseg711_dial_405,26,35,"[3, 4]",52,"No, can you just give me the address? No, can you just give me the address? I'll be heading to huntingdon marriott hotel. I'll be heading to huntingdon marriott hotel. The contact number is 07062991767. Do you have any other questions? The contact number is 07062991767. Do you have any other questions?",0
dialseg711_dial_427,5,29,"[1, 3, 4]",92,"I'm looking for a place to stay in with free wifi in the west part of town. I'm looking for a place to stay in with free wifi in the west part of town. The medical center in Cambridge is called Addenbrookes Hospital. It is located at Hills Road, in postalcode CB20QQ. The medical center in Cambridge is called Addenbrookes Hospital. It is located at Hills Road, in postalcode CB20QQ. set a reminder to see my dentist at 12 pm tomorrow set a reminder to see my dentist at 12 pm tomorrow",0
dialseg711_dial_140,6,26,"[0, 1, 3, 4]",92,"The address for Teavana is 145 Amherst St. The address for Teavana is 145 Amherst St. There are hotels with free wifi and parking, right? There are hotels with free wifi and parking, right? There are two hotels that fit that criteria. I would recommend Alexander Bed and Breakfast, it has four stars. There are two hotels that fit that criteria. I would recommend Alexander Bed and Breakfast, it has four stars. Where do you need the forecast for? Where do you need the forecast for? Yes they are. Yes they are.",1
dialseg711_dial_550,9,17,"[1, 2]",56,"That looks right. What is the phone number for that location? That looks right. What is the phone number for that location? When would you like to leave by? When would you like to leave by? May I have the contact number for the taxi, please. May I have the contact number for the taxi, please.",0
dialseg711_dial_155,2,15,"[1, 3]",70,"On Thursday will it be overcast in Exeter? On Thursday will it be overcast in Exeter? what is the weather next week what is the weather next week In Mountain View, it will be 30-40F Monday, 80-100F Tuesday, 90-100F Wednesday, 90-100F Thursday, 70-80F Friday, 90-100F Saturday, and 70-80F Sunday. In Mountain View, it will be 30-40F Monday, 80-100F Tuesday, 90-100F Wednesday, 90-100F Thursday, 70-80F Friday, 90-100F Saturday, and 70-80F Sunday.",0
dialseg711_dial_554,4,20,"[1, 4]",62,"What city would you like weather information for? What city would you like weather information for? Okay. Where are you departing from, please? Okay. Where are you departing from, please? You are booked for a yellow Honda with the contact number 07575380490. Is there anything else? You are booked for a yellow Honda with the contact number 07575380490. Is there anything else?",0
dialseg711_dial_355,4,11,"[0, 1]",40,"TR5737 will arrive in cambridge Tuesday by 8:43, will this suit your needs? TR5737 will arrive in cambridge Tuesday by 8:43, will this suit your needs? I want to leave after 05:00 please. I want to leave after 05:00 please.",0
dialseg711_dial_513,9,9,[2],34,i AM looking for a train. The train should depart from Bournemouth and should leave on Sunday. i AM looking for a train. The train should depart from Bournemouth and should leave on Sunday.,0
dialseg711_dial_254,2,19,"[0, 2, 4]",74,"Oh, I am sorry to hear that. You may want to call the Addenbrookes Hospital acute medical assessment unit at 01223348314. Oh, I am sorry to hear that. You may want to call the Addenbrookes Hospital acute medical assessment unit at 01223348314. OK, setting navigation to 110 Arastradero Rd now. Enjoy! OK, setting navigation to 110 Arastradero Rd now. Enjoy! Thank you that is all I need. Thank you that is all I need.",1
dialseg711_dial_477,3,23,"[0, 1, 4]",76,"I'm sorry. I gave you the wrong information. I need to leave from the Fitzwilliam Museum and arrive at Royal Standard by 07:45. I'm sorry. I gave you the wrong information. I need to leave from the Fitzwilliam Museum and arrive at Royal Standard by 07:45. Yes, please set directions via a quick route. Yes, please set directions via a quick route. give me directions to a coffee place give me directions to a coffee place",0
dialseg711_dial_074,10,32,"[1, 3, 4]",88,"There is one hotel and 6 guesthouses in the east with free Internet. Do you prefer a certain price range? There is one hotel and 6 guesthouses in the east with free Internet. Do you prefer a certain price range? No, that's all I need. Thank you very much. No, that's all I need. Thank you very much. Just one is fine. Just one is fine. What can I tell you about the weather in New York? What can I tell you about the weather in New York?",0
dialseg711_dial_491,8,24,"[1, 3, 4]",113,The postcode is CB20QQ. Can I help with anything else? The postcode is CB20QQ. Can I help with anything else? There are 21 hotels that meet your needs. Would you like to narrow it down by area or price range? There are 21 hotels that meet your needs. Would you like to narrow it down by area or price range? Are either of them located on the south side of the city? Are either of them located on the south side of the city? rose's bed and breakfast rose's bed and breakfast I'm still not finding anything. Would you like me to search a different part of town or a different food type?,1
dialseg711_dial_491,24,24,[4],21,I'm still not finding anything. Would you like me to search a different part of town or a different food type?,0
dialseg711_dial_029,7,15,"[2, 3]",44,"Yes, I would like the address, postcode, and phone number. Yes, I would like the address, postcode, and phone number. Perfect! I would like a table for 2 at 16:00 on Tuesday Perfect! I would like a table for 2 at 16:00 on Tuesday",0
dialseg711_dial_623,6,26,"[0, 3, 4]",112,"Your reservations are complete at the Backstreet Bistro. Your reference number is 7H01DZW5. Your reservations are complete at the Backstreet Bistro. Your reference number is 7H01DZW5. Addenbrookes Hospital is located at Hills Rd, Cambridge. Is there a particular department you're looking for? Addenbrookes Hospital is located at Hills Rd, Cambridge. Is there a particular department you're looking for? Sorry about that - the Arbury Lodge guesthouse is, in fact, in my database. Your room is reserved, reference #N3CVYHHJ. Can I help with anything else today? Sorry about that - the Arbury Lodge guesthouse is, in fact, in my database. Your room is reserved, reference #N3CVYHHJ. Can I help with anything else today?",1
dialseg711_dial_072,9,26,"[2, 3, 4]",124,"Can you help me find The Fitzwilliam Museum? Can you help me find The Fitzwilliam Museum? We have 5 hotels that fit that description. What area of town do you prefer? We have 5 hotels that fit that description. What area of town do you prefer? I'm sorry, but all of the places that have free wifi and who have an expensive price range are hotels rather than guesthouses. Would you be interested in a hotel instead? I'm sorry, but all of the places that have free wifi and who have an expensive price range are hotels rather than guesthouses. Would you be interested in a hotel instead? Great. And where will you be leaving from? Great. And where will you be leaving from?",0
dialseg711_dial_642,17,35,"[2, 3, 4]",74,I was wondering if you could help me in finding a train to the airport. I was wondering if you could help me in finding a train to the airport. What type of food would you like? What type of food would you like? I need to leave from cambridge and get to Kings Lynn by 8:00 on Saturday. I need to leave from cambridge and get to Kings Lynn by 8:00 on Saturday.,0
dialseg711_dial_253,11,28,"[1, 4]",50,"Are you sure that didn't work? 8 people and 3 nights starting from monday? Are you sure that didn't work? 8 people and 3 nights starting from monday? Yes, it will only be dry on Tuesday in San Jose. Yes, it will only be dry on Tuesday in San Jose.",0
dialseg711_dial_326,9,14,[2],88,I am looking to find a train. It needs to go to Cambridge and it has to leave on Monday. I am looking to find a train. It needs to go to Cambridge and it has to leave on Monday. Congratulations! Your booking was successful with a reference number of DMEL46A6 and a fee of 64 GBP. Can I help you with anything else? Congratulations! Your booking was successful with a reference number of DMEL46A6 and a fee of 64 GBP. Can I help you with anything else?,1
dialseg711_dial_067,6,28,"[1, 4]",110,"Sure, we have many. Do you have a specific area you want to stay in? Sure, we have many. Do you have a specific area you want to stay in? Don't particularly care about parking but if you can narrow it down to just the 4 star ones I would appreciate it. Don't particularly care about parking but if you can narrow it down to just the 4 star ones I would appreciate it. There are 133 trains making that trip, do you have a day and time you'd like to go? There are 133 trains making that trip, do you have a day and time you'd like to go?",0
dialseg711_dial_360,12,23,"[2, 4]",76,"What time would you like to leave and arrive by? What time would you like to leave and arrive by? i really appreciate, thanks i really appreciate, thanks The train needs to leave by Saturday and I need three tickets. I would also like the reference number once you book it please? The train needs to leave by Saturday and I need three tickets. I would also like the reference number once you book it please?",0
dialseg711_dial_162,7,22,"[1, 3, 4]",78,"I'm heading into Cambridge. I'm heading into Cambridge. Set a reminder that I have football at 1pm next Wednesday with Martha Set a reminder that I have football at 1pm next Wednesday with Martha Yes heavy traffic, I have another one that is 4 miles away with no traffic. Do you want the address to it? Yes heavy traffic, I have another one that is 4 miles away with no traffic. Do you want the address to it?",0
dialseg711_dial_111,6,35,"[0, 1, 3, 4]",78,"I'd like to recommend la margherita, found in the North. I'd like to recommend la margherita, found in the North. What city? What city? Will there be frost in Durham next week? Will there be frost in Durham next week? No, but I have three other options for you to choose from. No, but I have three other options for you to choose from. Yes. I could eat at 15:30 perhaps. Yes. I could eat at 15:30 perhaps.",0
dialseg711_dial_301,1,27,"[0, 1, 3]",125,"I need help finding an expensive place to eat in the west please. I need help finding an expensive place to eat in the west please. I'm sorry, there is nothing showing for Chicken Tikka Masala. There are however 5 expensive Indian restaurants in the west part of Cambridge. I would recommend the Rice Boat. I'm sorry, there is nothing showing for Chicken Tikka Masala. There are however 5 expensive Indian restaurants in the west part of Cambridge. I would recommend the Rice Boat. Give me the address. Give me the address. Sure! what is your departure site? Sure! what is your departure site? I need to leave from broughton house gallery I need to leave from broughton house gallery My destination is downing college.",0
dialseg711_dial_301,27,32,"[3, 4]",89,"My destination is downing college. I'm wanting to find a restaurant. The location I want is the west and I want something in the moderate price range. Can you help me? I'm wanting to find a restaurant. The location I want is the west and I want something in the moderate price range. Can you help me? Yes, the phone number for the meghna restaurant is 01223727410. What other information would you like? Yes, the phone number for the meghna restaurant is 01223727410. What other information would you like?",0
dialseg711_dial_457,17,21,[2],26,I would like to stay in a guesthouse. I would like to stay in a guesthouse. I would like someplace expensive. I would like someplace expensive.,0
dialseg711_dial_682,20,30,"[2, 3]",74,"thanks again for choosing us thanks again for choosing us Well I need it to be in the south of town. Well I need it to be in the south of town. I believe you meant 10:00, so I went ahead and made the reservation for that time. The reference number is HRPLZ9AQ. I believe you meant 10:00, so I went ahead and made the reservation for that time. The reference number is HRPLZ9AQ.",1
dialseg711_dial_025,11,16,[3],62,"Please help me with a taxi Please help me with a taxi Where will you be coming from? Where will you be coming from? What time would you like to be picked up from your start point, or dropped off at your destination? What time would you like to be picked up from your start point, or dropped off at your destination?",0
dialseg711_dial_166,5,5,[0],10,I am going to allenbell I am going to allenbell,0
dialseg711_dial_129,4,10,"[1, 2]",46,Where do you need to be picked up? Where do you need to be picked up? The aylesbray lodge guest house is a 4 star hotel located at 5 mowbray road. The aylesbray lodge guest house is a 4 star hotel located at 5 mowbray road.,1
dialseg711_dial_152,6,26,"[0, 1, 3]",118,"How many tickets would you like me to book? How many tickets would you like me to book? No I am sorry, they are both in the moderate price range. Would you like to book one of them? No I am sorry, they are both in the moderate price range. Would you like to book one of them? I'm looking for the information on a restaurant named Rajmahal, could you provide me their info? I'm looking for the information on a restaurant named Rajmahal, could you provide me their info? Yes I have you booked for 7 people and your reference number is 1U0TF4XA. Yes I have you booked for 7 people and your reference number is 1U0TF4XA.",1
dialseg711_dial_302,12,26,"[2, 3, 4]",56,"Would Cambridge Artworks be okay? Would Cambridge Artworks be okay? The Postcode is CB20QQ. Do you need any other assistance? The Postcode is CB20QQ. Do you need any other assistance? Yes, your ref. # is E7D8F4SM. Can I help you with anything more? Yes, your ref. # is E7D8F4SM. Can I help you with anything more?",1
dialseg711_dial_363,2,17,"[0, 1, 3]",104,"Sure, how about zizzi cambridge, they offer cheap Italian food in the town centre. Sure, how about zizzi cambridge, they offer cheap Italian food in the town centre. The one at 7pm is on Sunday and Martha will be attending, and the one at 9am is on Monday and Jeff will be attending.. The one at 7pm is on Sunday and Martha will be attending, and the one at 9am is on Monday and Jeff will be attending.. Hi, I'm looking for a hotel with free wifi that is moderately priced. Hi, I'm looking for a hotel with free wifi that is moderately priced.",1
dialseg711_dial_363,26,26,[3],48,I was able to book the Alexander B&B for you for 4 people and 5 nights starting on Thursday. The reference number is 1KWO2DAQ. I was able to book the Alexander B&B for you for 4 people and 5 nights starting on Thursday. The reference number is 1KWO2DAQ.,1
dialseg711_dial_007,5,13,"[1, 2]",70,I am looking for a mexican restaurant in the centre. I am looking for a mexican restaurant in the centre. No problem. Is there anything else I can help you with today? No problem. Is there anything else I can help you with today? I need to schedule a taxi to da vinci pizzeria from tandoori palace. I need to schedule a taxi to da vinci pizzeria from tandoori palace.,1
dialseg711_dial_107,17,23,"[3, 4]",42,"I believe so. What is the police address and phone number? I believe so. What is the police address and phone number? No, just need to make sure it includes free parking. No, just need to make sure it includes free parking.",0
dialseg711_dial_483,5,25,"[0, 1, 2, 4]",124,"Yes, can you please book a table for 1 for 17:15 on Thursday. Could I have the reference number please? Yes, can you please book a table for 1 for 17:15 on Thursday. Could I have the reference number please? In Boston, it will be clear and humid Monday and Tuesday, snowy and windy Wednesday and Thursday, hot on Friday and Sunday, and drizzling on Saturday., In Boston, it will be clear and humid Monday and Tuesday, snowy and windy Wednesday and Thursday, hot on Friday and Sunday, and drizzling on Saturday., I'm looking for information about a restaurant named the golden wok. I'm looking for information about a restaurant named the golden wok. book a table for 8 people at 19:00 on wednesday.",1
dialseg711_dial_483,25,25,[4],10,book a table for 8 people at 19:00 on wednesday.,0
dialseg711_dial_221,4,13,"[1, 2]",32,What price range are you looking for? What price range are you looking for? I'll be staying for 3 nights starting on tuesday. I'll be staying for 3 nights starting on tuesday.,0
dialseg711_dial_153,6,6,[0],48,"Absolutely. The Peking Restaurant is located at 10 Homerton Street, City Centre. Their postcode is cb28nx. Can I reserve you a table by chance? Absolutely. The Peking Restaurant is located at 10 Homerton Street, City Centre. Their postcode is cb28nx. Can I reserve you a table by chance?",0
dialseg711_dial_410,5,14,"[0, 1]",116,"What is their phone number? What is their phone number? Not at the moment but I would also like their address and postcode. Not at the moment but I would also like their address and postcode. You are welcome. Do you need anything else? You are welcome. Do you need anything else? I found 24 guesthouses do you have a location you prefer or any other requirements? I found 24 guesthouses do you have a location you prefer or any other requirements? All right, the Allenbell is a cheap guesthouse on the east side that might suit your needs. All right, the Allenbell is a cheap guesthouse on the east side that might suit your needs.",1
dialseg711_dial_410,20,32,"[2, 3, 4]",123,"There are 3 Chinese restaurants in the centre of town and they're all in the moderate price range. If you like, I can book you a table at one of these? There are 3 Chinese restaurants in the centre of town and they're all in the moderate price range. If you like, I can book you a table at one of these? tell me what the temperature will be like for the next week tell me what the temperature will be like for the next week In Grand rapids the temperature is predicting lows in the 20F and highs in the 90F. In Grand rapids the temperature is predicting lows in the 20F and highs in the 90F. What is your departure site?",1
dialseg711_dial_410,32,32,[4],5,What is your departure site?,0
dialseg711_dial_308,1,19,"[0, 1, 2, 3]",106,"what is the weather like today and tomorrow what is the weather like today and tomorrow Today in Mountain View is gonna be overcast with low of 40F, tomorrow it will be cloudy Today in Mountain View is gonna be overcast with low of 40F, tomorrow it will be cloudy I can find you a train. What day and time would you like to travel? I can find you a train. What day and time would you like to travel? Will it rain in Mountain View? Will it rain in Mountain View? Find my home address for me car. Find my home address for me car.",1
dialseg711_dial_308,20,24,"[3, 4]",82,"Your home is at 10 ames street, we're 5 miles away now: would you like me to set the GPS to get there? Your home is at 10 ames street, we're 5 miles away now: would you like me to set the GPS to get there? I'm sorry but we don't have any restaurants meeting that criteria. Could you please try a different type? I'm sorry but we don't have any restaurants meeting that criteria. Could you please try a different type?",0
dialseg711_dial_663,2,25,"[0, 4]",120,"Sure thing, when you like to leave by? Sure thing, when you like to leave by? OK, there should be a white Ford to pick you up. The contact number is 07251519275. Can I help you with anything else? OK, there should be a white Ford to pick you up. The contact number is 07251519275. Can I help you with anything else? I am looking for the Alpha-Milton Guest house and would like to book it for 5 people for 2 nights starting Friday. Can you send me the reference please? I am looking for the Alpha-Milton Guest house and would like to book it for 5 people for 2 nights starting Friday. Can you send me the reference please?",1
dialseg711_dial_663,26,26,[4],42,Your reservation was successful and your reference number is UO8AN5FO. Is there anything else that I can help you with today? Your reservation was successful and your reference number is UO8AN5FO. Is there anything else that I can help you with today?,0
dialseg711_dial_122,10,31,"[1, 3, 4]",104,"That would be in the centre of town. I have two options for you. Gonville Hotel and University Arms Hotel. Would you like more info on one of those? That would be in the centre of town. I have two options for you. Gonville Hotel and University Arms Hotel. Would you like more info on one of those? 792 Bedoin Street, you can see it on your map! 792 Bedoin Street, you can see it on your map! Contact the Parkside, Cambridge police station at 01223358966. Contact the Parkside, Cambridge police station at 01223358966. Thank you for your help. Thank you for your help.",1
dialseg711_dial_101,9,10,[2],32,"I need their phone number, please. I need their phone number, please. Sure. Phone number to the hospital is 01223245151. Anything else? Sure. Phone number to the hospital is 01223245151. Anything else?",1
dialseg711_dial_075,8,23,"[1, 3]",42,"Addenbrookes Hospital is at Hills Rd, Cambridge and has a urology department. Addenbrookes Hospital is at Hills Rd, Cambridge and has a urology department. Please give me the phone number and post code. Please give me the phone number and post code.",0
dialseg711_dial_676,20,20,[4],14,Alex will be attending your tennis activity Alex will be attending your tennis activity,0
dialseg711_dial_009,2,18,"[0, 2, 3]",66,"What day will you be checking in? What day will you be checking in? Of course! Cambridge boasts many wonderful guesthouses. What did you have in mind? Of course! Cambridge boasts many wonderful guesthouses. What did you have in mind? The phone number for Parkside Police Station is 01223358966, address Parkside, Cambridge, CB11JG. The phone number for Parkside Police Station is 01223358966, address Parkside, Cambridge, CB11JG.",0
dialseg711_dial_126,5,22,"[0, 2, 4]",106,"Yes could you book me one seat at 17:45 on a Monday? Yes could you book me one seat at 17:45 on a Monday? The El Shaddai Hotel is located at 41 warkworth street, would yo+u like the phone number? The El Shaddai Hotel is located at 41 warkworth street, would yo+u like the phone number? Can I book a stay there for 1 person for 5 nights starting tuesday please? Can I book a stay there for 1 person for 5 nights starting tuesday please? It will not be warm in Menlo Park on Saturday. It will not be warm in Menlo Park on Saturday.",0
dialseg711_dial_039,12,31,"[0, 1, 2, 3, 4]",124,"It is a 2 star hotel. Would you like me to make those reservations? It is a 2 star hotel. Would you like me to make those reservations? Can I have the address, please? Can I have the address, please? I don't care about the price. I don't care about the price. Can you please tell me the phone number? Can you please tell me the phone number? The phone number is 01223323361. The phone number is 01223323361. There is no hail in the forecast in Danville this week. There is no hail in the forecast in Danville this week. I sure hope so. I've been injured and I need a hospital. I sure hope so. I've been injured and I need a hospital.",1
dialseg711_dial_417,18,35,"[1, 3, 4]",100,"The number is 01223315702. Is there anything else that I can help you with? The number is 01223315702. Is there anything else that I can help you with? Would you like me to contact the Parkside police for you? Would you like me to contact the Parkside police for you? The address is Parkside, Cambridge, Postcode:CB11JG. Is there anything else you need? The address is Parkside, Cambridge, Postcode:CB11JG. Is there anything else you need? I would like to go to whipple museum of the history of science. I would like to go to whipple museum of the history of science.",1
dialseg711_dial_417,36,36,[4],52,Sure. A white Lexus will pick you up at 1:30 at Saffron Brasserie. The contact number is 07399627486. Is there anything else I can help with? Sure. A white Lexus will pick you up at 1:30 at Saffron Brasserie. The contact number is 07399627486. Is there anything else I can help with?,0
dialseg711_dial_016,1,28,"[0, 1, 2, 3, 4]",118,"Hi! I'm looking for a cheap restaurant in the north, any type! Hi! I'm looking for a cheap restaurant in the north, any type! I want to make a booking at the alexander bed and breakfast. I want to make a booking at the alexander bed and breakfast. Ok. How many nights would you like to book? Ok. How many nights would you like to book? Corona Corona Yes that's fine. Please set the GPS. Yes that's fine. Please set the GPS. GPS is set to Jing Jing at 113 Arbol Dr. GPS is set to Jing Jing at 113 Arbol Dr. The Curry Prince restaurant is in the east and is moderately priced. Their phone is 01223566388.",1
dialseg711_dial_016,28,28,[4],16,The Curry Prince restaurant is in the east and is moderately priced. Their phone is 01223566388.,0
dialseg711_dial_698,1,18,"[0, 3]",98,what's the weekly weather report for the city what's the weekly weather report for the city Cleveland Cleveland We have 5 such places! Any preference on area? We have 5 such places! Any preference on area? Could you give me the phone number of the Marriott please? Could you give me the phone number of the Marriott please? The phone number for the huntingdon marriott hotel is 01480446000. Is there anything else I can assist you with today? The phone number for the huntingdon marriott hotel is 01480446000. Is there anything else I can assist you with today?,0
dialseg711_dial_471,5,22,"[0, 3]",86,What day will it be foggy? What day will it be foggy? You have two meetings scheduled on the calendar. The first meeting is on the 13th at 11am with the vice president in conference room 100. The second meeting is at 4pm with management in conference room 50. You have two meetings scheduled on the calendar. The first meeting is on the 13th at 11am with the vice president in conference room 100. The second meeting is at 4pm with management in conference room 50.,0
dialseg711_dial_125,1,1,[0],16,i want to find a hospital in town i want to find a hospital in town,0
dialseg711_dial_400,1,20,"[0, 1, 2]",124,"I need a place to stay on the west side of town, and I definitely need free wifi. I need a place to stay on the west side of town, and I definitely need free wifi. The Huntingdon Marriott Hotel will work. Can I have the phone number and address? The Huntingdon Marriott Hotel will work. Can I have the phone number and address? Hi! Do you have any Indian food on the east side? Hi! Do you have any Indian food on the east side? I would like it to have a four star rating. I would like it to have a four star rating. There are 11 entries. Does type matter to you? There are 11 entries. Does type matter to you?",0
dialseg711_dial_400,24,30,"[2, 4]",68,"Yes of course, their postcode is cb41da, and their address is 154 Chesterton road. Is there anything else that I can do for you today? Yes of course, their postcode is cb41da, and their address is 154 Chesterton road. Is there anything else that I can do for you today? JIlls house is nearby at 347 Alta Mesa Ave JIlls house is nearby at 347 Alta Mesa Ave",1
dialseg711_dial_609,7,27,"[1, 2, 4]",118,"Are they expensive? Are they expensive? I need to find the Addenbrookes Hospital please. I need to find the Addenbrookes Hospital please. Yes, there is. Addenbrookes has a main number. It is 01223245151. Is there any other information you might need? Yes, there is. Addenbrookes has a main number. It is 01223245151. Is there any other information you might need? We are 5 miles away from Pizza Chicago: do you want me to give you its address? We are 5 miles away from Pizza Chicago: do you want me to give you its address? Yes, please, and mark on the map a quick route for me Yes, please, and mark on the map a quick route for me",1
dialseg711_dial_304,4,24,"[0, 2]",90,Here are directions to Comfort Inn. Here are directions to Comfort Inn. What is the address to the Comfort Inn? What is the address to the Comfort Inn? Set the GPS and thank you for the information. Set the GPS and thank you for the information. Great! Look for a yellow toyota to pick you up. The contact number is 07004136407. Anything else I can help you with? Great! Look for a yellow toyota to pick you up. The contact number is 07004136407. Anything else I can help you with?,0
dialseg711_dial_003,24,38,"[3, 4]",52,When will you be travelling? When will you be travelling? I have several options for you depending on your departure site. Where will you be leaving from? I have several options for you depending on your departure site. Where will you be leaving from? It is italian food. It is italian food.,0
dialseg711_dial_070,12,12,[3],36,Old schools is an architecture museum in the centre area. The admission is free. Would you like tickets? Old schools is an architecture museum in the centre area. The admission is free. Would you like tickets?,0
dialseg711_dial_357,10,11,[2],58,Could you tell me where you would like to go and be picked up from? Could you tell me where you would like to go and be picked up from? I'm going to downing college from broughton house gallery. I need it after 22:30. I'm going to downing college from broughton house gallery. I need it after 22:30.,0
dialseg711_dial_658,23,23,[4],14,I need to actually arrive by 19:15. I need to actually arrive by 19:15.,0
dialseg711_dial_339,2,4,[0],50,"The Westin is at 329 El Camino Real. The Westin is at 329 El Camino Real. Thank you, please pick a route with no traffic and let's go there! Thank you, please pick a route with no traffic and let's go there! Going to The Westin. Going to The Westin.",1
dialseg711_dial_616,3,25,"[0, 1, 4]",122,"No, I'm getting general info. I need the hospital postal code and phone number, though. No, I'm getting general info. I need the hospital postal code and phone number, though. In the centre of town please. I am looking to stay in the expensive price range. In the centre of town please. I am looking to stay in the expensive price range. am looking for a train it should leave on saturday and should go to cambridge am looking for a train it should leave on saturday and should go to cambridge Please confirm you are leaving from Huntingdon and want to arrive at 21:00. Please confirm you are leaving from Huntingdon and want to arrive at 21:00. yes, that is correct.",0
dialseg711_dial_616,25,25,[4],4,"yes, that is correct.",0
dialseg711_dial_621,5,24,"[0, 1, 2, 4]",60,today and tomorrow today and tomorrow I will be traveling on monday and need to arrive by 14:15 I will be traveling on monday and need to arrive by 14:15 want to book a taxi want to book a taxi The travel time from Stevenage to Cambridge is 49 minutes. The travel time from Stevenage to Cambridge is 49 minutes.,0
dialseg711_dial_488,1,26,"[0, 3]",98,"Hi, I'll be coming in to Cambridge and I'd like a place to stay. I'd like a guesthouse with free parking. Hi, I'll be coming in to Cambridge and I'd like a place to stay. I'd like a guesthouse with free parking. In New York it will be frost on Monday, windy on Tuesday, overcast on Wednesday, drizzle on Thursday, snow on Friday, blizzard on Saturday, and cloudy on Sunday In New York it will be frost on Monday, windy on Tuesday, overcast on Wednesday, drizzle on Thursday, snow on Friday, blizzard on Saturday, and cloudy on Sunday",1
dialseg711_dial_194,5,24,"[1, 2, 3, 4]",116,"I need to locate the nearest police station please. I need to locate the nearest police station please. You are welcome. Let me know if there's anything else I can do! You are welcome. Let me know if there's anything else I can do! Little Seoul is located at 108 Regent Street City Centre. Little Seoul is located at 108 Regent Street City Centre. I was in a car accident dispute and am looking for help. I was in a car accident dispute and am looking for help. I'll also need the address please. I'll also need the address please. Yes, it's expensive. Would that work for you? Yes, it's expensive. Would that work for you?",0
dialseg711_dial_504,9,13,"[2, 3]",62,"OK, could you please let me know what location I should look up data for? OK, could you please let me know what location I should look up data for? Addenbrookes Hospital is located at Hills Rd, Cambridge. Is there a particular department you're looking for? Addenbrookes Hospital is located at Hills Rd, Cambridge. Is there a particular department you're looking for?",0
dialseg711_dial_572,4,25,"[0, 3, 4]",86,"There are several guesthouses that meet your criteria. Is there a particular part of town you wish to stay? There are several guesthouses that meet your criteria. Is there a particular part of town you wish to stay? The Parkside Police Station is located in postcode CB11JG at Parkside, Cambridge. The Parkside Police Station is located in postcode CB11JG at Parkside, Cambridge. I'd like to visit a museum in town. What can you suggest? I'd like to visit a museum in town. What can you suggest?",0
dialseg711_dial_080,5,17,"[0, 1, 2]",115,Oh wow. That's too bad. How about a good italian place? Oh wow. That's too bad. How about a good italian place? The zizzi cambridge is a cheap Italian restaurant in the centre area. Would you like me to make a reservation for you? The zizzi cambridge is a cheap Italian restaurant in the centre area. Would you like me to make a reservation for you? Am looking for the Addenbrookes Hospital it should have the respiratory medicine department Am looking for the Addenbrookes Hospital it should have the respiratory medicine department I am looking for a place to stay. The hotel should be in the cheap price range and should be in the north,0
dialseg711_dial_080,17,39,"[2, 3, 4]",109,I am looking for a place to stay. The hotel should be in the cheap price range and should be in the north I think the Worth House is your best bet! I think the Worth House is your best bet! I'm sorry I don't have anything for Sunday night. Would you like to try a different hotel? I'm sorry I don't have anything for Sunday night. Would you like to try a different hotel? Which department did you need? Which department did you need? I don't have a preference but would like to arrive by 22:30. I don't have a preference but would like to arrive by 22:30.,0
dialseg711_dial_044,9,18,"[2, 4]",90,"I'm looking to leave Friday after 21:15, if you could book me a reservation for that time period that would be great. I'm looking to leave Friday after 21:15, if you could book me a reservation for that time period that would be great. I need 2 please. I need 2 please. Yes, I'd love to have free internet, and I'd really like to stay at a guest house if possible. Yes, I'd love to have free internet, and I'd really like to stay at a guest house if possible.",0
dialseg711_dial_575,8,21,"[1, 2, 3]",66,"Sure, here it is: Parkside, Cambridge. Sure, here it is: Parkside, Cambridge. I'd like to arrive at Restaurant Two Two by 21:00 please. I'd like to arrive at Restaurant Two Two by 21:00 please. Is there anything else I can do for you today? Is there anything else I can do for you today? What is the hospital's phone number? What is the hospital's phone number?",1
dialseg711_dial_271,8,20,"[0, 3]",84,"Booking was successful. Reference number is : LXZ3ERL8. Is there anything else I can assist you with? Booking was successful. Reference number is : LXZ3ERL8. Is there anything else I can assist you with? Hello, what's the address of the Parkside Police Station, if you would be so kind? Hello, what's the address of the Parkside Police Station, if you would be so kind? The parkside police station is located at Parkside, Cambridge, CB11JG The parkside police station is located at Parkside, Cambridge, CB11JG",1
dialseg711_dial_442,7,10,[0],72,"I apologize this train is going to broxbourne from cambridge. for 3 people are you able to book that? I apologize this train is going to broxbourne from cambridge. for 3 people are you able to book that? Sure, do you still need the train on Thursday after 17:45? Sure, do you still need the train on Thursday after 17:45? When would you like to arrive? When would you like to arrive?",0
dialseg711_dial_592,1,10,"[0, 1]",30,"is it cloudy today is it cloudy today Have you in a gray Skoda, 07138317821 is the contact info. Have you in a gray Skoda, 07138317821 is the contact info.",0
dialseg711_dial_481,7,24,"[1, 2, 3]",108,"Is that the quickest route? Is that the quickest route? Yes. Yes. I want it to leave from cambridge after 09:15. I want it to leave from cambridge after 09:15. I need to go TO Broxbourne FROM Cambridge on Sunday, leaving any time after 9:15. Please check again with those details, please. I need to go TO Broxbourne FROM Cambridge on Sunday, leaving any time after 9:15. Please check again with those details, please. There are two Chinese restaurants nearby, Mandarin Roots 4 miles away and P.F. Changs 6 miles away There are two Chinese restaurants nearby, Mandarin Roots 4 miles away and P.F. Changs 6 miles away",1
dialseg711_dial_707,7,22,"[1, 3, 4]",82,"I want it in the north, and it should include free parking. I want it in the north, and it should include free parking. Yes, please. It is for 2 nights starting on Tuesday for 7 people. Yes, please. It is for 2 nights starting on Tuesday for 7 people. Yes, Addenbrookes Hospital is in your area, would you like me to book you an appointment? Yes, Addenbrookes Hospital is in your area, would you like me to book you an appointment?",0
dialseg711_dial_190,1,32,"[0, 1, 2, 3]",94,"I am looking for the Addenbrookes Hospital. I am looking for the Addenbrookes Hospital. Is there anything else I can help you with? Is there anything else I can help you with? You're welcome. Do you need any further assistance? You're welcome. Do you need any further assistance? Your seat has been booked for the TR7349, reference number is ER5D744W. I can look up African restaurants in Cambridge but not Ely. Your seat has been booked for the TR7349, reference number is ER5D744W. I can look up African restaurants in Cambridge but not Ely.",1
dialseg711_dial_499,10,22,"[1, 2, 3]",120,Pizza My Heart is at 528 Anton Ct. It is 4 miles away and there is no traffic. Pizza My Heart is at 528 Anton Ct. It is 4 miles away and there is no traffic. Send me directionsome please. Send me directionsome please. Okay I have a yellow lexus with the contact number 07014284224. Okay I have a yellow lexus with the contact number 07014284224. I don't have anything matching unusual but I do have an African restaurant in the center of town as well as some gastropubs. Would either interest you? I don't have anything matching unusual but I do have an African restaurant in the center of town as well as some gastropubs. Would either interest you?,1
dialseg711_dial_499,24,31,[3],98,"There are a total of 15 restaurants that are cheap in the centre. Is there another type you would like to try? There are a total of 15 restaurants that are cheap in the centre. Is there another type you would like to try? Do you recommend a restaurant that is a little more different then the rest? Do you recommend a restaurant that is a little more different then the rest? Is that Italian? I would like an Italian restaurant, please. Is that Italian? I would like an Italian restaurant, please. How about 13:15? How about 13:15?",0
dialseg711_dial_639,12,22,"[1, 3, 4]",116,"The phone number for the paediatric clinic is 01223348313, is there anything else I can help with? The phone number for the paediatric clinic is 01223348313, is there anything else I can help with? Hello, I'm sorry you are injured. Addenbrookes Hospital is located on Hills Rd. If you need to call the oncology department directly they may be reached at 01223217708. Hello, I'm sorry you are injured. Addenbrookes Hospital is located on Hills Rd. If you need to call the oncology department directly they may be reached at 01223217708. I'm sorry I can't find any world food restaurants located in the centre. I'm sorry I can't find any world food restaurants located in the centre.",0
dialseg711_dial_639,26,28,[4],88,"I have nothing available for that day and time slot, can I book you another day or time slot at that restaurant? I have nothing available for that day and time slot, can I book you another day or time slot at that restaurant? I have you booked for 7 at little seoul on tuesday at 10:15. Here is the reference number for your booking: KAHFBHYI. I have you booked for 7 at little seoul on tuesday at 10:15. Here is the reference number for your booking: KAHFBHYI.",0
dialseg711_dial_183,4,23,"[0, 1, 2, 3]",66,Indeed it is. Would you like for me reserve you a table? Indeed it is. Would you like for me reserve you a table? When is my tennis scheduled for? When is my tennis scheduled for? Can I get more information on the hotel? Can I get more information on the hotel? I'm departing from cherry hinton water play. I'm departing from cherry hinton water play.,0
dialseg711_dial_052,1,14,"[0, 1]",111,"Hi, I am looking for a guesthouse that includes free parking. Do you have anything available? Hi, I am looking for a guesthouse that includes free parking. Do you have anything available? Absolutely! When would you like to visit? Absolutely! When would you like to visit? I'm are looking for a train. The train should leave on friday and should go to norwich I'm are looking for a train. The train should leave on friday and should go to norwich I need to arrive by 11:15. I need to arrive by 11:15. Booking was successful, the total fee is 17.6 GBP payable at the station . Reference number is : XABOWRR6.",0
dialseg711_dial_052,14,14,[1],19,"Booking was successful, the total fee is 17.6 GBP payable at the station . Reference number is : XABOWRR6.",0
dialseg711_dial_672,1,28,"[0, 2, 3, 4]",108,"Hi there, I'm looking for a train going to cambridge. Hi there, I'm looking for a train going to cambridge. Oh, I'll be departing from bishops stortford, yes, thanks. Oh, I'll be departing from bishops stortford, yes, thanks. Yes, please book for 2 people./ Yes, please book for 2 people./ thanks a lot thanks a lot Would you happen to have info on the Addenbrookes Hospital? Would you happen to have info on the Addenbrookes Hospital? thank you, i also need the postcode and address. thank you, i also need the postcode and address. A and B guest house is available. A and B guest house is available.",1
dialseg711_dial_141,21,26,[3],108,"Thank you, I will check them out and get back to you. Thank you, I will check them out and get back to you. I think you're confused. I need the info, you're the help desk. I think you're confused. I need the info, you're the help desk. I apologize for the mistake. I have booked six tickets for you and your party on the TR7802 train departing from Stevenage at 09:54 and arriving at Cambridge at 10:43. I apologize for the mistake. I have booked six tickets for you and your party on the TR7802 train departing from Stevenage at 09:54 and arriving at Cambridge at 10:43.",0
dialseg711_dial_293,7,31,"[0, 3]",110,"Okay, great! I would like to book a room please. There will be 3 of us. Okay, great! I would like to book a room please. There will be 3 of us. Of course! You're booked with reference number 7BWSFBYX. May I assist with anything else? Of course! You're booked with reference number 7BWSFBYX. May I assist with anything else? I need to leave on Sunday please. I need to leave on Sunday please. TR1975 leaves at 17:36 and arrives by 18:55. Is that okay? TR1975 leaves at 17:36 and arrives by 18:55. Is that okay? Could you also confirm the arrival time? Could you also confirm the arrival time?",1
dialseg711_dial_087,9,16,"[2, 3]",70,I would like to stay in the east. I would like to stay in the east. What about on Friday? What about on Friday? Oh dear I am sorry to hear that. I can get you the phone number for Parkside Police Station if you would like? Oh dear I am sorry to hear that. I can get you the phone number for Parkside Police Station if you would like?,0
dialseg711_dial_346,8,37,"[1, 4]",124,There are quite a few guesthouses in that area. Would a guesthouse meet your needs? There are quite a few guesthouses in that area. Would a guesthouse meet your needs? Yes a guesthouse would be fine. Does it have internet? And what is it's postcode? Yes a guesthouse would be fine. Does it have internet? And what is it's postcode? There are no results for a cheap hotel with free wifi in the centre area. Would you like to try a different area or guesthouse? There are no results for a cheap hotel with free wifi in the centre area. Would you like to try a different area or guesthouse? Is it cheap? I don't have much money. And do they have free wifi?,0
dialseg711_dial_346,37,38,[4],38,"Is it cheap? I don't have much money. And do they have free wifi? Yes, it is cheap, do you need a booking, or just information? Yes, it is cheap, do you need a booking, or just information?",0
dialseg711_dial_379,2,20,"[0, 2, 3]",90,"Ok. And where will the taxi be picking you up from? Ok. And where will the taxi be picking you up from? Unfortunately I can't find any expensive hotels with free parking. Unfortunately I can't find any expensive hotels with free parking. Yes, there are 5 such places. 4 are in the centre and 1 is in the south. Would you like to book at one? Yes, there are 5 such places. 4 are in the centre and 1 is in the south. Would you like to book at one?",0
dialseg711_dial_247,7,18,"[1, 2]",38,which days are rain forecasted which days are rain forecasted It will not rain in Cleveland on Saturday. It will not rain in Cleveland on Saturday. You're welcome. Call us again please! You're welcome. Call us again please!,1
dialseg711_dial_624,1,35,"[0, 2, 4]",125,"I need some help finding a train. I'm going to Cambridge on Tuesday. I need some help finding a train. I'm going to Cambridge on Tuesday. The price is $9.80 pound per ticket. Would you like to book it? The price is $9.80 pound per ticket. Would you like to book it? No, that's everything. No, that's everything. I have a train that departs Cambridge on Tuesday at 12:34 and will get you to Peterborough at 13:24 exactly. Would you like me to book that seat for you? I have a train that departs Cambridge on Tuesday at 12:34 and will get you to Peterborough at 13:24 exactly. Would you like me to book that seat for you? Nothing in particular. What do you recommend?",0
dialseg711_dial_624,35,37,[4],25,"Nothing in particular. What do you recommend? Awesome, could you please give me their phone number? Awesome, could you please give me their phone number?",0
dialseg711_dial_556,25,25,[4],24,"Hi, I'd like to book a taxi leaving from Archway House, please. Hi, I'd like to book a taxi leaving from Archway House, please.",0
dialseg711_dial_531,2,25,"[0, 1, 2, 3]",90,"There are Safeway 4 miles away and Trader Joes 6 miles away: where do you prefer to go? There are Safeway 4 miles away and Trader Joes 6 miles away: where do you prefer to go? You can reach Parkside Police Station at 01223358966. You can reach Parkside Police Station at 01223358966. I'd be happy to book that for you, where are you departing from? I'd be happy to book that for you, where are you departing from? I need to depart from Cambridge. I need to depart from Cambridge.",0
dialseg711_dial_696,5,15,"[0, 1, 2]",82,What about a restaurant that serves gastropub food? What about a restaurant that serves gastropub food? Are you interested in train TR9859 which leaves friday by 5:06 and arrives by 5:56? Are you interested in train TR9859 which leaves friday by 5:06 and arrives by 5:56? i want to book a taxi. The taxi should go to saigon city and should arrive by 24:45. i want to book a taxi. The taxi should go to saigon city and should arrive by 24:45.,0
dialseg711_dial_345,7,18,"[0, 1, 2]",118,"No, I need to arrive by 14:00. No, I need to arrive by 14:00. I have only one train that would be close to those traveling times. It leaves London Kings Cross at 11:17 and arrives in Cambridge at 12:08. I have only one train that would be close to those traveling times. It leaves London Kings Cross at 11:17 and arrives in Cambridge at 12:08. Schedule a reminder about a doctor appointment with my mother at 11am on the 7th of this month. Schedule a reminder about a doctor appointment with my mother at 11am on the 7th of this month. Certainly. What day would you like to stay? Certainly. What day would you like to stay?",0
dialseg711_dial_345,25,25,[4],36,I'm looking for a place to stay with free wifi. Can you help me find something moderately priced? I'm looking for a place to stay with free wifi. Can you help me find something moderately priced?,0
dialseg711_dial_176,4,20,"[1, 2, 4]",122,"That should be no problem! What day are you traveling? That should be no problem! What day are you traveling? The Addenbrookes Hospital is located at Hills Rd, Cambridge, Postcode CB20QQ. Are you looking for a particular department? The Addenbrookes Hospital is located at Hills Rd, Cambridge, Postcode CB20QQ. Are you looking for a particular department? Caffe Uno? Excellent choice! Would you like to make a reservation? Caffe Uno? Excellent choice! Would you like to make a reservation? I have booked the table for Sunday, the reference number is 1XGV4VGP. Is there anything else I can help you with today? I have booked the table for Sunday, the reference number is 1XGV4VGP. Is there anything else I can help you with today?",0
dialseg711_dial_160,7,21,"[1, 4]",24,"Yes, please send me the address. Yes, please send me the address. Yes, on the east side please. Yes, on the east side please.",0
dialseg711_dial_378,2,10,[0],124,"We have no austrian restuarants. Sorry. Is there another type of restaurant I could look up for you? We have no austrian restuarants. Sorry. Is there another type of restaurant I could look up for you? There are 5 British restaurants in the moderate price range, do you have a specific area you would prefer? There are 5 British restaurants in the moderate price range, do you have a specific area you would prefer? Do they have a table available on Friday at 12:15? Do they have a table available on Friday at 12:15? Your table is booked, ref# U0ZZRFL7. Is there anything else I can help you with? Your table is booked, ref# U0ZZRFL7. Is there anything else I can help you with?",1
dialseg711_dial_378,15,17,[1],44,"Could you tell me what the price of this trip is? Could you tell me what the price of this trip is? Yes, what's the train ID and what time does it arrive? Yes, what's the train ID and what time does it arrive?",0
dialseg711_dial_418,4,22,"[1, 2, 3]",104,The phone number is 01223367755. Is there anything else I can help you with? The phone number is 01223367755. Is there anything else I can help you with? Hello there. Can you please find me a train schedule that leaves on Wednesday heading for Cambridge? Hello there. Can you please find me a train schedule that leaves on Wednesday heading for Cambridge? Certainly. That train ID is TR7834. Certainly. That train ID is TR7834. Charlie Chan is amazing and cheap! Would you like me to book it for you? Charlie Chan is amazing and cheap! Would you like me to book it for you?,0
dialseg711_dial_040,14,31,"[1, 4]",38,"we have vue cinema we have vue cinema Yes, Oak Bistro and will depart from Sheep's Green and Lammas land park fen causeway. Yes, Oak Bistro and will depart from Sheep's Green and Lammas land park fen causeway.",0
dialseg711_dial_196,14,37,"[0, 3]",84,"The fee is 10.1 GBP, payable at the station. The duration of the ride is 38 minutes. The fee is 10.1 GBP, payable at the station. The duration of the ride is 38 minutes. there is the reference number TR4106 there is the reference number TR4106 Thank you for using our services. Do you need any further assistance? Thank you for using our services. Do you need any further assistance? That is all I needed. Thank you. That is all I needed. Thank you.",0
dialseg711_dial_399,5,20,"[1, 2, 3]",78,is it going to rain at all this upcoming week is it going to rain at all this upcoming week What city would you like to know if it is going to rain in? What city would you like to know if it is going to rain in? Can you tell me the price range? Can you tell me the price range? What time would you like to arrive by? What time would you like to arrive by?,0
dialseg711_dial_033,5,36,"[0, 4]",54,"Thank you so much. Thank you so much. No, I need a guesthouse with free wifi. No, I need a guesthouse with free wifi. They do not have parking. They do not have parking. Yes, they provide both internet and parking at their establishment. Yes, they provide both internet and parking at their establishment.",0
dialseg711_dial_433,6,20,"[0, 2, 3]",112,"Yes, your contact number is 07698022958. Can I assist you any further? Yes, your contact number is 07698022958. Can I assist you any further? I can assist you. What is your destination and departure time? I can assist you. What is your destination and departure time? I have a train leaving Cambridge for London Kings Cross Monday at 19:00, would you like me to book it? I have a train leaving Cambridge for London Kings Cross Monday at 19:00, would you like me to book it? P.F.Changs at 669 El Camino Real is 1 mile away trough moderate traffic P.F.Changs at 669 El Camino Real is 1 mile away trough moderate traffic",1
dialseg711_dial_128,13,15,[2],58,"I'm looking for a cheap place to dine that serves danish food. I'm looking for a cheap place to dine that serves danish food. I've got my heart set on Danish but we could go a bit more expensive, I guess. I've got my heart set on Danish but we could go a bit more expensive, I guess.",0
dialseg711_dial_508,3,27,"[0, 1, 2, 3]",122,"I would like the restaurant to have Indian food. I would like the restaurant to have Indian food. Sorry, the restaurant can't accomodate you. Want to try another day or time? Sorry, the restaurant can't accomodate you. Want to try another day or time? Palo Alto Cafe is only 3 miles away. Palo Alto Cafe is only 3 miles away. Are there any proper hotels in the south? Are there any proper hotels in the south? I don't need a reservation right now, but does Rosa's B&B have internet? I don't need a reservation right now, but does Rosa's B&B have internet? I'd like a train to Leicester to arrive by 9:45. I'd like a train to Leicester to arrive by 9:45.",1
dialseg711_dial_508,28,35,"[3, 4]",38,"Okay, where would you like to depart from? Okay, where would you like to depart from? I want a museum, please? Please include address, postcode, and area. I want a museum, please? Please include address, postcode, and area.",0
dialseg711_dial_043,12,23,"[1, 3]",74,"Actually, I have 11 of them in the centre area. Might I suggest the Broughton House Gallery. It has free entrance and is located at 98 King Street. Actually, I have 11 of them in the centre area. Might I suggest the Broughton House Gallery. It has free entrance and is located at 98 King Street. I need to be in Cambridge on Monday please. I need to be in Cambridge on Monday please.",0
dialseg711_dial_331,10,30,"[0, 2, 3, 4]",125,"All right, sir, you'll be picked up in a blue BMW. The contact number is 07348606520. All right, sir, you'll be picked up in a blue BMW. The contact number is 07348606520. I'd be happy to help you with that. Can you tell me your departure location and where you are headed to? I'd be happy to help you with that. Can you tell me your departure location and where you are headed to? Yes, sure, please send on the screen the quickest route to reach there Yes, sure, please send on the screen the quickest route to reach there The autumn house is a cheap four star guesthouse that has wifi and parking in the east area. Would you like to make a reservation?",1
dialseg711_dial_331,30,30,[4],25,The autumn house is a cheap four star guesthouse that has wifi and parking in the east area. Would you like to make a reservation?,0
dialseg711_dial_204,1,5,"[0, 1]",42,what will the temperature be this weekend what will the temperature be this weekend For what city would you like the temperature for? For what city would you like the temperature for? Where can I get gas? Where can I get gas?,0
dialseg711_dial_534,9,9,[0],24,Can you tell me what the total travel time for that is? Can you tell me what the total travel time for that is?,0
dialseg711_dial_702,13,29,"[2, 3, 4]",104,I want to get there by 12:45. I want to get there by 12:45. The price is 10.10 pounds per ticket. I can make those reservations for you if you'd like. The price is 10.10 pounds per ticket. I can make those reservations for you if you'd like. How about the center? I need a reservation for 8 people at 14:15 on a Friday. How about the center? I need a reservation for 8 people at 14:15 on a Friday. Friday at 14:15. Friday at 14:15. give me a quick route to a grocery store give me a quick route to a grocery store,1
dialseg711_dial_281,6,16,"[0, 1, 2]",122,"The Museum of Classical Archaeology is lovely, and they have no entrance fee. Would that fit your needs? The Museum of Classical Archaeology is lovely, and they have no entrance fee. Would that fit your needs? I am looking for an expensive restaurant in the centre I am looking for an expensive restaurant in the centre Was there anything else I could assist you with today? Was there anything else I could assist you with today? Yes, there are 4 pools, 1 in the East, 2 in the North and 1 in the Centre. Which area would you like? Yes, there are 4 pools, 1 in the East, 2 in the North and 1 in the Centre. Which area would you like?",1
dialseg711_dial_406,13,21,"[3, 4]",32,"i want to book a taxi. i want to book a taxi. I am looking for a moderately priced, 4 star hotel. I am looking for a moderately priced, 4 star hotel.",0
dialseg711_dial_282,8,16,"[1, 2]",124,"The address is Parkside, Cambridge, postcode CB11JG. The address is Parkside, Cambridge, postcode CB11JG. Do you have the phone number there? Do you have the phone number there? There are 33 restaurants in the centre that are in the expensive price range. What type of food would you like? There are 33 restaurants in the centre that are in the expensive price range. What type of food would you like? There are six restaurants that match that description. Can recommend one of them for you? There are six restaurants that match that description. Can recommend one of them for you? The Curry Garden serves expensive Indian food in the centre of town. The Curry Garden serves expensive Indian food in the centre of town.",0
dialseg711_dial_282,17,27,[2],36,Great can I get a reservation there for 8 people at 12:30 on sunday? Great can I get a reservation there for 8 people at 12:30 on sunday? Thank you so much. Thank you so much.,0
dialseg711_dial_558,4,21,"[0, 1, 3]",72,"Navigating you to The Westin. Navigating you to The Westin. I would like for a taxi to take me to london liverpool street train station, arriving no later than 17:45 please I would like for a taxi to take me to london liverpool street train station, arriving no later than 17:45 please There is a train leaving at 9:17. Does that work? There is a train leaving at 9:17. Does that work?",0
dialseg711_dial_102,12,34,"[1, 3, 4]",102,"I'm so sorry, but I was unable to book per your request. Would you like to try a shorter stay or a different date? I'm so sorry, but I was unable to book per your request. Would you like to try a shorter stay or a different date? The price is 16.50 pounds. The price is 16.50 pounds. I got into a car accident and need help figuring out what to do next. I got into a car accident and need help figuring out what to do next. You should contact the police at 01223358966. You should contact the police at 01223358966.",0
dialseg711_dial_659,2,18,"[0, 2]",118,"There is 1 guesthouse and 1 hotel that are cheap on the west side. Which one do you prefer? There is 1 guesthouse and 1 hotel that are cheap on the west side. Which one do you prefer? Yes they do have free internet, and the phone number is 01223276653. Yes they do have free internet, and the phone number is 01223276653. How about moderate price range with a star of 4? How about moderate price range with a star of 4? I have discovered 9 choices fitting your description. May I recommend the Archway House? It's on Gilbert Road. I have discovered 9 choices fitting your description. May I recommend the Archway House? It's on Gilbert Road.",1
dialseg711_dial_659,20,32,"[2, 3]",34,You're welcome. Would you like me to make a reservation in your name? You're welcome. Would you like me to make a reservation in your name? You are most welcome! You are most welcome!,1
dialseg711_dial_268,2,27,"[0, 2, 4]",70,"I can help. We have 18 moderately priced hotels. Do you have any additional preferences? I can help. We have 18 moderately priced hotels. Do you have any additional preferences? Great! Can you book that for me? Great! Can you book that for me? I need the forecast in Alhambra for tomorrow please. I need the forecast in Alhambra for tomorrow please. Wonderful, thanks very much! Wonderful, thanks very much!",0
dialseg711_dial_300,12,25,"[2, 3, 4]",74,"The first train leaves on Friday at 05:11 and arrives at 05:58. Should I book it for you? The first train leaves on Friday at 05:11 and arrives at 05:58. Should I book it for you? directions to coffee and tea house directions to coffee and tea house Yes please. I'll need the address, postcode, and whether they have internet also. Yes please. I'll need the address, postcode, and whether they have internet also.",1
dialseg711_dial_465,6,29,"[0, 1, 4]",82,"That booking was successful, your reference number is D3Q7SAFM. Is there anything else I can do for you today? That booking was successful, your reference number is D3Q7SAFM. Is there anything else I can do for you today? Hi, I need a tax to queens' college please. Hi, I need a tax to queens' college please. Yes that will fine. Can you tell me the travel time for that? Yes that will fine. Can you tell me the travel time for that?",1
dialseg711_dial_583,19,38,"[1, 2, 3, 4]",86,"I didn't actually need to reserve a seat. Could you comfirm the departure time of that train? I didn't actually need to reserve a seat. Could you comfirm the departure time of that train? Ok, what time do you want to leave by? Ok, what time do you want to leave by? I want it in the west, and it should be moderately priced. I want it in the west, and it should be moderately priced. No, it arrives at 7:27. No, it arrives at 7:27.",1
dialseg711_dial_470,2,22,"[0, 2, 3]",116,"Where will you be going? Where will you be going? I need help, I was in a car accident dispute. I need help, I was in a car accident dispute. Can I just have the address and postcode for the police station, please? Can I just have the address and postcode for the police station, please? I would suggest the broughton house gallery in the centre of town. Their address is 98 King Street, the post code cb11In, and the phone is 01223314960. It is free. I would suggest the broughton house gallery in the centre of town. Their address is 98 King Street, the post code cb11In, and the phone is 01223314960. It is free.",0
dialseg711_dial_553,8,30,"[0, 1, 2, 4]",98,I have successfully booked your room. The reference number is UUF3948J. Can I be of further assistance? I have successfully booked your room. The reference number is UUF3948J. Can I be of further assistance? The postcode is CB20QQ. The postcode is CB20QQ. I have 14 total moderate priced guesthouses. Do you have a preference of which area of town? I have 14 total moderate priced guesthouses. Do you have a preference of which area of town? I'm looking to get some information on the alpha-milton guest house I'm looking to get some information on the alpha-milton guest house,1
dialseg711_dial_490,11,24,"[0, 3]",60,"Oh, ok. Sure, go ahead and book 4 nights from Tuesday. There will be three of us. Oh, ok. Sure, go ahead and book 4 nights from Tuesday. There will be three of us. I'd like to find a train that departs from Ely on Monday, please! I'd like to find a train that departs from Ely on Monday, please!",0
dialseg711_dial_113,5,23,"[1, 3, 4]",62,"The Addenbrookes Hospital is located at Hills Rd, Cambridge. The Addenbrookes Hospital is located at Hills Rd, Cambridge. Okay. Thanks for your help. Okay. Thanks for your help. Very well. What time would you like to depart? Very well. What time would you like to depart? What city are you interested in knowing about? What city are you interested in knowing about?",0
dialseg711_dial_536,4,6,[0],32,How about hobsons house? How about hobsons house? The postcode for hobsons house is cb39lh. Do you want a reservation? The postcode for hobsons house is cb39lh. Do you want a reservation?,1
dialseg711_dial_547,9,9,[2],58,"Yes, there are two: restaurant two two in the north at 22 Chesterton Road Chesterton cb43ax and cote in the centre at Bridge Street City Centre cb21uf. Anything else? Yes, there are two: restaurant two two in the north at 22 Chesterton Road Chesterton cb43ax and cote in the centre at Bridge Street City Centre cb21uf. Anything else?",0
dialseg711_dial_163,2,22,"[0, 1, 2]",118,"There are no matches for an architecture attraction in the west part of town. Would you like me to search another area? There are no matches for an architecture attraction in the west part of town. Would you like me to search another area? What about a type of college? What about a type of college? Okay, I want to book a table for 6 people at 11:45 on saturday. Okay, I want to book a table for 6 people at 11:45 on saturday. Yes the Lensfield Hotel does have free wifi. Yes the Lensfield Hotel does have free wifi. The booking was successful. Your reference number is 81E1ITXC. Is there anything else I can help with today?",1
dialseg711_dial_163,22,32,"[2, 4]",66,"The booking was successful. Your reference number is 81E1ITXC. Is there anything else I can help with today? Hi, I'm looking for some train information. Could you tell me what trains leave on Wednesday for Norwich? Hi, I'm looking for some train information. Could you tell me what trains leave on Wednesday for Norwich? How many seats would you like? How many seats would you like?",1
dialseg711_dial_606,5,40,"[0, 2, 4]",120,"No, that's all I need today. Thank you for your help! No, that's all I need today. Thank you for your help! welcome. at your service next time welcome. at your service next time I am trying to find out if it will be warm in Oakland this week I am trying to find out if it will be warm in Oakland this week I am getting into birmingham new street train station and will be needing a taxi to take me to my hotel I am getting into birmingham new street train station and will be needing a taxi to take me to my hotel Sure! when would you like to arrive? Sure! when would you like to arrive?",1
dialseg711_dial_606,42,42,[4],20,I'd be happy to help! Where are you coming from? I'd be happy to help! Where are you coming from?,0
dialseg711_dial_084,6,17,"[1, 2, 3]",116,"I was able to get four results for what you are looking for, is there a certain price range you would like? I was able to get four results for what you are looking for, is there a certain price range you would like? Please book me a taxi to take me from Aylesbray Lodge Guest House to the London Liverpool Street Train Station. Please book me a taxi to take me from Aylesbray Lodge Guest House to the London Liverpool Street Train Station. As long as I leave by 19:15 it will be fine. There are 4 of us. As long as I leave by 19:15 it will be fine. There are 4 of us.",0
dialseg711_dial_661,17,17,[2],44,"No, that sounds wonderful. Can you book a room for me for 4 nights starting on Friday? It will just be myself. No, that sounds wonderful. Can you book a room for me for 4 nights starting on Friday? It will just be myself.",0
dialseg711_dial_669,13,18,[3],46,"I need a recommendation for some entertainment in the city. I need a recommendation for some entertainment in the city. Sure. The phone number is 01223503333, but I'm not sure of the fee. Sure. The phone number is 01223503333, but I'm not sure of the fee.",1
dialseg711_dial_241,1,18,"[0, 2]",50,"I am looking for a train to Petersborough. I am looking for a train to Petersborough. No, I need a train from Cambridge to petersborough on Thursday. No, I need a train from Cambridge to petersborough on Thursday. Cambridge, parkside police telephone number 01223358966. Cambridge, parkside police telephone number 01223358966.",0
dialseg711_dial_333,17,17,[3],12,Yes I'll need their address please. Yes I'll need their address please.,0
dialseg711_dial_615,1,11,"[0, 2]",46,"Yes, I need help locating Pizza Hut City Centre. Yes, I need help locating Pizza Hut City Centre. What is the price range? What is the price range? I need to book a taxi from clowns cafe. I need to book a taxi from clowns cafe.",0
dialseg711_dial_013,2,28,"[0, 2]",122,"I have many. Do you have a preference for type of food served? I have many. Do you have a preference for type of food served? The TR7966 is the first train of the day, arriving at 6:08. The latest train arriving before 16:45 would be the TR9427 arriving at 16:08. Would you prefer that? The TR7966 is the first train of the day, arriving at 6:08. The latest train arriving before 16:45 would be the TR9427 arriving at 16:08. Would you prefer that? The fare is 10 pounds 10. May I help you with anything else? The fare is 10 pounds 10. May I help you with anything else? Thanks I have enjoyed the service Thanks I have enjoyed the service",1
dialseg711_dial_403,4,13,"[1, 3]",42,Stanford Childrens Health is 3 miles away. Stanford Childrens Health is 3 miles away. Could you tell me if there will be clear skies in Carson on Friday? Could you tell me if there will be clear skies in Carson on Friday?,0
dialseg711_dial_192,3,21,"[0, 4]",62,Can I get their main phone number please? And the postcode if you have it. Can I get their main phone number please? And the postcode if you have it. The pick up place will be wandlebury country park and the drop off at curry prince The pick up place will be wandlebury country park and the drop off at curry prince,0
dialseg711_dial_032,20,37,"[1, 4]",50,"I'm sorry, but there's nothing available starting on Monday. I'm sorry, but there's nothing available starting on Monday. What tie would you like to leave Norwich? What tie would you like to leave Norwich? I would like to leave after 14:30 . I would like to leave after 14:30 .",0
dialseg711_dial_520,5,34,"[0, 1, 3, 4]",70,"Okay, should I expect to see any traffic? Okay, should I expect to see any traffic? Sure thing, you are booked with ref. # RC9WCTWX. Sure thing, you are booked with ref. # RC9WCTWX. Sure. The postcode is CB20QQ. Sure. The postcode is CB20QQ. I booked for you ugly duckling at 18:00, your ref number is IKXBXWEO I booked for you ugly duckling at 18:00, your ref number is IKXBXWEO",1
dialseg711_dial_188,2,25,"[0, 4]",106,"I have lots of guesthouses available with parking, do you have a preference for area? I have lots of guesthouses available with parking, do you have a preference for area? No, but I do need free wifi as well as free parking. No, but I do need free wifi as well as free parking. Sure, let's try for just one night and see if that works please. Sure, let's try for just one night and see if that works please. Hi, I am looking for a cheap restaurant in the town centre please. Hi, I am looking for a cheap restaurant in the town centre please.",0
dialseg711_dial_373,6,22,"[0, 1, 3]",115,You're all booked! 7 tickets from Cambridge to Peterborough at 12:34. Your reference number is I9UBCZW2. You're all booked! 7 tickets from Cambridge to Peterborough at 12:34. Your reference number is I9UBCZW2. I AM looking for a restaurant. The restaurant should be in the expensive price range and should be in the east. I AM looking for a restaurant. The restaurant should be in the expensive price range and should be in the east. I'm departing from nusha and I want to go to pizza hut city centre. I'm departing from nusha and I want to go to pizza hut city centre. You're all set! Booked car type : yellow tesla Contact number : 07359534792,1
dialseg711_dial_373,22,22,[3],13,You're all set! Booked car type : yellow tesla Contact number : 07359534792,0
dialseg711_dial_264,18,18,[3],28,it is not predicted to be cloudy in Manhattan in the next 48 hours. it is not predicted to be cloudy in Manhattan in the next 48 hours.,0
dialseg711_dial_015,1,15,"[0, 1]",58,"Hello, I'm looking for a train. I need to leave on Wednesday from Norwich. Hello, I'm looking for a train. I need to leave on Wednesday from Norwich. That sounds fine. Would you make a reservation for 4 people, 3 nights starting Monday? That sounds fine. Would you make a reservation for 4 people, 3 nights starting Monday?",0
dialseg711_dial_645,2,17,"[0, 3]",78,"There are 29 hotels that fit your criteria. Do you have an area or price range that you prefer? There are 29 hotels that fit your criteria. Do you have an area or price range that you prefer? I need you to help me find an expensive restaurant to dine in, I'd like it to be chinese food. I need you to help me find an expensive restaurant to dine in, I'd like it to be chinese food.",0
dialseg711_dial_694,2,12,"[0, 1]",96,"Sure, there are quite a few British restaurants in the centre. Would you prefer something expensive or moderately priced? Sure, there are quite a few British restaurants in the centre. Would you prefer something expensive or moderately priced? What is traffic like on the route to those locations and can you send me directions to the one without any traffic? What is traffic like on the route to those locations and can you send me directions to the one without any traffic? Setting navigation to 880 ames ct now. Setting navigation to 880 ames ct now.",1
dialseg711_dial_145,5,17,[1],114,"There are no 1 star hotels in that part of town. Is there another area you might be interested in? There are no 1 star hotels in that part of town. Is there another area you might be interested in? Unfortunately, no. Can we try a shorter stay period? Unfortunately, no. Can we try a shorter stay period? TO recap, I need a hotel in the West, four stars. TO recap, I need a hotel in the West, four stars. I'd rather have the least expensive one. What star rating is it? I'd rather have the least expensive one. What star rating is it? It is a 4-star rating. It is a 4-star rating.",0
dialseg711_dial_145,29,29,[3],42,There are quite a few hotels that fit that description. Do you have a preference as to area or price range? There are quite a few hotels that fit that description. Do you have a preference as to area or price range?,0
dialseg711_dial_577,3,3,[0],10,Thanks. What is the postcode? Thanks. What is the postcode?,0
dialseg711_dial_252,9,28,"[1, 2, 4]",72,"That will have to work. What is the arrival time? That will have to work. What is the arrival time? Safeway is at 452 Arcadia Pl. Safeway is at 452 Arcadia Pl. Yes, the Limehouse is a moderately priced guesthouse on the north side. What other information can I get for you? Yes, the Limehouse is a moderately priced guesthouse on the north side. What other information can I get for you?",1
dialseg711_dial_413,7,15,"[2, 3]",120,"I'm looking for something in the fine dining price range, so the place should be expensive. Are there any that fit that criteria? I'm looking for something in the fine dining price range, so the place should be expensive. Are there any that fit that criteria? Sure. Tandoori is located at 68 Histon Road Chesterton in postcode cb43le. Their phone number is 01223506055. Can I book it for you? Sure. Tandoori is located at 68 Histon Road Chesterton in postcode cb43le. Their phone number is 01223506055. Can I book it for you? Can I get the address. I would like to go directly to the Station. Can I get the address. I would like to go directly to the Station.",0
dialseg711_dial_090,18,25,"[2, 3, 4]",56,"That optometrist appointment is at 4 pm. That optometrist appointment is at 4 pm. Thanks, what is the address? Thanks, what is the address? I need to get to Thanh Binh, please. And yes, my departure location is The Place. I need to get to Thanh Binh, please. And yes, my departure location is The Place.",1
dialseg711_dial_089,5,25,"[1, 2, 3, 4]",122,"Yes, I need a train that is leaving from Stansted Airport on Saturday. Yes, I need a train that is leaving from Stansted Airport on Saturday. That would be fine. I just need the phone number and postcode. Thanks. That would be fine. I just need the phone number and postcode. Thanks. As I said the address is 638 Amherst St: do you want me to navigate you there? As I said the address is 638 Amherst St: do you want me to navigate you there? Good morning. Would you be able to tell me if you have any info on a certain hotel? Good morning. Would you be able to tell me if you have any info on a certain hotel?",1
dialseg711_dial_168,3,40,"[0, 2, 4]",88,"Yes, I am looking for a moderate price range. Yes, I am looking for a moderate price range. I am leaving out of Cambridge. I need the ticket for Sunday. I am leaving out of Cambridge. I need the ticket for Sunday. Which one is gonna be the lowest temperature today and tomorrow in Fresno? Which one is gonna be the lowest temperature today and tomorrow in Fresno? Tuesday will have the lowest temperature of 30F in fresno Tuesday will have the lowest temperature of 30F in fresno",0
dialseg711_dial_452,1,16,"[0, 1, 2, 3]",122,"What time and date is my lab appointment? What time and date is my lab appointment? There are no German restaurants available in the west. Would you like to try a different area or different food type? There are no German restaurants available in the west. Would you like to try a different area or different food type? Thanks! Thanks! Will it be hot in Redwood City on Monday? Will it be hot in Redwood City on Monday? I was able to get a couple of options for you, is there a certain area you would like to go to? I was able to get a couple of options for you, is there a certain area you would like to go to?",1
dialseg711_dial_452,20,22,[3],60,Booking was unfortunately unsuccessful. Let's try another day or time slot. Booking was unfortunately unsuccessful. Let's try another day or time slot. You are booked for 10:30. Your reference number is 4H1DRIF8. Is there anything else I can assist you with? You are booked for 10:30. Your reference number is 4H1DRIF8. Is there anything else I can assist you with?,1
dialseg711_dial_212,2,31,"[0, 2, 3, 4]",118,"Where are you departing from? Where are you departing from? Where are you departing from? Where are you departing from? I'm sorry, there aren't any cheap Australian restaurants in town. Would you like me to look for a different restaurant type? I'm sorry, there aren't any cheap Australian restaurants in town. Would you like me to look for a different restaurant type? There are a number of trains leaving Cambridge for Ely on Sundays. Do you have a departure time in mind? There are a number of trains leaving Cambridge for Ely on Sundays. Do you have a departure time in mind? I need it to leave after 08:15 please. I need it to leave after 08:15 please.",0
dialseg711_dial_078,7,17,"[2, 4]",76,"That sounds perfect. I don't need a reservation though. That sounds perfect. I don't need a reservation though. Sure the Phone 01223363471, address 40210 Millers Yard City Centre and postcode cb21rq for dojo noodle bar. May I help with anything else? Sure the Phone 01223363471, address 40210 Millers Yard City Centre and postcode cb21rq for dojo noodle bar. May I help with anything else? Please give me the fastest route. Please give me the fastest route.",1
dialseg711_dial_608,4,11,"[1, 3]",122,"I can indeed. We have several churches and a school renowned for their architecture. Great Saint Mary's Church charges visitors 2 pounds, but the rest are free. I can indeed. We have several churches and a school renowned for their architecture. Great Saint Mary's Church charges visitors 2 pounds, but the rest are free. Can you give me information on a free one and I'd need to know what area of town it is in please. Can you give me information on a free one and I'd need to know what area of town it is in please. tell me the closest place to get a cup of hot tea tell me the closest place to get a cup of hot tea",0
dialseg711_dial_522,3,13,"[0, 1]",110,"Not especially, just kicking around the town centre for a few hours and looking for something to do. Not especially, just kicking around the town centre for a few hours and looking for something to do. I just want something to do in the centre of town, can you tell me what sort of places there are? I just want something to do in the centre of town, can you tell me what sort of places there are? I'm looking for an expensive place to eat located in centre of town. Can you help? I'm looking for an expensive place to eat located in centre of town. Can you help?",0
dialseg711_dial_522,18,20,[1],122,"Oh yes, we have several Indian restaurants! I recommend Panahar, located at 8 Norfolk Street City Centre. Would you like a table there? Oh yes, we have several Indian restaurants! I recommend Panahar, located at 8 Norfolk Street City Centre. Would you like a table there? Yes please. Book one for Saturday at 19:45. There will be 3 people. Yes please. Book one for Saturday at 19:45. There will be 3 people. There doesn't seem to be any availability for Saturday at 19:45. Is there another time slot, or possibly another day, that would work for you? There doesn't seem to be any availability for Saturday at 19:45. Is there another time slot, or possibly another day, that would work for you?",0
dialseg711_dial_522,23,24,[2],66,"Good Evening, I am looking for a place to stay that includes free parking Good Evening, I am looking for a place to stay that includes free parking Okay, I have 29 options for you. Is there an area of town that you'd prefer to stay in? Okay, I have 29 options for you. Is there an area of town that you'd prefer to stay in?",0
dialseg711_dial_232,12,14,"[2, 3]",50,The temperature for Alhambra for the week include the highs near 100 and lows in the 40s. The temperature for Alhambra for the week include the highs near 100 and lows in the 40s. Your doctor's appointment is scheduled for 1pm today. Your doctor's appointment is scheduled for 1pm today.,1
dialseg711_dial_622,4,7,[1],28,When do you want to leave by? When do you want to leave by? I want to go to lensfield hotel I want to go to lensfield hotel,0
dialseg711_dial_484,12,23,"[1, 2, 3]",107,"For which one? I have one on Friday with father and one on Monday with Jon. For which one? I have one on Friday with father and one on Monday with Jon. The Oak Bistro sounds fabulous. Can I get a table there on Sunday at 18:30? There will be 6 of us. The Oak Bistro sounds fabulous. Can I get a table there on Sunday at 18:30? There will be 6 of us. And what is your destination? And what is your destination? It most certainly would, thank you. I am not ready to book, can you just give me the travel time for that trip?",1
dialseg711_dial_484,23,23,[3],23,"It most certainly would, thank you. I am not ready to book, can you just give me the travel time for that trip?",0
dialseg711_dial_495,9,26,"[2, 4]",124,"No, that doesn't matter, but I'd like something in the moderate price range. No, that doesn't matter, but I'd like something in the moderate price range. That sounds perfect. Can I book it for 5 nights starting on Monday for 3 people? That sounds perfect. Can I book it for 5 nights starting on Monday for 3 people? Okay. let's narrow down your options. Which area of town do you prefer? Okay. let's narrow down your options. Which area of town do you prefer? home from home is moderately priced, has 4 stars, and has free internet and parking. Would you like to book? home from home is moderately priced, has 4 stars, and has free internet and parking. Would you like to book?",0
dialseg711_dial_218,13,16,[2],78,"I would like a taxi departing from city centre north b and b and arriving at the place. I would like to arrive by 8:00. I would like a taxi departing from city centre north b and b and arriving at the place. I would like to arrive by 8:00. That is it, Thank you. That is it, Thank you. It has been my pleasure. Have a nice day. It has been my pleasure. Have a nice day.",1
dialseg711_dial_274,4,8,"[0, 1]",113,"The closest rest stop is The Westin. The closest rest stop is The Westin. Could you please give me the address and set the navigation there? Could you please give me the address and set the navigation there? The address for the Westin is 329 El Camino Real and the GPS has been set. The address for the Westin is 329 El Camino Real and the GPS has been set. I am looking for a train from Cambridge to Birmingham New Street. I am looking for a train from Cambridge to Birmingham New Street. The next train leaving from Cambridge for Birmingham New Street departs Friday at 5:01, and will arrive by 7:44.",1
dialseg711_dial_274,8,8,[1],19,"The next train leaving from Cambridge for Birmingham New Street departs Friday at 5:01, and will arrive by 7:44.",0
dialseg711_dial_146,3,28,"[0, 1, 3]",112,"Arrival doesn't matter. I just need to leave after 19:15 from Ashley Hotel, and I want to go to Bridge Guest House. Arrival doesn't matter. I just need to leave after 19:15 from Ashley Hotel, and I want to go to Bridge Guest House. Give me the address. Give me the address. I am looking for a restaurant. The restaurant should serve world food and should be in the centre I am looking for a restaurant. The restaurant should serve world food and should be in the centre GG3DCUFD is your confirmation code, may I help you with anything else? GG3DCUFD is your confirmation code, may I help you with anything else?",1
dialseg711_dial_348,5,19,"[0, 3, 4]",66,"That sounds great! Yes, please! Book a table for 3 people at 15:45 on friday. That sounds great! Yes, please! Book a table for 3 people at 15:45 on friday. Is there a Starbucks here? Is there a Starbucks here? I have been robbed and am looking for help. Can you help me? I have been robbed and am looking for help. Can you help me?",0
dialseg711_dial_223,23,24,[4],34,Will it be cloudy in Compton today? Will it be cloudy in Compton today? Compton is not showing a forecast for cloudy skies today. Compton is not showing a forecast for cloudy skies today.,0
dialseg711_dial_076,2,15,"[0, 2, 3]",90,What city do you want to know the snow forecast for? What city do you want to know the snow forecast for? what's the weather going to be like for this week what's the weather going to be like for this week There is not gonna be any dew in Alhambra this week There is not gonna be any dew in Alhambra this week Not really. Could you give me the postcode for one of the museums? Not really. Could you give me the postcode for one of the museums?,1
dialseg711_dial_441,8,30,"[2, 3, 4]",118,"There are 4 places that provide internet on the west side. 2 are hotels, and 2 are guesthouses. Do you have a preference? There are 4 places that provide internet on the west side. 2 are hotels, and 2 are guesthouses. Do you have a preference? What is the address? What is the address? Is the Yippee Noodle Bar moderately priced? Is the Yippee Noodle Bar moderately priced? Sure thing. The address is 40428 King Street City Centre, postcode cb11lh, and the phone number is 01223518111. Can I help you find anything else? Sure thing. The address is 40428 King Street City Centre, postcode cb11lh, and the phone number is 01223518111. Can I help you find anything else?",0
dialseg711_dial_396,12,32,"[1, 3, 4]",72,Booking was successful. Reference number is : CM5SEPYO. Is there anything else I can assist you with? Booking was successful. Reference number is : CM5SEPYO. Is there anything else I can assist you with? I am looking for a swimming pool to go to in the north. I am looking for a swimming pool to go to in the north. You don't need any other information? You don't need any other information?,1
dialseg711_dial_048,3,37,"[0, 4]",88,"I am headed to Cambridge this week. I am headed to Cambridge this week. Where are you leaving from, please? Where are you leaving from, please? I have 7 moderately priced guesthouses and 2 moderately priced hotels in the north, all with free parking. I have 7 moderately priced guesthouses and 2 moderately priced hotels in the north, all with free parking. Do you have a further preference among them? Do you have a further preference among them? Do they have free wifi? Do they have free wifi?",0
dialseg711_dial_643,5,23,"[0, 2, 3]",106,No thanks. Can I get the address with postcode please? No thanks. Can I get the address with postcode please? I'm afraid there aren't any Sri Lankan restaurants in town at all. Is there something else I can search for you? I'm afraid there aren't any Sri Lankan restaurants in town at all. Is there something else I can search for you? Could you please give me the phone number for the Royal Standard? Could you please give me the phone number for the Royal Standard? on tuesday from cambridge to norway leaving at 2030 hrs on tuesday from cambridge to norway leaving at 2030 hrs,0
dialseg711_dial_708,1,9,"[0, 1]",124,"Hello Cambridge Towninfo Center representative. I desire a place to stay that 5 stars, cheap and includes free wifi. Can you help? Hello Cambridge Towninfo Center representative. I desire a place to stay that 5 stars, cheap and includes free wifi. Can you help? That we have! Do you have a preference on the area? That we have! Do you have a preference on the area? i want a place for dinner and serves a mexican food,where can i find it?please first pick for me a taxi to that place should be to the north. i want a place for dinner and serves a mexican food,where can i find it?please first pick for me a taxi to that place should be to the north.",0
dialseg711_dial_027,17,17,[3],28,Setting reminder for conference at 4 pm on next Wednesday with the sales team. Setting reminder for conference at 4 pm on next Wednesday with the sales team.,1
dialseg711_dial_625,10,29,"[1, 3, 4]",122,"I'm sorry, but there is not a single expensive hotel or guesthouse on the north side of town. Would you like a different area or perhaps a different price range? I'm sorry, but there is not a single expensive hotel or guesthouse on the north side of town. Would you like a different area or perhaps a different price range? Alright, I have a yellow skoda for you and the contact number is 07866277583. Alright, I have a yellow skoda for you and the contact number is 07866277583. I will look for the yellow skoda after 17:30. Thanks for all your help. I will look for the yellow skoda after 17:30. Thanks for all your help. What about Chinese? What about Chinese?",0
dialseg711_dial_439,2,17,"[0, 3, 4]",76,"What city are you wanting to know if it's going to rain? What city are you wanting to know if it's going to rain? Okay, scheduling a meeting with the infrastructure team to go over the budget for Thursday at 5pm. Okay, scheduling a meeting with the infrastructure team to go over the budget for Thursday at 5pm. Will it drizzle in New York this week tho? Will it drizzle in New York this week tho?",1
dialseg711_dial_425,21,22,[3],24,I'm leaving from cambridge and county folk museum. I'm leaving from cambridge and county folk museum. What is your destination? What is your destination?,1
dialseg711_dial_485,2,17,"[0, 3, 4]",52,"The address is Hills Rd, Cambridge, post code CB20QQ, Addenbrooke hospital. The address is Hills Rd, Cambridge, post code CB20QQ, Addenbrooke hospital. Where will you be headed to? Where will you be headed to? I need to find a hospital in town please. I need to find a hospital in town please.",0
dialseg711_dial_193,8,27,"[1, 4]",30,"Today in Downtown Chicago is drizzle Today in Downtown Chicago is drizzle Thank you, may I also please have the postcode? Thank you, may I also please have the postcode?",0
dialseg711_dial_565,5,16,"[0, 1, 2]",118,"That sounds interesting. Can you just give me their phone number please? That sounds interesting. Can you just give me their phone number please? Yes they are located at Parkside, Cambridge, postcode CB11JG. Yes they are located at Parkside, Cambridge, postcode CB11JG. No, I was thinking of something fun to do. Do you have any suggestions? No, I was thinking of something fun to do. Do you have any suggestions? Sure, they're located at unit 8, viking way, bar hill, postcode cb238el, and their phone number is 01954781018. May I help with anything else? Sure, they're located at unit 8, viking way, bar hill, postcode cb238el, and their phone number is 01954781018. May I help with anything else?",1
dialseg711_dial_565,20,20,[3],56,"Train TR3515 will be leaving Cambridge at 19:59 on Tuesday, and will arrive at London Liverpool Street by 21:27. Would you like me to book it for you? Train TR3515 will be leaving Cambridge at 19:59 on Tuesday, and will arrive at London Liverpool Street by 21:27. Would you like me to book it for you?",0
dialseg711_dial_459,5,13,"[1, 3]",74,"I need to see the Dentist this month the 6th at 7pm with Jon. I need to see the Dentist this month the 6th at 7pm with Jon. Okay, scheduling a dentist appointment with Jon for the 6th at 7pm. Okay, scheduling a dentist appointment with Jon for the 6th at 7pm. When is my football activity and who is going with me? When is my football activity and who is going with me?",1
dialseg711_dial_130,4,20,"[0, 1, 3]",102,Alrighty. I have a grey ford for you with the contact number 07266756209. Anything else you need? Alrighty. I have a grey ford for you with the contact number 07266756209. Anything else you need? I need a train to Cambridge on Saturday. I'll be departing from Peterborough. I need a train to Cambridge on Saturday. I'll be departing from Peterborough. Yes I have many in the center of town and on in the west. Do you have a preference for area? Yes I have many in the center of town and on in the west. Do you have a preference for area?,1
dialseg711_dial_461,2,14,"[0, 2, 3]",92,I do not have a gas station listed in the 2 mile range. The closest one is 4 miles away. I do not have a gas station listed in the 2 mile range. The closest one is 4 miles away. Reminder set for conference with vice president at 10 am on August 14th. Reminder set for conference with vice president at 10 am on August 14th. I can definitely help you with that. Where will you be departing from? I can definitely help you with that. Where will you be departing from?,1
dialseg711_dial_395,10,20,"[1, 2]",62,What days are you interested in? What days are you interested in? Will it be cloudy today? Will it be cloudy today? Certainly. When would you like to depart? Certainly. When would you like to depart? Booked! Reference number is S6S3LN7B. You will pay 70.7 GBP at the station. Booked! Reference number is S6S3LN7B. You will pay 70.7 GBP at the station.,1
dialseg711_dial_000,4,7,"[0, 1]",46,"It will be hot today in Los Angeles. It will be hot today in Los Angeles. Yes please, I need a reservation for 6 people for 5 nights starting on Saturday. Yes please, I need a reservation for 6 people for 5 nights starting on Saturday.",1
dialseg711_dial_646,6,24,"[0, 4]",36,Sure. It is 07635951153. Can I help you with a hotel room perhaps? Sure. It is 07635951153. Can I help you with a hotel room perhaps? I have your taxi booked. I have your taxi booked.,0
dialseg711_dial_277,2,2,[0],28,Jack's house is located at 864 Almanor Ln in heavy traffic. Setting directions now. Jack's house is located at 864 Almanor Ln in heavy traffic. Setting directions now.,1
dialseg711_dial_384,2,15,"[0, 4]",78,"All architecture is in the centre of town. Your options are All Saints Church, Great Saint Mary's Church, Holy Trinity Church, Little Saint Mary's Church, and Old Schools. All architecture is in the centre of town. Your options are All Saints Church, Great Saint Mary's Church, Holy Trinity Church, Little Saint Mary's Church, and Old Schools. I'm looking for a British restaurant, in the expensive price range. I'm looking for a British restaurant, in the expensive price range.",0
dialseg711_dial_290,9,35,"[1, 2, 3, 4]",114,"Yes, my destination is Cambridge, and I'll be coming in from Broxbourne. Yes, my destination is Cambridge, and I'll be coming in from Broxbourne. The postcode is CB11JG The postcode is CB11JG The 8:09 departure, please. The 8:09 departure, please. Yes I am looking for information on a restaurant called Bangkok City. Yes I am looking for information on a restaurant called Bangkok City. Sorry, there are no tables available for your party then. Perhaps another day or time? Sorry, there are no tables available for your party then. Perhaps another day or time? Oh no. Can you get us in at 13:15 then? Oh no. Can you get us in at 13:15 then?",0
dialseg711_dial_255,9,27,"[2, 3, 4]",119,"I'm hoping to find a nightclub in town. I'm hoping to find a nightclub in town. How about something in the expensive price range instead? How about something in the expensive price range instead? Cote is an expensive French restaurant in the center of town. Would you like a table there, or possibly their address? Cote is an expensive French restaurant in the center of town. Would you like a table there, or possibly their address? Yes please. Can you book it for Friday at 19:45? There will be 8 of us. Yes please. Can you book it for Friday at 19:45? There will be 8 of us. What is the date and time of my next optometrist appointment?",0
dialseg711_dial_255,27,27,[4],11,What is the date and time of my next optometrist appointment?,0
dialseg711_dial_486,10,11,[2],40,The Police are located in Parkside Cambridge and the telephone number is 01223358966. The Police are located in Parkside Cambridge and the telephone number is 01223358966. Is this the emergency number to call? Is this the emergency number to call?,0
dialseg711_dial_320,17,17,[4],16,Can I get the address and post code? Can I get the address and post code?,0
dialseg711_dial_147,5,24,"[0, 3]",40,"What is the postcode? What is the postcode? I'm sorry, I'm doing my best.. I picked the best route for you, enjoy your trip! I'm sorry, I'm doing my best.. I picked the best route for you, enjoy your trip!",1
dialseg711_dial_137,2,11,"[0, 1, 2]",118,"Great, I have just scheduled that meeting for you. Is there anything else I can do? Great, I have just scheduled that meeting for you. Is there anything else I can do? I would like to stay in the south please. I would like to stay in the south please. I have 2 chinese restaurants in the south. Both are expensive but worth the money! I have the Peking Restaurant and the Good Luck Chinese Food Takeaway. I have 2 chinese restaurants in the south. Both are expensive but worth the money! I have the Peking Restaurant and the Good Luck Chinese Food Takeaway. Where is Civic Center Garage, can I get there while avoiding all heavy traffic?",1
dialseg711_dial_137,11,14,"[2, 3]",40,"Where is Civic Center Garage, can I get there while avoiding all heavy traffic? The Cambridge Belfry fits your request. Would you like to book a room? The Cambridge Belfry fits your request. Would you like to book a room?",0
dialseg711_dial_045,19,26,"[3, 4]",76,what is the date time and location of my next conference what is the date time and location of my next conference Can you help me find a taxi to old schools? Can you help me find a taxi to old schools? Alright I've got a blue volkswagen and the contact number is 07339810111. Anything else I can do Alright I've got a blue volkswagen and the contact number is 07339810111. Anything else I can do,0
dialseg711_dial_088,13,27,"[1, 4]",30,Please highlight a quick route on the map for me! Please highlight a quick route on the map for me! what time is my meeting what time is my meeting,0
dialseg711_dial_689,7,21,"[1, 2]",106,"I'm at Bishops Stortford and would like to go to Cambridge. I'm at Bishops Stortford and would like to go to Cambridge. Sure, Train ID is TR9178 and travel time is 38 minutes. How many tickets do you need? Sure, Train ID is TR9178 and travel time is 38 minutes. How many tickets do you need? I actually need to be picked up from the parkside police station. Sorry about taht. I actually need to be picked up from the parkside police station. Sorry about taht. I am wanting to go to stansted airport train station. I am wanting to go to stansted airport train station.",0
dialseg711_dial_097,18,27,[2],72,"You would probably enjoy meze bar restaurant. Would you like me to make a reservation? You would probably enjoy meze bar restaurant. Would you like me to make a reservation? Yes, please reserve a table for 4 on Monday at 15:15. Yes, please reserve a table for 4 on Monday at 15:15. Is the Meze Bar restaurant available for Saturday same time? Is the Meze Bar restaurant available for Saturday same time?",0
dialseg711_dial_292,1,31,"[0, 1, 2, 3, 4]",125,what is the weather like in boston what is the weather like in boston It will be between 40-50F on Monday and 20-40F on Tuesday in Boston. It will be between 40-50F on Monday and 20-40F on Tuesday in Boston. That'd be great. Thank you. That'd be great. Thank you. I plan to leave this Saturday. I plan to leave this Saturday. TR4162 departs at 7:29 and total duration is 38 minutes. Do you need to reserve a seat? TR4162 departs at 7:29 and total duration is 38 minutes. Do you need to reserve a seat? What's the route to my friends house within 4 miles? What's the route to my friends house within 4 miles? I need a train from Cambridge to Norwich please.,1
dialseg711_dial_292,31,31,[4],9,I need a train from Cambridge to Norwich please.,0
dialseg711_dial_062,3,34,"[1, 2, 4]",86,I would like to find a hotel that has 4 stars and included free parking I would like to find a hotel that has 4 stars and included free parking I am looking to book a train that arrives by 13:30. Are there any that fit that description? I am looking to book a train that arrives by 13:30. Are there any that fit that description? Would you like me to book a room for you? Would you like me to book a room for you?,0
dialseg711_dial_231,12,13,[2],48,Certainly. And where would you like the taxi to take you? Certainly. And where would you like the taxi to take you? I'm heading to the river bar steakhouse and grill. I am so hungry! I'm heading to the river bar steakhouse and grill. I am so hungry!,0
dialseg711_dial_334,2,6,"[0, 1]",112,"Addenbrookes Hospital is located at Hills Rd, Cambridge. Does this sound close to your location? Addenbrookes Hospital is located at Hills Rd, Cambridge. Does this sound close to your location? The postcode is CB20QQ, and the phone number is 01223245151. I can look up a specific hospital department for you. The postcode is CB20QQ, and the phone number is 01223245151. I can look up a specific hospital department for you. Are there any theatres in town? Are there any theatres in town? There are 5 theatres in town. Do you have a preference for a specific area? There are 5 theatres in town. Do you have a preference for a specific area?",1
dialseg711_dial_230,1,3,[0],66,"I need a moderately priced restaurant that serves hungarian food. I need a moderately priced restaurant that serves hungarian food. Oh, okay. Well, I guess I would like to find a restaurant that serves modern European food. Is there such a place available? Oh, okay. Well, I guess I would like to find a restaurant that serves modern European food. Is there such a place available?",0
dialseg711_dial_195,11,37,"[1, 2, 3]",48,"Yes, let's try for 14:45 instead. Yes, let's try for 14:45 instead. Sure thing. What will your destination be? Sure thing. What will your destination be? I would like expensive. I would like expensive. It will be a party of 6. It will be a party of 6.",0
dialseg711_dial_229,6,17,"[1, 3]",30,"What is your destination? What is your destination? That sounds great, can I get its address and phone number? That sounds great, can I get its address and phone number?",0
dialseg711_dial_349,5,16,"[0, 1, 2]",56,"Starting on Monday please. Starting on Monday please. Then pick the quickest way to Cafe Venetia, I desire some Italian style espresso coffee! Then pick the quickest way to Cafe Venetia, I desire some Italian style espresso coffee! It will not be warm in Cleveland next week. It will not be warm in Cleveland next week.",1
dialseg711_dial_336,11,29,"[1, 3]",74,"Is there any traffic on the way there? Is there any traffic on the way there? Webster Garage is 4 miles away. Webster Garage is 4 miles away. is that the closest one with no traffic? if so, give me directions is that the closest one with no traffic? if so, give me directions plot the fastest route to webster garage with no traffic plot the fastest route to webster garage with no traffic",0
dialseg711_dial_501,14,40,"[1, 4]",70,"The Ugly Duckling located in the centre has great food and is very popular. Would you like me to make you a reservation? The Ugly Duckling located in the centre has great food and is very popular. Would you like me to make you a reservation? that is all, thanks that is all, thanks It is my pleasure. Have a good day. It is my pleasure. Have a good day.",0
dialseg711_dial_319,9,12,[1],36,how about something in the north? how about something in the north? Can you tell me for how many people and on what day? Can you tell me for how many people and on what day?,0
dialseg711_dial_313,15,15,[3],16,I am looking for the Parkside Police Station I am looking for the Parkside Police Station,0
dialseg711_dial_440,13,15,[3],48,"Hi, I'm looking to catch a train to Norwich. Are there any that depart at or around 17:00? Hi, I'm looking to catch a train to Norwich. Are there any that depart at or around 17:00? Does that train leave on Friday? Does that train leave on Friday?",0
dialseg711_dial_514,20,20,[3],38,"All right, I've got you booked for Friday at 11:45 for 3 people. Would you like the reference number? All right, I've got you booked for Friday at 11:45 for 3 people. Would you like the reference number?",0
dialseg711_dial_704,12,20,"[3, 4]",84,"The nearest grocery store is Whole Foods ,2 miles away at 819 Alameda St. The nearest grocery store is Whole Foods ,2 miles away at 819 Alameda St. Ok, I have you booked to leave at 22:45. The car is a yellow Skoda and their contact number is 07314230139. Anything else I can do for you? Ok, I have you booked to leave at 22:45. The car is a yellow Skoda and their contact number is 07314230139. Anything else I can do for you?",0
dialseg711_dial_673,3,13,"[0, 3]",54,Do you have the phone number for that police station? Do you have the phone number for that police station? Set a reminder for a dentist appointment at 5 pm on Monday the 1st with my mother. Set a reminder for a dentist appointment at 5 pm on Monday the 1st with my mother.,0
dialseg711_dial_677,12,12,[1],50,I have booked you for Wednesday night at the Archway House. Your reference number is 1MWP83E1. Is there anything else I can help you with? I have booked you for Wednesday night at the Archway House. Your reference number is 1MWP83E1. Is there anything else I can help you with?,1
dialseg711_dial_619,3,19,"[0, 3]",42,No specific area. Can you recommend one for me? No specific area. Can you recommend one for me? Sure! The phone number is 01223464646. Sure! The phone number is 01223464646. That's all I needed. Thank you! That's all I needed. Thank you!,1
dialseg711_dial_295,1,4,"[0, 1]",112,I am trying to find a hospital that has a transplant high dependency unit. I am trying to find a hospital that has a transplant high dependency unit. Addenbrookes Hospital has a transplant high dependency unit. The phone number for the transplant high dependency unit is 01223216811. Would you like the address and postcode as well? Addenbrookes Hospital has a transplant high dependency unit. The phone number for the transplant high dependency unit is 01223216811. Would you like the address and postcode as well? There is Stanford Shopping Center 7 miles away with moderate traffic on its way There is Stanford Shopping Center 7 miles away with moderate traffic on its way,1
dialseg711_dial_295,6,9,"[1, 2]",88,"I sent its position and the route with moderate traffic on your screen, drive carefully! I sent its position and the route with moderate traffic on your screen, drive carefully! I've been injured and I need to find a hospital. I've been injured and I need to find a hospital. I am looking for a hospital with a clinical research facility department. I need the phone number and postcode. I am looking for a hospital with a clinical research facility department. I need the phone number and postcode.",1
dialseg711_dial_709,16,19,"[3, 4]",38,"Dominos is at 776 Arastradero Rd. It is 4 miles away with no traffic. Setting directions now. Dominos is at 776 Arastradero Rd. It is 4 miles away with no traffic. Setting directions now. 10am, please. 10am, please.",1
dialseg711_dial_206,7,10,[2],100,I'd like to find a resturant that serves cheap Chinese food! I'd like to find a resturant that serves cheap Chinese food! Charlie Chan is located in the centre and it is cheap! Would you like me to book it for you? Charlie Chan is located in the centre and it is cheap! Would you like me to book it for you? The address is Regent Street City Centre. What day and time would you like to book? How many people? The address is Regent Street City Centre. What day and time would you like to book? How many people?,0
dialseg711_dial_651,12,17,"[2, 3]",114,"Okay, scheduling a conference with the infrastructure team for today at 1pm. Okay, scheduling a conference with the infrastructure team for today at 1pm. Yes, I'd like a 3 star place. It doesn't need to have free parking. Yes, I'd like a 3 star place. It doesn't need to have free parking. Okay, the hamilton lodge fits those conditions. Would you like me to book you a room? Okay, the hamilton lodge fits those conditions. Would you like me to book you a room? Yes please. Book me a stay for 7 people and 5 nights starting from Saturday. Yes please. Book me a stay for 7 people and 5 nights starting from Saturday.",1
dialseg711_dial_559,6,30,"[1, 4]",58,"Sure, i can help you with that. Where will you be departing from? Sure, i can help you with that. Where will you be departing from? This weekend in Mountain View there will be stormy weather on Saturday and misty on Sunday This weekend in Mountain View there will be stormy weather on Saturday and misty on Sunday",0
dialseg711_dial_238,8,20,"[1, 2]",56,"The nearest hospital is The Addenbrookes Hospital located at Hills Rd, Cambridge Postcode CB20QQ. The nearest hospital is The Addenbrookes Hospital located at Hills Rd, Cambridge Postcode CB20QQ. Stanford Childrens Health is located at 899 Ames Ct. and I set the GPS. Stanford Childrens Health is located at 899 Ames Ct. and I set the GPS.",1
dialseg711_dial_202,5,18,"[0, 2]",122,"Yes, that would be great. I need 8 seats. Yes, that would be great. I need 8 seats. Alright, I have your 8 tickets purchased for the TR8199 train. Your reference number is ZJ8KWJQ9. Is there anything else I can help you with? Alright, I have your 8 tickets purchased for the TR8199 train. Your reference number is ZJ8KWJQ9. Is there anything else I can help you with? Where is your departure site? Where is your departure site? I'd like to leave aylesbray lodge guest house by 12:15 I'd like to leave aylesbray lodge guest house by 12:15 Booking completed! Booked car type : yellow audi Contact number : 07180084574 Booking completed! Booked car type : yellow audi Contact number : 07180084574",1
dialseg711_dial_430,7,17,"[1, 4]",110,"I would like to go to the Bloomsbury restaurant. Could you send me the contact number and car type of the taxi, once it's booked? I would like to go to the Bloomsbury restaurant. Could you send me the contact number and car type of the taxi, once it's booked? If you ask me, the Chiquito Restaurant Bar serves the best Mexican food around. Their postcode is cb17dy. You can reach them at 01223400170. Can I help with anything else? If you ask me, the Chiquito Restaurant Bar serves the best Mexican food around. Their postcode is cb17dy. You can reach them at 01223400170. Can I help with anything else?",0
dialseg711_dial_529,5,20,"[1, 2, 3]",112,"No. As long as its in the type of hotel. No. As long as its in the type of hotel. Can I get the phone number for the Huntingdon Marriott, please? Can I get the phone number for the Huntingdon Marriott, please? I have 10 trains available. Is there a certain time you would like to travel? I have 10 trains available. Is there a certain time you would like to travel? Yes, I would like to arrive by 12:30. Yes, I would like to arrive by 12:30. That is all. Thank you. That is all. Thank you. Do you have a preferred area of the city you'd like to stay in?",0
dialseg711_dial_529,20,26,"[3, 4]",42,"Do you have a preferred area of the city you'd like to stay in? That would be Addenbrookes Hospital at Hills Rd, Cambridge. Did you need their number? That would be Addenbrookes Hospital at Hills Rd, Cambridge. Did you need their number?",0
dialseg711_dial_173,6,7,"[1, 2]",38,"Okay, I have contacted the emergency department for you. Can I have your address? Okay, I have contacted the emergency department for you. Can I have your address? Are there chinese restaurants nearby Are there chinese restaurants nearby",1
dialseg711_dial_143,3,21,"[0, 2, 3]",124,"No thank you. Could you give me the postcode and tell me if they have free parking? No thank you. Could you give me the postcode and tell me if they have free parking? I need help finding a train leaving cambridge after 15:30. I need help finding a train leaving cambridge after 15:30. There are no trains leaving cambridge and also going to cambridge, did you mean to choose another destination? There are no trains leaving cambridge and also going to cambridge, did you mean to choose another destination? I can book that for you, where will you be departing from? I can book that for you, where will you be departing from? I need to be picked up from ruskin gallery, please.",0
dialseg711_dial_143,21,23,"[3, 4]",32,"I need to be picked up from ruskin gallery, please. I'm looking for a train from cambridge to the stansted airport. I'm looking for a train from cambridge to the stansted airport.",0
dialseg711_dial_603,1,6,[0],40,"I am looking for a cheap restaurant to have a meal. I am looking for a cheap restaurant to have a meal. There is one, shall I book it for you? There is one, shall I book it for you?",0
dialseg711_dial_329,4,29,"[1, 2, 4]",118,"There is Sala Thong that's expensive would you like me to book a table for you? There is Sala Thong that's expensive would you like me to book a table for you? No. I would like to make a reservation for Wednesday for 3 nights and 8 people. I will also require a reference number. No. I would like to make a reservation for Wednesday for 3 nights and 8 people. I will also require a reference number. Can you please try a 2 day stay. Can you please try a 2 day stay. I am looking for the moderate price range, the area doesn't matter. I am looking for the moderate price range, the area doesn't matter.",0
dialseg711_dial_381,9,10,[2],54,I want to go to county folk museum I want to go to county folk museum I have booked a white volvo to leave at 9:15 from Cambridge train station. Your contact number is 07504297575 I have booked a white volvo to leave at 9:15 from Cambridge train station. Your contact number is 07504297575,1
dialseg711_dial_002,8,23,"[1, 2, 3]",92,"In Fresno, it will be misty Monday foggy Tuesday, humid Wednesday, drizzle Thursday, clear Friday, hail Saturday and be windy Sunday. In Fresno, it will be misty Monday foggy Tuesday, humid Wednesday, drizzle Thursday, clear Friday, hail Saturday and be windy Sunday. On what day do you wish to travel and to what destination? On what day do you wish to travel and to what destination? Thanks. Oh, I forgot to ask, is that in the moderate price range? Thanks. Oh, I forgot to ask, is that in the moderate price range?",1
dialseg711_dial_629,10,21,"[1, 2, 3]",106,The lan hong house is a moderately priced chinese restaurant in the centre area at 12 Norfolk Street city centre. The phone number is 01223350420 and the postcode is cb12lf. The lan hong house is a moderately priced chinese restaurant in the centre area at 12 Norfolk Street city centre. The phone number is 01223350420 and the postcode is cb12lf. I don't care about the departure time but the taxi should arrive by 07:15. I don't care about the departure time but the taxi should arrive by 07:15. Can you help me find and expensive Thai restaurant? Can you help me find and expensive Thai restaurant?,1
dialseg711_dial_629,24,24,[3],40,I have made your reservation. The reference number is S2AY04JF. Is there anything else I can assist you with today? I have made your reservation. The reference number is S2AY04JF. Is there anything else I can assist you with today?,1
dialseg711_dial_058,26,34,"[2, 3, 4]",98,"Your booking was successful and your Reference number is : 0DW45IKS Your booking was successful and your Reference number is : 0DW45IKS I got injured and I am looking for a hospital nearby I got injured and I am looking for a hospital nearby It's at Hills Rd, Cambridge with Postcode CB20QQ It's at Hills Rd, Cambridge with Postcode CB20QQ Unfortunately, I don't happen to have anything that meets your specifications. Can I look in another area for you? Unfortunately, I don't happen to have anything that meets your specifications. Can I look in another area for you?",1
dialseg711_dial_641,3,22,"[0, 1, 4]",50,Which has less traffic? Which has less traffic? Location doesn't really matter. Is there an entrance fee? Location doesn't really matter. Is there an entrance fee? Displaying the route now. There is moderate traffic on the way there. Displaying the route now. There is moderate traffic on the way there.,0
dialseg711_dial_473,5,19,"[1, 2]",88,"Good Afternoon. I am trying to find an Indian restaurant to eat at. I would prefer something expensive. Can you help me? Good Afternoon. I am trying to find an Indian restaurant to eat at. I would prefer something expensive. Can you help me? Great, when would you like the reservation and for how many should I reserve it for? Great, when would you like the reservation and for how many should I reserve it for? What's the address of the location? What's the address of the location?",0
dialseg711_dial_674,5,27,"[1, 4]",60,I'm looking for a train. The train should arrive by 21:30 and should go to bishops stortford. I'm looking for a train. The train should arrive by 21:30 and should go to bishops stortford. I need a close hospital with an acute medicine for the elderly unit. I need a close hospital with an acute medicine for the elderly unit.,0
dialseg711_dial_120,2,34,"[0, 2, 4]",74,"Ok. Where are you leaving out of? Ok. Where are you leaving out of? I'm leaving out of Cambridge. I'm leaving out of Cambridge. I am departing from birmingham new street, going to cambridge. I am departing from birmingham new street, going to cambridge. Sure. The price of those tickets are 75.10 pounds each. Sure. The price of those tickets are 75.10 pounds each. Where will you be going? Where will you be going?",1
dialseg711_dial_648,3,21,"[1, 3, 4]",46,"I am looking for a museum to visit! I am looking for a museum to visit! Sure, just the address and phone number will be fine. Sure, just the address and phone number will be fine. Saint Johns Chop shop house. Saint Johns Chop shop house.",0
dialseg711_dial_216,20,28,"[2, 4]",42,What time would you like to depart at? What time would you like to depart at? I'll be glad to help. What area of town are you looking for? I'll be glad to help. What area of town are you looking for?,0
dialseg711_dial_628,15,29,"[1, 4]",18,Yes please. Yes please. I want to go to Addenbrookes Hospital I want to go to Addenbrookes Hospital,0
dialseg711_dial_051,12,31,"[1, 3]",34,"Okay, and what is your destination? Okay, and what is your destination? Redwood City. Redwood City. Will it snow in redwood city this next week? Will it snow in redwood city this next week?",0
dialseg711_dial_220,6,16,"[1, 3, 4]",86,"I'm sorry. There is no matching restaurant. Would you like to try a different food type or area? I'm sorry. There is no matching restaurant. Would you like to try a different food type or area? Today's weather forecast in danville calls for stormy weather. Today's weather forecast in danville calls for stormy weather. Addenbrookes Hospital is located at Hills Rd, Cambridge. Is there a particular department you're looking for? Addenbrookes Hospital is located at Hills Rd, Cambridge. Is there a particular department you're looking for?",1
dialseg711_dial_061,2,2,[0],22,The closest shopping center is Midtown Shopping Center 3 miles away. The closest shopping center is Midtown Shopping Center 3 miles away.,1
dialseg711_dial_094,1,12,"[0, 1]",52,"Can you help me find somewhere to eat in the centre? Can you help me find somewhere to eat in the centre? The number is: 01223358966. The address is: Parkside, Cambridge. Can I help with anything else? The number is: 01223358966. The address is: Parkside, Cambridge. Can I help with anything else?",0
dialseg711_dial_423,2,22,"[0, 3]",68,Midtown Shopping Center is 6 miles away. Midtown Shopping Center is 6 miles away. What is the address? What is the address? Would you like me to check availability for Arbury Lodge Guesthouse on a particular date? Would you like me to check availability for Arbury Lodge Guesthouse on a particular date? Booking was successful. Reference number is : NSVESB6H. Booking was successful. Reference number is : NSVESB6H.,0
dialseg711_dial_650,2,2,[0],30,I would be happy to help. What day are you wanting to take the train? I would be happy to help. What day are you wanting to take the train?,0
dialseg711_dial_112,5,27,"[1, 2, 4]",116,Where does my friend live? Where does my friend live? I can get you into the bridge Guest House. It is rated with three stars and has both internet and parking amenitites. I can get you into the bridge Guest House. It is rated with three stars and has both internet and parking amenitites. Certainly I have the Lensfield Hotel and it is considered expensive. Shall I book that for you? Certainly I have the Lensfield Hotel and it is considered expensive. Shall I book that for you? Can you book me a taxi from Avalon to De Luca Cucina and Bar? Can you book me a taxi from Avalon to De Luca Cucina and Bar?,0
dialseg711_dial_591,4,31,"[0, 1, 2, 3, 4]",118,"Both are 4 miles away in heavy traffic, unfortunately. To which would you like directions? Both are 4 miles away in heavy traffic, unfortunately. To which would you like directions? Do you want the earliest train? Do you want the earliest train? Okay I have a 10:24 that arrives at 10:52. Okay I have a 10:24 that arrives at 10:52. is it snowing next week is it snowing next week Car I'm desiring to have pizza! Car I'm desiring to have pizza! I also need a place that is on the west side of town and that has free wifi. I also need a place that is on the west side of town and that has free wifi.",0
dialseg711_dial_344,4,8,"[0, 1]",46,Nandos is indeed in the south. The booking is successful with the reference number PCFFZ610. Do you need more help? Nandos is indeed in the south. The booking is successful with the reference number PCFFZ610. Do you need more help? Setting GPS now. Setting GPS now.,1
dialseg711_dial_001,12,23,"[2, 3, 4]",60,Fitzbillies restaurant at 51 Trumpington Street City Centre fits your request. Would you like me to book a table for you? Fitzbillies restaurant at 51 Trumpington Street City Centre fits your request. Would you like me to book a table for you? What is the address? What is the address? Is there rain on Sunday Is there rain on Sunday,0
dialseg711_dial_228,10,18,"[0, 1, 2]",78,"Sorry for the mix-up the full address for Addenbrookes Hospital is (including postcode): Hills Rd, Cambridge, CB20QQ and their number is 01223245151. Can I help with anything else? Sorry for the mix-up the full address for Addenbrookes Hospital is (including postcode): Hills Rd, Cambridge, CB20QQ and their number is 01223245151. Can I help with anything else? What is the address? What is the address? Okay and what will your destination be? Okay and what will your destination be?",1
dialseg711_dial_142,4,22,"[0, 2]",70,"TR6310 leaves Cambridge at 10:24 QM on Saturday. It costs 8.08 Pounds. Would you like me to book that for you? TR6310 leaves Cambridge at 10:24 QM on Saturday. It costs 8.08 Pounds. Would you like me to book that for you? Addenbrookes Hospital is located at Hills Rd, Cambridge. Do you need any more information? Addenbrookes Hospital is located at Hills Rd, Cambridge. Do you need any more information?",0
dialseg711_dial_186,2,20,"[0, 4]",30,Setting a reminder for the 1st to take medicine. Setting a reminder for the 1st to take medicine. should i book it for you? should i book it for you?,1
dialseg711_dial_680,8,18,"[1, 3]",40,What time would you like to get there? What time would you like to get there? Your conference is on Tuesday at 6 pm to onboard new members. Your conference is on Tuesday at 6 pm to onboard new members.,1
dialseg711_dial_683,1,15,"[0, 1, 3]",70,I am looking for a particular hotel. Its name is called cityroomz I am looking for a particular hotel. Its name is called cityroomz what time is my tennis activity? what time is my tennis activity? Who will be attending tennis with me on Wednesday? Who will be attending tennis with me on Wednesday? What is the date and time for tennis? What is the date and time for tennis?,0
dialseg711_dial_578,19,19,[4],32,I was just the victim of a robbery and I need to contact the police please! I was just the victim of a robbery and I need to contact the police please!,0
dialseg711_dial_068,9,35,"[1, 2, 4]",60,Is there a Yelp rating for the restaurant? Is there a Yelp rating for the restaurant? I will take the 14:34. Can you book that for 4 people and provide me with a reference number please? I will take the 14:34. Can you book that for 4 people and provide me with a reference number please? Yes please. Yes please.,0
dialseg711_dial_539,21,21,[3],26,"Ok, plot a route there using the quickest route and avoiding heavy traffic. Ok, plot a route there using the quickest route and avoiding heavy traffic.",0
dialseg711_dial_466,3,12,"[1, 2]",64,"is it cloudy in the next 7 days is it cloudy in the next 7 days I recommend the Kirkwood House. It is a guesthouse with 4 star ratings. The postcode is cb41da, and the address is 172 Chesterton Road. I recommend the Kirkwood House. It is a guesthouse with 4 star ratings. The postcode is cb41da, and the address is 172 Chesterton Road.",1
dialseg711_dial_180,15,15,[3],14,I'm looking for a moderately priced hotel. I'm looking for a moderately priced hotel.,0
dialseg711_dial_507,10,12,"[2, 3]",96,"It will only rain on Sunday in San Francisco next week. It will only rain on Sunday in San Francisco next week. Car I want pizza, please send me the address of any pizza restaurant nearby Car I want pizza, please send me the address of any pizza restaurant nearby The closest pizza spot i have listed is Pizza My Heart. It is 1 mile away and the address is 528 Anton Ct. The closest pizza spot i have listed is Pizza My Heart. It is 1 mile away and the address is 528 Anton Ct.",1
dialseg711_dial_679,29,40,"[3, 4]",54,I will need free wifi and parking. I will need free wifi and parking. I have reserved your table for 4. Your reference number is SSVF0E1R. Can I assist you with anything else today? I have reserved your table for 4. Your reference number is SSVF0E1R. Can I assist you with anything else today?,0
dialseg711_dial_054,1,20,"[0, 3]",46,I am looking for things to do in Cambridge. Can you tell me if there are any nightclubs? I am looking for things to do in Cambridge. Can you tell me if there are any nightclubs? Their contact number is 01223358966. Their contact number is 01223358966.,1
dialseg711_dial_548,1,24,"[0, 3, 4]",102,"What day is my optometrist appointment and with who? What day is my optometrist appointment and with who? Yes, worth house is a cheap four star guesthouse in the north area with free parking and internet. All our options for your other preferences have wifi. Would you like to reserve a room? Yes, worth house is a cheap four star guesthouse in the north area with free parking and internet. All our options for your other preferences have wifi. Would you like to reserve a room? There will not be frost in Manhattan tomorrow. There will not be frost in Manhattan tomorrow.",0
dialseg711_dial_614,1,16,"[0, 1, 2, 4]",106,"I'm looking for the Parkside Police Station please. I'm looking for the Parkside Police Station please. No, just the general number and address please. No, just the general number and address please. I really need to find a taxi, if you can help. I can't leave until after 7:00, though. I need to get to carolina bed and breakfast. I really need to find a taxi, if you can help. I can't leave until after 7:00, though. I need to get to carolina bed and breakfast. Do you have a preference for area or price range? Do you have a preference for area or price range?",0
dialseg711_dial_700,17,22,"[3, 4]",26,What is the address? What is the address? It will not be hot in Alhambra next week. It will not be hot in Alhambra next week.,0
dialseg711_dial_611,18,18,[4],28,Yes the Lensfield Hotel does have parking. Would you like me to book it? Yes the Lensfield Hotel does have parking. Would you like me to book it?,0
dialseg711_dial_523,2,9,"[0, 2]",34,It will be raining but not hailing in Los Angeles today. It will be raining but not hailing in Los Angeles today. Am looking for the Addenbrookes Hospital Am looking for the Addenbrookes Hospital,1
dialseg711_dial_053,3,3,[0],14,I actually need to leave after 05:30. I actually need to leave after 05:30.,0
dialseg711_dial_678,10,20,"[1, 3]",36,You are welcome. Can I assist with anything else today? You are welcome. Can I assist with anything else today? When would you like to book this for? When would you like to book this for?,1
dialseg711_dial_352,7,24,"[0, 1, 2, 3]",108,"Thanks so much, that's very helpful. Could I get the postcode as well, please? Thanks so much, that's very helpful. Could I get the postcode as well, please? Pizza Chicago is closer. Pizza Chicago is closer. I am at Ballare. I need a taxi to take me to Hobsons House. I am at Ballare. I need a taxi to take me to Hobsons House. There are 5 museums in the centre of town. All with free admission. My favorite is Castle Galleries on St. Andrews Street. There are 5 museums in the centre of town. All with free admission. My favorite is Castle Galleries on St. Andrews Street.",0
dialseg711_dial_335,7,7,[0],26,Thanks. Can you just confirm for me when I will arrive in Cambridge? Thanks. Can you just confirm for me when I will arrive in Cambridge?,0
dialseg711_dial_337,3,24,"[0, 3]",40,I'd like to leave after 19:30. I'd like to leave after 19:30. Isn't the local hospital called Addenbrookes Hospital? Isn't the local hospital called Addenbrookes Hospital? Can I be of any further assistance? Can I be of any further assistance?,1
dialseg711_dial_506,2,28,"[0, 3]",54,The closest chinese restaurant i have is located 1 mile away and the address is 593 Arrowhead Way. Need more info? The closest chinese restaurant i have is located 1 mile away and the address is 593 Arrowhead Way. Need more info? What city are you interested in? What city are you interested in?,1
dialseg711_dial_555,10,20,"[1, 3]",107,"Booked! You leave at 13:17, your reference number is 3WICPFQP, you will pay 141.6 at the station. Booked! You leave at 13:17, your reference number is 3WICPFQP, you will pay 141.6 at the station. There is a Safeway at 452 Arcadia Place, 5 miles away. Would you like directions there? There is a Safeway at 452 Arcadia Place, 5 miles away. Would you like directions there? Yes, please, pick a route to avoid all heavy traffic Yes, please, pick a route to avoid all heavy traffic I'm afraid the route to Safeway currently has heavy traffic, and it is the only grocery store in the area. Proceed?",1
dialseg711_dial_555,20,20,[3],21,"I'm afraid the route to Safeway currently has heavy traffic, and it is the only grocery store in the area. Proceed?",0
dialseg711_dial_411,9,19,"[1, 2]",36,"I need to leave after 20:15 I need to leave after 20:15 The first train after 20:15 is the TR2178, leaving at 20:34. The first train after 20:15 is the TR2178, leaving at 20:34. Boston. Boston.",0
dialseg711_dial_368,17,33,"[2, 4]",116,"I will be going to Jesus College from the Nirala. I will be going to Jesus College from the Nirala. Okay. A blue volvo is booked for you. Okay. A blue volvo is booked for you. I have 19 places to stay with 4 stars and parking, which area would you prefer? I have 19 places to stay with 4 stars and parking, which area would you prefer? How much per night? How much per night? OK, I don't need a room right now, but can I have the post code and phone number for Acorn? OK, I don't need a room right now, but can I have the post code and phone number for Acorn?",0
dialseg711_dial_209,1,18,"[0, 3]",44,"I am looking for nearby museums I am looking for nearby museums There are 23 museums to choose from, are you looking for one in a particular area? There are 23 museums to choose from, are you looking for one in a particular area?",0
dialseg711_dial_036,3,22,"[1, 4]",56,I need to find out the time and date for my tennis activity. I need to find out the time and date for my tennis activity. Here's the main hospital number as a backup: 01223245151. Do you have everything you need? Here's the main hospital number as a backup: 01223245151. Do you have everything you need?,0
dialseg711_dial_095,22,22,[3],54,"In Cleveland it will be rain on Monday, blizzard on Tuesday, raining on Wednesday, foggy on Thursday, overcast on Friday, cloudy on Saturday, lowest temperature on Sunday In Cleveland it will be rain on Monday, blizzard on Tuesday, raining on Wednesday, foggy on Thursday, overcast on Friday, cloudy on Saturday, lowest temperature on Sunday",0
dialseg711_dial_008,18,22,"[3, 4]",56,"Sure! The Parkside Police Station is located at Parkside, Cambridge and can be reached at 01223358966. Sure! The Parkside Police Station is located at Parkside, Cambridge and can be reached at 01223358966. Travel time is 51 minutes. What time were you hoping to leave? Travel time is 51 minutes. What time were you hoping to leave?",1
dialseg711_dial_073,7,23,"[0, 1, 2, 3]",100,"I'd like to take the train that arrives closest to bishops stortford at 11:30. I'd like to take the train that arrives closest to bishops stortford at 11:30. I would like to book a Taxi to Junction, leaving after 02:45 I would like to book a Taxi to Junction, leaving after 02:45 The phone number for the police is 01223358966, they are located in postcode CBV11JG. Best of luck to you. The phone number for the police is 01223358966, they are located in postcode CBV11JG. Best of luck to you. What is the exact address? What is the exact address?",0
dialseg711_dial_598,6,27,"[0, 1, 3, 4]",125,"Ok have a safe trip. Ok have a safe trip. The Curry Queen is located at 5 Jordans Yard Bridge Street City Centre, and the postcode is cb21ug, would you like me to book this restaurant? The Curry Queen is located at 5 Jordans Yard Bridge Street City Centre, and the postcode is cb21ug, would you like me to book this restaurant? I am looking for a restaurant in the centre of town serving italian food. I am looking for a restaurant in the centre of town serving italian food. That sounds good enough. What's the address there? That sounds good enough. What's the address there? I don't have a preferred price. I'm looking for any sort of guesthouse there and absolutely require wifi access.",1
dialseg711_dial_598,27,29,[4],45,"I don't have a preferred price. I'm looking for any sort of guesthouse there and absolutely require wifi access. Yes, please book it for 5 people and 3 nights, starting from Monday. Yes, please book it for 5 people and 3 nights, starting from Monday.",0
dialseg711_dial_208,7,12,"[1, 2]",74,I'd like to book for 1 person at 1145 on thursday please I'd like to book for 1 person at 1145 on thursday please Booking was successful. The table will be reserved for 15 minutes. Reference number is : PJ7X1NHS. Booking was successful. The table will be reserved for 15 minutes. Reference number is : PJ7X1NHS. You can contact the Parkside police station at 01223358966. You can contact the Parkside police station at 01223358966.,1
dialseg711_dial_065,15,21,"[3, 4]",46,There are two grocery stores near you. Would you like Safeway or Whole Foods? There are two grocery stores near you. Would you like Safeway or Whole Foods? The forecast shows clear skies in Cleveland on Friday. The forecast shows clear skies in Cleveland on Friday.,0
dialseg711_dial_688,3,14,"[0, 1]",118,"I'm sorry I need to find the information for Parkside Police Station. I'm sorry I need to find the information for Parkside Police Station. How about the Alexander bed and breakfast in the centre? It is a cheap 4 star guesthouse with free internet and wifi. How about the Alexander bed and breakfast in the centre? It is a cheap 4 star guesthouse with free internet and wifi. The alexander bed and breakfast is a cheap, 4 star guesthouse in the centre area, It has wifi and parking. Does this fit your needs? The alexander bed and breakfast is a cheap, 4 star guesthouse in the centre area, It has wifi and parking. Does this fit your needs?",1
dialseg711_dial_688,25,25,[3],28,"Are there any moderately priced hotels that don't have free parking, but have wifi? Are there any moderately priced hotels that don't have free parking, but have wifi?",0
dialseg711_dial_317,7,21,"[1, 2, 4]",120,"what is their phone number? what is their phone number? I am looking for a train to Cambridge. I am looking for a train to Cambridge. What time do you want to leave? What time do you want to leave? I'd love to help! Where are you departing from? I'd love to help! Where are you departing from? I don't need to book a seat, I just needed the train ID. I don't need to book a seat, I just needed the train ID. Are there any 3-star hotels, guesthouses, or B&B's that have wifi that you don't have to pay for? Are there any 3-star hotels, guesthouses, or B&B's that have wifi that you don't have to pay for?",0
dialseg711_dial_317,24,24,[4],40,I have found the Hamilton Lodge. It is a guesthouse in the north. Would you like more information about it? I have found the Hamilton Lodge. It is a guesthouse in the north. Would you like more information about it?,0
dialseg711_dial_600,13,15,"[1, 2]",36,"Yes, could you help me find the Parkside Police Station please? Yes, could you help me find the Parkside Police Station please? I am looking to eat at Rajmahal. I am looking to eat at Rajmahal.",0
dialseg711_dial_197,11,28,"[1, 3, 4]",76,3 00 will be best pick up time thank you 3 00 will be best pick up time thank you That's all I needed help with today. Thanks! That's all I needed help with today. Thanks! Is there anything else I can help you with? Is there anything else I can help you with? Charlie Chan is a great choice! would you like a reservation/ Charlie Chan is a great choice! would you like a reservation/,1
dialseg711_dial_307,9,20,"[1, 2]",62,"I'm looking for a sports facility in the town centre. I'm looking for a sports facility in the town centre. The number there is 01223324222. Anything else? The number there is 01223324222. Anything else? What city are you inquiring about? What city are you inquiring about? No, frost is not predicted in Exeter today. No, frost is not predicted in Exeter today.",1
dialseg711_dial_576,10,10,[2],22,We are happy to help. Thank you for using our service. We are happy to help. Thank you for using our service.,1
dialseg711_dial_662,6,22,"[1, 3, 4]",118,"It is not, but The Cow Pizza Kitchen and Bar is a gastropub in the center of town, and it is a moderate price range. Would you like to book it? It is not, but The Cow Pizza Kitchen and Bar is a gastropub in the center of town, and it is a moderate price range. Would you like to book it? Ok, there doesn't appear to be any trains leaving then. Could you leave later? Ok, there doesn't appear to be any trains leaving then. Could you leave later? I'm sorry I have nothing listed matching your criteria. What about just Indian food? I'm sorry I have nothing listed matching your criteria. What about just Indian food?",0
dialseg711_dial_662,24,27,[4],36,"You have your choice of Meze bar, Anatolia, or Efes Restaurant. You have your choice of Meze bar, Anatolia, or Efes Restaurant. Thank you very much for your help! Thank you very much for your help!",0
dialseg711_dial_494,6,16,"[1, 3]",42,"Can you let me know where you are going to? Can you let me know where you are going to? Thanks. May I have the contact number for the Volvo, please? Thanks. May I have the contact number for the Volvo, please?",0
dialseg711_dial_502,8,27,"[1, 2, 4]",78,There are many options available. Is there a certain time you would like to leave? There are many options available. Is there a certain time you would like to leave? I'm looking for an Italian restaurant in the east. I'm looking for an Italian restaurant in the east. I'd like a restuarant in the north with expensive food. I'd like a restuarant in the north with expensive food. How about Monday at 19:15. How about Monday at 19:15.,0
dialseg711_dial_278,3,31,"[0, 1, 3, 4]",106,"Yes, I would like the taxi to arrive by 19:30. In addition, I would like the car type and its contact number. Yes, I would like the taxi to arrive by 19:30. In addition, I would like the car type and its contact number. Can I also get the postcode and phone number? Can I also get the postcode and phone number? I think acorn guest house is a good match for you! I think acorn guest house is a good match for you! is it going to snow in the next 7 days is it going to snow in the next 7 days Boston Boston",0
dialseg711_dial_361,10,21,"[1, 2, 3, 4]",82,"Can I help you with anything else? Can I help you with anything else? what's the forecast for today what's the forecast for today Yes, there are 21 guesthouses with free parking. Is there an area of town or price range that you prefer? Yes, there are 21 guesthouses with free parking. Is there an area of town or price range that you prefer? Can you tell me when my swimming activity is? Can you tell me when my swimming activity is?",1
dialseg711_dial_350,3,16,"[0, 1, 2]",52,"I am planning to travel on Thursday. I am planning to travel on Thursday. Yes, what is the address? Yes, what is the address? Yes it is. Would you like me to make a reservation for you there? Yes it is. Would you like me to make a reservation for you there?",0
dialseg711_dial_035,13,27,"[1, 3]",116,"I would like to find an Italian restaurant open for dinner? I would like to find an Italian restaurant open for dinner? There are multiple trains available. By what time do you need to depart or arrive? There are multiple trains available. By what time do you need to depart or arrive? All done. You have 1 ticket on TR4204, Your reference number is 834POXTX. Can I do anything else for you? All done. You have 1 ticket on TR4204, Your reference number is 834POXTX. Can I do anything else for you? The train should go to stansted airport and should arrive by 21:30. The train should go to stansted airport and should arrive by 21:30.",1
dialseg711_dial_035,28,28,[3],20,What day of the week are you looking at traveling? What day of the week are you looking at traveling?,0
dialseg711_dial_210,5,23,"[1, 3, 4]",60,"Which is closer? Which is closer? There are two options available, which would you prefer cheap or expensive? There are two options available, which would you prefer cheap or expensive? I want a taxi to saint barnabas press gallery I want a taxi to saint barnabas press gallery Do you have a contact number? Do you have a contact number?",0
dialseg711_dial_132,5,5,[0],14,I will be leaving from pembroke college. I will be leaving from pembroke college.,0
dialseg711_dial_010,7,12,"[0, 1]",68,"no, but could you please give me the address and the phone number? no, but could you please give me the address and the phone number? The hotel should include free wifi The hotel should include free wifi There are twelve options fitting your description, sir. What price range are you interested in? There are twelve options fitting your description, sir. What price range are you interested in?",0
dialseg711_dial_640,1,20,"[0, 1, 2, 4]",76,"Hi, I'd like to find a museum please. Hi, I'd like to find a museum please. Alright - you are booked, reference number is 4GHAH1TC. Alright - you are booked, reference number is 4GHAH1TC. What time would you like to leave, and what time do you want to arrive by? What time would you like to leave, and what time do you want to arrive by? Hello! Where is the destination? Hello! Where is the destination?",1
dialseg711_dial_371,9,23,"[1, 4]",40,"Yes, it is perfect. Thank you Yes, it is perfect. Thank you I am looking for a high end Indian restaurant, are there any in town? I am looking for a high end Indian restaurant, are there any in town?",0
dialseg711_dial_239,14,20,[2],60,"Sure, where are you departing from and what day? Sure, where are you departing from and what day? The price is 17.90 pounds. The train leaves at 15:32 making the travel time one hour exactly. Is there anything else? The price is 17.90 pounds. The train leaves at 15:32 making the travel time one hour exactly. Is there anything else?",0
dialseg711_dial_445,7,16,"[1, 2, 3]",56,Is this a hotel or a guesthouse? Is this a hotel or a guesthouse? There are several hospitals in the area what department do you want? There are several hospitals in the area what department do you want? Booked a blue honda. Your contact number is 07886967603. Booked a blue honda. Your contact number is 07886967603.,1
dialseg711_dial_393,21,26,"[2, 3]",44,Where is the nearest chinese restaurant? Where is the nearest chinese restaurant? I can certainly help you find something. Do you have a type of attraction in mind? I can certainly help you find something. Do you have a type of attraction in mind?,0
dialseg711_dial_710,14,23,"[2, 3]",82,I am unable to book a restaurant at that time on Thursday. Is there another day or time slot I can check for you? I am unable to book a restaurant at that time on Thursday. Is there another day or time slot I can check for you? I want to arrive by 02:30. I want to arrive by 02:30. I'm sorry for the mixup. I want to leave after 01:30. I'm sorry for the mixup. I want to leave after 01:30.,0
dialseg711_dial_024,7,19,"[1, 2]",110,"Thanks! I really don't care about the area. I need stay in a guesthouse that has free wifi and parking. Thanks! I really don't care about the area. I need stay in a guesthouse that has free wifi and parking. I don't mind about the price but I want something with 4 stars . I don't mind about the price but I want something with 4 stars . Yes, I would prefer an expensive one please. Yes, I would prefer an expensive one please. No, not yet, thanks. Could you give me the address/postcode for Peking Restaurant? No, not yet, thanks. Could you give me the address/postcode for Peking Restaurant?",0
dialseg711_dial_024,20,30,"[2, 3]",64,The address for peking restaurant is 10 homerton street city centre and its postcode is cb28nx. The address for peking restaurant is 10 homerton street city centre and its postcode is cb28nx. Can I have the address for Hamilton Lodge? Can I have the address for Hamilton Lodge? It is in the North part of town. It is in the North part of town.,1
dialseg711_dial_695,1,20,"[0, 3, 4]",112,"get me directions to the nearest coffee shop get me directions to the nearest coffee shop The address and postcode are: 1-6 corn exchange street, cb23qf. Will that be all for you today? The address and postcode are: 1-6 corn exchange street, cb23qf. Will that be all for you today? Okay, I have 14 trains on that route leaving hourly on the :16 from 10:16 to 23:16. TR0667 leaves at 10:16, arrives at 11:35, with a total duration of 79 minutes. Okay, I have 14 trains on that route leaving hourly on the :16 from 10:16 to 23:16. TR0667 leaves at 10:16, arrives at 11:35, with a total duration of 79 minutes.",1
dialseg711_dial_309,7,22,"[1, 3]",98,"am looking for a train it should arrive by 18:30 and should go to peterborough am looking for a train it should arrive by 18:30 and should go to peterborough TR8293 arrives at 17:56 and TR2913 arrives at 18:24. Would you like me to book tickets on one of them? TR8293 arrives at 17:56 and TR2913 arrives at 18:24. Would you like me to book tickets on one of them? Here is the information for Parkside Police Station Telephone:01223358966 Address :Parkside, Cambridge Postcode :CB11JG Here is the information for Parkside Police Station Telephone:01223358966 Address :Parkside, Cambridge Postcode :CB11JG",0
dialseg711_dial_489,1,22,"[0, 3, 4]",100,I am looking for a theatre to visit. Would you have any suggestions? I am looking for a theatre to visit. Would you have any suggestions? There is a restaurant called Kohinoor that serves cheap Indian food in the centre area. Would you like to book a reservation? There is a restaurant called Kohinoor that serves cheap Indian food in the centre area. Would you like to book a reservation? I can help with that! What time do you need to leave or arrive by? I can help with that! What time do you need to leave or arrive by?,0
dialseg711_dial_214,13,34,"[1, 3, 4]",46,"That's all, thank you for your help That's all, thank you for your help What about a 4-star place? What about a 4-star place? You're welcome! Is there anything else I can help you with? You're welcome! Is there anything else I can help you with?",0
dialseg711_dial_259,5,31,"[0, 2, 3]",124,"How about a hotel in the cheap price range? How about a hotel in the cheap price range? Hello. I'm looking for a place to go in the centre of town. Hello. I'm looking for a place to go in the centre of town. The phone number for all saints church is 01223452587. The phone number for all saints church is 01223452587. I'm afraid that wont work. Can we try a different day or shorter length of stay? I'm afraid that wont work. Can we try a different day or shorter length of stay? Yeah, how about for one day? Please get me the reference number if that works Yeah, how about for one day? Please get me the reference number if that works",1
dialseg711_dial_602,3,6,[1],70,"I'm looking for a place to dine. The restaurant should serve indian food and should be in the centre. I'm looking for a place to dine. The restaurant should serve indian food and should be in the centre. I have several places, would you like me to try to book you into Curry Garden? I have several places, would you like me to try to book you into Curry Garden?",0
dialseg711_dial_091,4,11,"[0, 1]",118,"Might I suggest train TR6595 leaving Cambridge at 19:00 and arriving at London Kings Cross at 19:51. Would that work for you? Might I suggest train TR6595 leaving Cambridge at 19:00 and arriving at London Kings Cross at 19:51. Would that work for you? Okay, I went ahead and reserved your ticket for Train ID TR6595. The cost will be 23.6 GBP payable at the station, and your reference number is GKTT3OTZ. Okay, I went ahead and reserved your ticket for Train ID TR6595. The cost will be 23.6 GBP payable at the station, and your reference number is GKTT3OTZ. Actually, can you please give me the phone number? Actually, can you please give me the phone number?",1
dialseg711_dial_091,12,31,"[1, 3]",60,"Their general number is 01223245151. Do you need anything else? Their general number is 01223245151. Do you need anything else? They are at Hills Rd, Cambridge, CB20QQ. They are at Hills Rd, Cambridge, CB20QQ. Do you need any further assistance? Do you need any further assistance? Yes I want to arrive at 20:45 Yes I want to arrive at 20:45",1
dialseg711_dial_424,2,9,"[0, 1]",22,What city are you inquiring about? What city are you inquiring about? Does it include free wifi? Does it include free wifi?,0
dialseg711_dial_178,4,17,"[0, 1, 2]",122,"Addenbrookes Hospital is at Hills Rd, Cambridge, Postcode CB20QQ. The phone number is 01223245151. Is there a specific department you would like to contact? Addenbrookes Hospital is at Hills Rd, Cambridge, Postcode CB20QQ. The phone number is 01223245151. Is there a specific department you would like to contact? Yes, departing from Cambride going to London Kings cross. Yes, departing from Cambride going to London Kings cross. Booking was successful, the total fee is 18.88 GBP payable at the station . Reference number is : VJGOO2N8. Booking was successful, the total fee is 18.88 GBP payable at the station . Reference number is : VJGOO2N8. I'm sorry. First I need to find a hospital. I'm sorry. First I need to find a hospital.",1
dialseg711_dial_178,20,24,[2],78,"The Postcode for Addenbrookes Hospital is CB20QQ. Can I help with anything else? The Postcode for Addenbrookes Hospital is CB20QQ. Can I help with anything else? Pardon me for saying so, but you sound somewhat confused. Would you like me to contact the police to assist you in getting to the hospital? Pardon me for saying so, but you sound somewhat confused. Would you like me to contact the police to assist you in getting to the hospital?",0
dialseg711_dial_510,8,8,[1],36,"The main phone number for the hospital is 01223245151. The address and postcode is Hills Rd, Cambridge, CB20QQ. The main phone number for the hospital is 01223245151. The address and postcode is Hills Rd, Cambridge, CB20QQ.",1
dialseg711_dial_243,3,17,"[0, 3]",42,Surprise me. I just need a table for 6 at 12:00 on Thursday. Surprise me. I just need a table for 6 at 12:00 on Thursday. I need to go to broughton house gallery. I need to go to broughton house gallery.,0
dialseg711_dial_105,3,20,"[0, 2]",102,"I ant a place with a rating of at least 4 stars, a guesthouse, in the east, and I don't need free parking. I ant a place with a rating of at least 4 stars, a guesthouse, in the east, and I don't need free parking. Perfect! Let's book it for two nights starting Saturday. There are five people in my party. I will also need the reference number. Perfect! Let's book it for two nights starting Saturday. There are five people in my party. I will also need the reference number. Thank you Thank you You are welcome You are welcome",1
dialseg711_dial_498,4,4,[1],32,"I have 133 trains that match that criteria, do you have an arrival time in mind? I have 133 trains that match that criteria, do you have an arrival time in mind?",0
dialseg711_dial_518,6,7,"[1, 2]",48,"The nearest station is: located at Parkside, Cambridge, postcode, CB11JG. Phone number is 01223358966. The nearest station is: located at Parkside, Cambridge, postcode, CB11JG. Phone number is 01223358966. I need a taxi to go to mahal of cambridge I need a taxi to go to mahal of cambridge",1
dialseg711_dial_497,25,25,[3],28,Would you happen to know if there is a swimming pool in the north? Would you happen to know if there is a swimming pool in the north?,0
dialseg711_dial_182,23,24,[3],32,"Ok great, thanks for the help. Ok great, thanks for the help. You are quite welcome. Do you need any further assistance? You are quite welcome. Do you need any further assistance?",1
dialseg711_dial_693,6,22,"[1, 2, 4]",46,Would you prefer Indian or Italian food? Would you prefer Indian or Italian food? And what time should I schedule it for? And what time should I schedule it for? Sure. What time would you like to depart? Sure. What time would you like to depart?,1
dialseg711_dial_385,14,22,"[3, 4]",32,I'd like a 2 star hotel with free parking. I'd like a 2 star hotel with free parking. I need to leave Saturday after 17:00. I need to leave Saturday after 17:00.,0
dialseg711_dial_496,31,32,[4],78,"I'd like to go from Norwich to Cambridge, please. I'd like to go from Norwich to Cambridge, please. There are 2 trains leaving on Sunday. One leaves at 22:16 and arrives at 23:35 and the other leaves at 23:16 and arrives at 24:35. Do either of these work? There are 2 trains leaving on Sunday. One leaves at 22:16 and arrives at 23:35 and the other leaves at 23:16 and arrives at 24:35. Do either of these work?",0
dialseg711_dial_118,25,25,[4],14,Can you give me their address too? Can you give me their address too?,0
dialseg711_dial_034,3,38,"[0, 1, 4]",112,"I'm headed to Cambridge on Tuesday. I'm headed to Cambridge on Tuesday. Train TR7307 leaves Peterborough at 12:48 Tuesday, and will arrive at Cambridge by 13:38. Would you like me to book it for you? Train TR7307 leaves Peterborough at 12:48 Tuesday, and will arrive at Cambridge by 13:38. Would you like me to book it for you? Ok, what is your destination? Ok, what is your destination? I need to arrive by 19:30 I need to arrive by 19:30 TR1681 will be departing london kings cross at 19:17, would you like to reserve a seat? TR1681 will be departing london kings cross at 19:17, would you like to reserve a seat?",0
dialseg711_dial_034,39,39,[4],34,"Yes, thank you. Can you book it for 3 people and provide the reference number for me? Yes, thank you. Can you book it for 3 people and provide the reference number for me?",0
dialseg711_dial_161,18,18,[3],18,"Probably the emergency department, the phone number is 01223217118. Probably the emergency department, the phone number is 01223217118.",0
dialseg711_dial_165,5,5,[1],20,I am looking for a museum in the town centre. I am looking for a museum in the town centre.,0
dialseg711_dial_366,20,26,"[2, 4]",78,Booking was successful. Reference number is : JAKCI7JO. Is there anything else we can help you with today? Booking was successful. Reference number is : JAKCI7JO. Is there anything else we can help you with today? Booking completed. Please look out for a grey BMW! Contact number is 07914917823. Is there anything else I can help with? Booking completed. Please look out for a grey BMW! Contact number is 07914917823. Is there anything else I can help with?,1
dialseg711_dial_249,6,10,[1],122,"Is there a particular price range that you would prefer? Is there a particular price range that you would prefer? We have two such restarants, de luca cucina and bar on Regent Street, and riverside brasserie on Mill Lane. Do you have a preference? We have two such restarants, de luca cucina and bar on Regent Street, and riverside brasserie on Mill Lane. Do you have a preference? Can you book 2 people at 19:30 on friday for Riverside brasserie. Can I get a reference number? Thank you. Can you book 2 people at 19:30 on friday for Riverside brasserie. Can I get a reference number? Thank you. Sure thing, your reservation number is 3BADCF9I. Anything else I can help with today?",1
dialseg711_dial_249,10,11,"[1, 2]",38,"Sure thing, your reservation number is 3BADCF9I. Anything else I can help with today? I need a parking garage that is in the 2 mile range. I need a parking garage that is in the 2 mile range.",1
dialseg711_dial_099,8,30,"[0, 1, 2, 4]",86,The travel time for that train will be 28 minutes. The travel time for that train will be 28 minutes. Can I find a chinese restaurant? Can I find a chinese restaurant? What city do you want to hear today and tomorrow's weather for? What city do you want to hear today and tomorrow's weather for? Sure. There phone number is 01223866800. Would you like me to book it for you? Sure. There phone number is 01223866800. Would you like me to book it for you?,0
dialseg711_dial_446,2,21,"[0, 1, 3, 4]",106,"Setting a reminder for yoga with Marie on the 5th of this month at 4 pm. Setting a reminder for yoga with Marie on the 5th of this month at 4 pm. The Bridge Guest House is rated 3 stars, and has free wifi and parking. Before I can make a reservation, I need to know how many nights you will be staying. The Bridge Guest House is rated 3 stars, and has free wifi and parking. Before I can make a reservation, I need to know how many nights you will be staying. you are very welcome you are very welcome Schedule conference. Schedule conference.",1
dialseg711_dial_224,12,29,"[2, 3]",62,"Then, that narrows down to 3 hotels in the centre of town. Do you prefer expensive or moderate price range? Then, that narrows down to 3 hotels in the centre of town. Do you prefer expensive or moderate price range? Can you tell me what the entrance fee is for those? Can you tell me what the entrance fee is for those?",0
dialseg711_dial_136,6,13,"[0, 3]",60,TR3447 leaves Kings Lynn at 09:11 and arrives at 09:58 with a travel time of 47 minutes. The price is 9.80 pounds. TR3447 leaves Kings Lynn at 09:11 and arrives at 09:58 with a travel time of 47 minutes. The price is 9.80 pounds. I think Chinese may have caught my attention. I think Chinese may have caught my attention.,1
dialseg711_dial_460,40,40,[4],20,Booking was successful! Can I get anything else for you? Booking was successful! Can I get anything else for you?,0
dialseg711_dial_237,2,4,[0],32,When would you like to leave by? When would you like to leave by? 07821922219 is the number for your Blue ford taxi. 07821922219 is the number for your Blue ford taxi.,1
dialseg711_dial_463,5,22,"[0, 2, 4]",98,"No I don't need those things, could you give me the address of one that you recommend? No I don't need those things, could you give me the address of one that you recommend? Hi, I just had a fight with someone regarding an automobile accident we had and I need to contact the police! Hi, I just had a fight with someone regarding an automobile accident we had and I need to contact the police! The forecast does not call for drizzle in brentwood this sunday The forecast does not call for drizzle in brentwood this sunday",0
dialseg711_dial_233,18,26,"[3, 4]",100,"I will need a pickup location first I will need a pickup location first Great! I was able to book a white Lexus for you. Great! I was able to book a white Lexus for you. l am looking for a restaurant. The restaurant should serve gastropub food and should be in the center. l am looking for a restaurant. The restaurant should serve gastropub food and should be in the center. Okay, there's the backstreet bistro and the slug and lettuce. I recommend backstreet bistro. Okay, there's the backstreet bistro and the slug and lettuce. I recommend backstreet bistro.",0
dialseg711_dial_284,5,26,"[0, 4]",76,"That will be fine, thank you very much. That will be fine, thank you very much. I would like to leave from Stevenage on Thursday and get to cambridge by 9:15. I would like to leave from Stevenage on Thursday and get to cambridge by 9:15. There is a train departing Stevenage at 7:54 Thursday, and arriving in Cambridge at 8:53. There is a train departing Stevenage at 7:54 Thursday, and arriving in Cambridge at 8:53.",0
dialseg711_dial_303,2,14,"[0, 2]",50,"What time do you need to leave or arrive? What time do you need to leave or arrive? I am looking for the address of the Parkside Police Station. I am looking for the address of the Parkside Police Station. The address is Parkside, Cambridge. The address is Parkside, Cambridge.",0
dialseg711_dial_270,11,28,"[1, 3]",32,"no, that's it for today no, that's it for today TR941 leaves at 9:01 would you like me to book it? TR941 leaves at 9:01 would you like me to book it?",0
dialseg711_dial_275,10,22,"[1, 3]",112,"I have a train that departs at 17:54 and meets your criteria. Would you like me to book it for you? I have a train that departs at 17:54 and meets your criteria. Would you like me to book it for you? Could you help me find Cityroomz, please? Could you help me find Cityroomz, please? I was able to book Cityroomz for you on Saturday for 4 night, 7 people. Your reference number is 5B7M73DK. Is there anything else I can help with? I was able to book Cityroomz for you on Saturday for 4 night, 7 people. Your reference number is 5B7M73DK. Is there anything else I can help with?",1
dialseg711_dial_571,11,23,"[1, 2, 4]",72,Find out the parties that are attending my football activity. Also find the time. Find out the parties that are attending my football activity. Also find the time. There is no dew forecast for Menlo Park this week. There is no dew forecast for Menlo Park this week. Will you please book a table for 6 at 13:45 on Friday? Will you please book a table for 6 at 13:45 on Friday?,1
dialseg711_dial_414,1,1,[0],20,I need a taxi to arrive by 13:15 to primavera I need a taxi to arrive by 13:15 to primavera,0
dialseg711_dial_256,5,23,"[0, 2]",84,Could you find out if either is available for 4 people for 4 nights starting on Tuesday? I have no preference which one you pick. Could you find out if either is available for 4 people for 4 nights starting on Tuesday? I have no preference which one you pick. Sure you need a restaurant? in what part of town and what cuisine? Sure you need a restaurant? in what part of town and what cuisine? How about the center? How about the center?,0
dialseg711_dial_447,22,30,[3],88,"Booking was not successful. Perhaps another day or shorter stay? Booking was not successful. Perhaps another day or shorter stay? five nights starting monday would do better five nights starting monday would do better Sorry, it was not successful. Can I check another hotel or shorten the stay? Sorry, it was not successful. Can I check another hotel or shorten the stay? Thank you for using our services. Can I assist you with anything else? Thank you for using our services. Can I assist you with anything else?",1
dialseg711_dial_649,7,14,"[1, 3]",20,Find me a parking garage around me. Find me a parking garage around me. meeting at 3pm meeting at 3pm,1
dialseg711_dial_468,1,19,"[0, 2, 3]",78,I am looking for a police station in Parkside I am looking for a police station in Parkside Where are the rest stops near me? Where are the rest stops near me? That is only 3 miles away with moderate traffic. That is only 3 miles away with moderate traffic. what is the current temperature what is the current temperature I want to know the temperature in San Jose. I want to know the temperature in San Jose.,0
dialseg711_dial_594,18,19,[3],26,Where will you leave from? Where will you leave from? I'm leaving from birmingham new street train station. I'm leaving from birmingham new street train station.,0
dialseg711_dial_059,9,19,"[1, 3]",98,"Can you give me some additional information on the Asian Oriental one? Can you give me some additional information on the Asian Oriental one? Sure, it's called Saigon City, and it's located at 169 High Street Chesterton Chesterton, cb41nl. Their phone number is 01223356555. Can I be of further assistance today? Sure, it's called Saigon City, and it's located at 169 High Street Chesterton Chesterton, cb41nl. Their phone number is 01223356555. Can I be of further assistance today? Can you tell me the arrival time of that train? Can you tell me the arrival time of that train?",0
dialseg711_dial_620,3,28,"[1, 2, 3]",116,"I am looking for a restaurant in the centre of town in the cheap price range. I am looking for a restaurant in the centre of town in the cheap price range. The address is Hills Rd, Cambridge, Postcode:CB20QQ. The address is Hills Rd, Cambridge, Postcode:CB20QQ. You're welcome. Is there anything else I can help you with today? You're welcome. Is there anything else I can help you with today? I was able to book the table for you for your party of 2 on Sunday at 17:15. The reference number is Z16ZTXKY. I was able to book the table for you for your party of 2 on Sunday at 17:15. The reference number is Z16ZTXKY.",1
dialseg711_dial_620,31,31,[4],32,I need to leave on thursday after 16:30. Can you provide me with the train ID? I need to leave on thursday after 16:30. Can you provide me with the train ID?,0
dialseg711_dial_106,18,18,[3],30,The route to your home has heavy traffic and there is currently no alternative routes. The route to your home has heavy traffic and there is currently no alternative routes.,1
dialseg711_dial_613,9,27,"[1, 4]",40,iam looking for something asian oriental and not so expensive restaurant. iam looking for something asian oriental and not so expensive restaurant. No thank you!! Thank you for all your help. No thank you!! Thank you for all your help.,0
dialseg711_dial_314,7,23,"[0, 1, 4]",82,"Thank you, what is the contact number? Thank you, what is the contact number? I found the Leverton House which meets your requirements. It is in the east at 732-734 newmarket road. Do you need a reservation? I found the Leverton House which meets your requirements. It is in the east at 732-734 newmarket road. Do you need a reservation? Sounds interesting. Can I get the entrance fee and postcode info? Sounds interesting. Can I get the entrance fee and postcode info?",1
dialseg711_dial_455,7,12,[1],42,I'm looking for a train going to cambridge please. I'm looking for a train going to cambridge please. Is there a certain time of day you would like to travel? Is there a certain time of day you would like to travel?,0
dialseg711_dial_631,3,27,"[0, 3]",52,"Please send me its address on screen and pick a route with no traffic, thank you! Please send me its address on screen and pick a route with no traffic, thank you! Yes I need to arrive in Cambridge by 12:30 please. Yes I need to arrive in Cambridge by 12:30 please.",0
dialseg711_dial_540,10,22,"[0, 2]",54,"As mentioned before the train number is TR6334, you did ask me to book. One more time, what exactly did you need? As mentioned before the train number is TR6334, you did ask me to book. One more time, what exactly did you need? The train ID is TR2025. The train ID is TR2025.",0
dialseg711_dial_587,10,10,[2],4,You're welcome. You're welcome.,1
dialseg711_dial_372,1,20,"[0, 3]",98,Could you help me find a place to go? I'd like to find some architecture. Could you help me find a place to go? I'd like to find some architecture. Old Schools is a great place for architecture. It's free to get in. It's located on Trinity Lane and their postcode is cb21tt. Old Schools is a great place for architecture. It's free to get in. It's located on Trinity Lane and their postcode is cb21tt. Do you want to arrive or leave at a certain time? Do you want to arrive or leave at a certain time?,0
dialseg711_dial_402,10,15,[1],68,I have found many restaurants with the criteria you gave me offering different kinds of food. Do you have a preference for type of food? I have found many restaurants with the criteria you gave me offering different kinds of food. Do you have a preference for type of food? Sure. What is their phone number and address there Sure. What is their phone number and address there,0
dialseg711_dial_573,5,29,"[1, 4]",76,"hello can i find a place that serves chinese food and has expensive price range for my family hello can i find a place that serves chinese food and has expensive price range for my family I was unable to book there, shall i try another time or place? I was unable to book there, shall i try another time or place? I need to leave after 20:00 please. I need to leave after 20:00 please.",0
dialseg711_dial_546,3,9,"[0, 1]",40,"OK, please direct me there via a route with no traffic. OK, please direct me there via a route with no traffic. What type of car is it going to be? What type of car is it going to be?",0
dialseg711_dial_144,14,29,"[0, 1, 2]",102,"Sure, it is at 156 chesterton road. Do you need any other information today? Sure, it is at 156 chesterton road. Do you need any other information today? Yes, please pick a route with no traffic Yes, please pick a route with no traffic I am looking for a place to stay. The hotel doesn't need to have free parking and should be in the north I am looking for a place to stay. The hotel doesn't need to have free parking and should be in the north Thanks! May I have the reference number? Thanks! May I have the reference number?",1
dialseg711_dial_115,8,24,"[1, 2, 3]",72,"Are you looking for a room, or another type of service? Are you looking for a room, or another type of service? Alright, can you try for just one night? Alright, can you try for just one night? It is an expensive British restaurant on the west side of town. Would you like the address? It is an expensive British restaurant on the west side of town. Would you like the address?",1
dialseg711_dial_310,1,10,"[0, 2]",64,"Please give me the address and quickest route details for a parking garage nearby. Please give me the address and quickest route details for a parking garage nearby. Sure, there are 4 places like that. Do you have a preference for lodging type or price range? Sure, there are 4 places like that. Do you have a preference for lodging type or price range?",0
dialseg711_dial_343,12,35,"[1, 3, 4]",122,"The postcode is cb58rs. Can I help you with anything else today? The postcode is cb58rs. Can I help you with anything else today? I cannot see the price but it does say it is cheap. Their address is 41 Warkworth Street. Would you like me to book it of you? I cannot see the price but it does say it is cheap. Their address is 41 Warkworth Street. Would you like me to book it of you? Yes, could you tell me the name of the lodging that you mentioned, please? Yes, could you tell me the name of the lodging that you mentioned, please? What is the address of the local hospital? What is the address of the local hospital?",0
dialseg711_dial_476,5,5,[0],10,What is the entrance fee? What is the entrance fee?,0
dialseg711_dial_245,1,11,"[0, 1, 2]",60,i am looking for the Addenbrookes Hospital with itermediate deoendancy area department i am looking for the Addenbrookes Hospital with itermediate deoendancy area department What's the 7 day forecast in Brentwood? What's the 7 day forecast in Brentwood? on my calendar set a time for tennis at 12 pm on my calendar set a time for tennis at 12 pm,0
dialseg711_dial_690,8,14,"[0, 1]",100,"I made you a reservation at Nando's south, at 14:30 on Monday. The reference number is HB047XSI. They'll hold the table for 15 minutes. Do you need anything else? I made you a reservation at Nando's south, at 14:30 on Monday. The reference number is HB047XSI. They'll hold the table for 15 minutes. Do you need anything else? Alright. I have a black tesla for you and the contact number is 07403696873. Is there anything else you need today? Alright. I have a black tesla for you and the contact number is 07403696873. Is there anything else you need today?",1
dialseg711_dial_248,16,23,"[1, 2, 3]",110,"Tom's house is located at 580 Van Ness Ave. Tom's house is located at 580 Van Ness Ave. I am looking for a train. The train should arrive by 14:45 and should leave on Saturday. I am looking for a train. The train should arrive by 14:45 and should leave on Saturday. I would like to leave Cambridge and go to London Liver Pool. I would like to leave Cambridge and go to London Liver Pool. Car I need to get to my friends house, it should be within 4 miles from here Car I need to get to my friends house, it should be within 4 miles from here",1
dialseg711_dial_014,14,28,"[1, 4]",62,"We have three, what area of town would you like? We have three, what area of town would you like? Area doesn't matter. Just book me one and hand me the reference number. Area doesn't matter. Just book me one and hand me the reference number. Ravenswood Shopping Center is at 434 Arastradero Rd. Ravenswood Shopping Center is at 434 Arastradero Rd.",0
dialseg711_dial_409,9,18,"[1, 3]",110,"I need to get to the Cambridge Corn Exchange. I need to get to the Cambridge Corn Exchange. Booking completed! Booked car type : black volvo Contact number : 07025112262 Booking completed! Booked car type : black volvo Contact number : 07025112262 Both Jill and Tom's homes are 6 miles away. But tom's home located at 580 Van Ness Ave has a route with out any traffic, while the route to Jill's home has heavy traffic. Both Jill and Tom's homes are 6 miles away. But tom's home located at 580 Van Ness Ave has a route with out any traffic, while the route to Jill's home has heavy traffic.",1
dialseg711_dial_409,22,22,[4],40,There will be clear skies in Durham on Thursday and Friday only. Would you like the rest of the forecast? There will be clear skies in Durham on Thursday and Friday only. Would you like the rest of the forecast?,0
dialseg711_dial_047,11,11,[1],28,It will be at Central Hospital with my sister to get a tooth pulled. It will be at Central Hospital with my sister to get a tooth pulled.,1
dialseg711_dial_258,5,5,[1],8,I'm departing from Ely. I'm departing from Ely.,0
dialseg711_dial_538,17,17,[2],14,"Yes, the one in the west please. Yes, the one in the west please.",0
dialseg711_dial_167,5,17,"[1, 3, 4]",64,"show me the route to coffee shop show me the route to coffee shop Taxi to de luca cucina and bar please Taxi to de luca cucina and bar please What time would you like to arrive at your destination? What time would you like to arrive at your destination? No, I just need the postcode, please. No, I just need the postcode, please.",1
dialseg711_dial_211,3,26,"[0, 1, 3]",92,"I'm looking for one with 0 stars, please. I'm looking for one with 0 stars, please. I am looking for the main line at the hospital I am looking for the main line at the hospital I have train TR9839 that leaves Cambridge at 15:21 and arrives in Leicester at 17:06. Would that suit your needs? If so, I can book you a ticket. I have train TR9839 that leaves Cambridge at 15:21 and arrives in Leicester at 17:06. Would that suit your needs? If so, I can book you a ticket.",0
dialseg711_dial_272,12,14,"[1, 2]",58,The quickest route noted is to 436 Alger Dr. Do you want me to set the navigation? The quickest route noted is to 436 Alger Dr. Do you want me to set the navigation? Your next conference is at 2PM Thursday in the 100 conference room. Your next conference is at 2PM Thursday in the 100 conference room.,1
dialseg711_dial_181,9,20,"[1, 3]",92,"It doesn't matter, I just want to leave after 4:00. It doesn't matter, I just want to leave after 4:00. I have two places, how many people and what time? I have two places, how many people and what time? Sure, I would suggest the Dojo Noodle Bar at 40210 Millers Yard City Centre. You can reach them at 01223363471. I could reserve it for you. Sure, I would suggest the Dojo Noodle Bar at 40210 Millers Yard City Centre. You can reach them at 01223363471. I could reserve it for you.",1
dialseg711_dial_139,10,18,"[1, 3]",66,"It will be overcast in San Mateo today between 40-60F. It will be overcast in San Mateo today between 40-60F. I want to know if it will hail in Compton on Sunday I want to know if it will hail in Compton on Sunday On Sunday in Compton there isn't any hail predicted, only frost. On Sunday in Compton there isn't any hail predicted, only frost.",1
dialseg711_dial_177,12,12,[1],34,Sure! The phone number to the Taj Tandoori is 01223412299. Can I help you with anything else? Sure! The phone number to the Taj Tandoori is 01223412299. Can I help you with anything else?,1
dialseg711_dial_386,9,14,"[0, 1]",30,Thanks. I will check it out. Thanks. I will check it out. What time do you need to leave on Saturday? What time do you need to leave on Saturday?,0
dialseg711_dial_341,23,23,[4],18,can you please take me to a coffee house can you please take me to a coffee house,0
dialseg711_dial_570,3,18,"[1, 2, 4]",58,"I need a taxi departing from avalon. I need a taxi departing from avalon. Thank you, could you also provide me the postcode and address? Thank you, could you also provide me the postcode and address? Find home address that is within the distance of 5 miles. Find home address that is within the distance of 5 miles.",0
dialseg711_dial_567,14,18,"[2, 3]",76,"welcome. at your service next time welcome. at your service next time menlo park thanks menlo park thanks In Menlo Park, it will be the overcast on Monday, hail on Tuesday, warm on Wednesday, clear on Thursday, hail on Friday, windy on Saturday, and misty on Sunday. In Menlo Park, it will be the overcast on Monday, hail on Tuesday, warm on Wednesday, clear on Thursday, hail on Friday, windy on Saturday, and misty on Sunday.",1
dialseg711_dial_590,5,22,"[0, 3]",68,"Yes that would be great, thanks! It'll be 7 people dining on friday at 11:30. And can I have a reference number for it? Yes that would be great, thanks! It'll be 7 people dining on friday at 11:30. And can I have a reference number for it? Jacks house is 2 miles away at 864 Almanor Ln. Jacks house is 2 miles away at 864 Almanor Ln.",1
dialseg711_dial_390,10,10,[1],24,"OK, just let us know if there is anything else you need. OK, just let us know if there is anything else you need.",1
dialseg711_dial_338,20,20,[3],54,"I have booked your taxi, it will be a black tesla and the contact number is 07901027888. Is there anything else I can help you with today? I have booked your taxi, it will be a black tesla and the contact number is 07901027888. Is there anything else I can help you with today?",0
dialseg711_dial_151,8,20,"[2, 3]",102,"There are 24 guest houses available. Is there a particular area of the city you'd prefer to stay in? There are 24 guest houses available. Is there a particular area of the city you'd prefer to stay in? Yes, I'd like to stay in the centre of town please. Yes, I'd like to stay in the centre of town please. The booking was successful, your reference code is 8090X905. Do you want further assistance? The booking was successful, your reference code is 8090X905. Do you want further assistance? Can I help you with anything else? Can I help you with anything else?",1
dialseg711_dial_251,14,14,[3],26,"Maybe, but are they expensive? I would like something moderately priced if possible. Maybe, but are they expensive? I would like something moderately priced if possible.",0
dialseg711_dial_377,5,33,"[1, 3]",120,"Can you help me find a place to stay with free parking? Can you help me find a place to stay with free parking? Actually, the area doesn't matter. I just need a 4-star hotel in the moderate price range. Actually, the area doesn't matter. I just need a 4-star hotel in the moderate price range. I'm sorry but you will have to change some of your criteria if you would like me to find you something or accept a guest house. I'm sorry but you will have to change some of your criteria if you would like me to find you something or accept a guest house. find me the nearest grocery store find me the nearest grocery store",0
dialseg711_dial_156,21,21,[4],8,search hotels near me search hotels near me,0
dialseg711_dial_148,1,29,"[0, 2, 3, 4]",112,"Please help me make a taxi reservation Please help me make a taxi reservation Your booking was successful. You will owe 35.79 GBP at the station and your reference number is: TQICKHXG. Can I assist you with anything else? Your booking was successful. You will owe 35.79 GBP at the station and your reference number is: TQICKHXG. Can I assist you with anything else? Yes, please. I'd like to book it for 6 people and 5 nights starting from monday. Yes, please. I'd like to book it for 6 people and 5 nights starting from monday. what is the forecast for new york city what is the forecast for new york city",1
dialseg711_dial_566,21,21,[2],20,"Yes, please. What is the address, postcode, and phone number? Yes, please. What is the address, postcode, and phone number?",0
dialseg711_dial_421,6,27,"[1, 4]",36,Have a great day! Have a great day! Yes and can I have the phone number and address of one of attraction? Yes and can I have the phone number and address of one of attraction?,1
dialseg711_dial_429,9,20,"[1, 3]",28,Thank you! Thank you! Anything else? Anything else? Addenbrookes hospital diabetes and endocrinology department phone number is 01223217323 Addenbrookes hospital diabetes and endocrinology department phone number is 01223217323,1
dialseg711_dial_315,14,18,"[3, 4]",74,You need to take your medicine at 3 pm. You need to take your medicine at 3 pm. I'm looking for a moderately priced resturant in the centre of town. I'm looking for a moderately priced resturant in the centre of town. How does Ali Baba? I recommend it. Would you like for me to book a table? How does Ali Baba? I recommend it. Would you like for me to book a table?,1
dialseg711_dial_697,9,24,"[1, 2, 4]",76,show me the locations of all of the nearby motels show me the locations of all of the nearby motels Pick one in the area and avoid all heavy traffic please Pick one in the area and avoid all heavy traffic please when is the next cloudy day when is the next cloudy day The postcode is CB20QQ. Can I do anything else for you? The postcode is CB20QQ. Can I do anything else for you?,0
dialseg711_dial_235,5,5,[0],14,That is all that I need thanks. That is all that I need thanks.,0
dialseg711_dial_549,1,24,"[0, 1, 2]",114,"I need a taxi to come to gallery at twelve a high street by 4:00. I need a taxi to come to gallery at twelve a high street by 4:00. Hi. I am looking for a train that goes to Cambridge on Saturday. Can you help me? Hi. I am looking for a train that goes to Cambridge on Saturday. Can you help me? Unfortunately there is a car collision nearby but I already sent you another route that, even if longer, will allow you to reach fast enough Unfortunately there is a car collision nearby but I already sent you another route that, even if longer, will allow you to reach fast enough",1
dialseg711_dial_699,6,23,"[0, 3, 4]",100,"What day are you traveling? And is this a booking just for yourself? What day are you traveling? And is this a booking just for yourself? I am leaving on Thursday and can you please give me the travel time and price? I am leaving on Thursday and can you please give me the travel time and price? That would be perfect, thank you. That would be perfect, thank you. I'm going to cambridge book and print gallery. I'm going to cambridge book and print gallery. I need a train leaving from Cambridge. I need a train leaving from Cambridge.",0
dialseg711_dial_416,5,26,"[0, 4]",46,How long is the travel time for that train? How long is the travel time for that train? There are 5 located in the centre. Would you prefer one that is free? There are 5 located in the centre. Would you prefer one that is free?,0
dialseg711_dial_692,3,18,"[0, 1]",112,"I need the address including the postcode and the phone number, please! Quickly! I need the address including the postcode and the phone number, please! Quickly! The address is Hills Rd, Cambridge. The postcode is CB20QQ. The phone number is 01223245151. Can I help with anything else? The address is Hills Rd, Cambridge. The postcode is CB20QQ. The phone number is 01223245151. Can I help with anything else? Neither hotel appears to have three days available starting on Sunday for three people, can I look something else up for you? Neither hotel appears to have three days available starting on Sunday for three people, can I look something else up for you?",1
dialseg711_dial_451,10,27,"[1, 2, 4]",94,"I found Prezzo in the west part of town, would that work? I found Prezzo in the west part of town, would that work? I actually need to leave after 23:00 I actually need to leave after 23:00 Ok it's a white volvo and the contact number is 07915907755. Ok it's a white volvo and the contact number is 07915907755. I was just in a car accident, can I please have the number for the police station? I was just in a car accident, can I please have the number for the police station?",1
dialseg711_dial_227,14,14,[3],12,Yes Indian sounds good to me! Yes Indian sounds good to me!,0
dialseg711_dial_037,13,21,[1],102,"I am looking for a place serving christmas food in the centre of town. I am looking for a place serving christmas food in the centre of town. Do you have any Indian restaurants? Do you have any Indian restaurants? Yes, we have nine Indian restaurants in the center of town. Do you have a preference in price range? Yes, we have nine Indian restaurants in the center of town. Do you have a preference in price range? In that case, could you give me the address and phone number? In that case, could you give me the address and phone number?",0
dialseg711_dial_667,3,12,"[0, 1, 2]",116,New York New York I don't care which area. Just need to find a table for 5 people at 15:00 on Saturday. I will need the reference number once booked. I don't care which area. Just need to find a table for 5 people at 15:00 on Saturday. I will need the reference number once booked. Yes! This hotel is located in the north. It has a 2 star rating and is in the moderate price range. Is there anything else I can assist you with? Yes! This hotel is located in the north. It has a 2 star rating and is in the moderate price range. Is there anything else I can assist you with?,0
dialseg711_dial_175,4,27,"[1, 4]",38,"Yes I can. The Parkside Police Station is located at Parkside, Cambridge. Yes I can. The Parkside Police Station is located at Parkside, Cambridge. Please provide postcode and address for Eraina. Please provide postcode and address for Eraina.",0
dialseg711_dial_222,2,14,"[0, 1, 3]",84,I find no dinner scheduled this week with Sue. I find no dinner scheduled this week with Sue. There is the Cambridge University Botanic Gardens which is a park. Will this work for you? There is the Cambridge University Botanic Gardens which is a park. Will this work for you? Your meeting is set for Thursday at 3 pm with the executive team in conference room 100. Your meeting is set for Thursday at 3 pm with the executive team in conference room 100.,1
dialseg711_dial_660,1,29,"[0, 1, 2, 3]",116,"Car I'm desiring some tea Car I'm desiring some tea I want the route that is the quickest and has the least traffic I want the route that is the quickest and has the least traffic I'm traveling on tuesday and I want to arrive by 16:15 I'm traveling on tuesday and I want to arrive by 16:15 Actually, they have free entrance. They are located at Wandlebury Ring, Gog Magog Hills, Babraham. Their phone number is 01223243830. Their postcode is cb223ae. Actually, they have free entrance. They are located at Wandlebury Ring, Gog Magog Hills, Babraham. Their phone number is 01223243830. Their postcode is cb223ae. Great, thanks for your help. Great, thanks for your help.",0
dialseg711_dial_283,20,20,[3],16,On Wednesday is gonna snow in Mountain View On Wednesday is gonna snow in Mountain View,1
dialseg711_dial_260,5,11,"[1, 2]",28,I'd like to leave after 15:15. I'd like to leave after 15:15. Can I get the price range on it? Can I get the price range on it?,0
dialseg711_dial_092,3,32,"[0, 4]",56,"no, i just need to make sure it's cheap. oh, and i need parking no, i just need to make sure it's cheap. oh, and i need parking Thank you for using our service today. I hope all goes well for you. Thank you for using our service today. I hope all goes well for you.",0
dialseg711_dial_561,22,28,"[2, 4]",32,Would 6:45 be a convenient time for you to leave? Would 6:45 be a convenient time for you to leave? I need to leave on Thursday. I need to leave on Thursday.,0
dialseg711_dial_328,2,24,"[0, 2]",36,Are you looking for a particular style of food? Are you looking for a particular style of food? Sure! It is Indian food. Sure! It is Indian food. it leaves at 05:16 it leaves at 05:16,1
dialseg711_dial_133,3,19,"[0, 1, 3]",60,Great can I also have the address? Great can I also have the address? I'd like a chinese restaurant I'd like a chinese restaurant I'd like to visit a college in the center of town. Could you help me find something interesting? I'd like to visit a college in the center of town. Could you help me find something interesting?,0
dialseg711_dial_323,3,20,"[0, 2, 3]",112,"What's their postcode, please? What's their postcode, please? I don't need a taxi, I'm sorry. I just needed the postcode for the hospital. I don't need a taxi, I'm sorry. I just needed the postcode for the hospital. I'm afraid that we don't have that type of attraction in the centre of town. Perhaps somewhere else? or a different type of attraction? I'm afraid that we don't have that type of attraction in the centre of town. Perhaps somewhere else? or a different type of attraction? Oh, my. I do apologize. I was wrong. There are 5 different nightclubs available. The Ballare, Club Salsa, Kambar, the Soul Tree and The Fez Club.",0
dialseg711_dial_323,20,24,"[3, 4]",54,"Oh, my. I do apologize. I was wrong. There are 5 different nightclubs available. The Ballare, Club Salsa, Kambar, the Soul Tree and The Fez Club. Okay, scheduling a reminder for a yoga activity with Jeff for Thursday at 7pm. Okay, scheduling a reminder for a yoga activity with Jeff for Thursday at 7pm.",0
dialseg711_dial_487,26,26,[4],26,In Durham on Monday there will be a blizzard and on Tuesday misty. In Durham on Monday there will be a blizzard and on Tuesday misty.,0
dialseg711_dial_325,9,18,"[1, 3]",30,"That's all I needed, thanks so much! That's all I needed, thanks so much! Yes Panda Express is the closest one noted. Yes Panda Express is the closest one noted.",0
dialseg711_dial_607,20,40,"[1, 2, 3]",36,"You're welcome! Have a great day! You're welcome! Have a great day! The area doe not matter, just some entertainment. The area doe not matter, just some entertainment. Their number is 01223525725. Their number is 01223525725.",1
dialseg711_dial_369,18,31,"[2, 3]",56,"Parkside Police Station is in Parkside, Cambridge. Their number is 01223358966. Anything else I can do for you? Parkside Police Station is in Parkside, Cambridge. Their number is 01223358966. Anything else I can do for you? Yes, please give me travel time and departure time, please. Yes, please give me travel time and departure time, please.",0
dialseg711_dial_581,19,19,[3],10,What is their phone number? What is their phone number?,0
dialseg711_dial_215,6,32,"[1, 2, 4]",60,Where are you leaving from? Where are you leaving from? Is there anything else I can assist you with today? Is there anything else I can assist you with today? Rice Boat is in the expensive price range. Can I help you with something else? Rice Boat is in the expensive price range. Can I help you with something else?,1
dialseg711_dial_691,19,19,[3],20,I want to be picked up from lynne strover gallery I want to be picked up from lynne strover gallery,0
dialseg711_dial_480,9,9,[2],30,I want to book a taxi after 14:00 and would like to the rice house. I want to book a taxi after 14:00 and would like to the rice house.,0
dialseg711_dial_172,7,11,"[1, 2]",102,"It should pick me up from Leverton House at whatever time is necessary to get me there by 01:45. It should pick me up from Leverton House at whatever time is necessary to get me there by 01:45. There are 5 expensive hotels available. Did you have a preference as to area of the hotel? There are 5 expensive hotels available. Did you have a preference as to area of the hotel? No, it doesn't matter. I would like a 4 star hotel with free parking though. No, it doesn't matter. I would like a 4 star hotel with free parking though.",0
dialseg711_dial_580,12,26,"[1, 4]",60,"Thank you for using our services. Have a great day! Thank you for using our services. Have a great day! Of course, your taxi is reserved, the vehicle will be a white skoda and the contact phone number is 07557776784 Of course, your taxi is reserved, the vehicle will be a white skoda and the contact phone number is 07557776784",1
dialseg711_dial_633,20,21,[3],32,"Alright, what time would you like to leave? Alright, what time would you like to leave? I would like to leave anytime after 20:15. I would like to leave anytime after 20:15.",0
dialseg711_dial_532,10,27,"[1, 4]",46,"My pleasure. Do you need any other assistance while in town? My pleasure. Do you need any other assistance while in town? Yes, I think that would be fine. Something in the north, please. Yes, I think that would be fine. Something in the north, please.",1
dialseg711_dial_387,1,9,"[0, 2]",62,I was just robbed! Please help! I need to contact the police. I was just robbed! Please help! I need to contact the police. May I have the address and postcode? May I have the address and postcode? What city would you like to know if it is cloudy in? What city would you like to know if it is cloudy in?,0
dialseg711_dial_647,20,20,[3],36,"I'm sorry, but there aren't any traditional restaurants in the centre. Would you like to try another cuisine? I'm sorry, but there aren't any traditional restaurants in the centre. Would you like to try another cuisine?",0
dialseg711_dial_085,23,26,[4],38,what is the current temperature what is the current temperature The forecast for Manhattan shows today's low is 60F and the high is 70F. The forecast for Manhattan shows today's low is 60F and the high is 70F.,0
dialseg711_dial_505,12,12,[3],24,"I can book that for you, what time will you be leaving/arriving? I can book that for you, what time will you be leaving/arriving?",0
dialseg711_dial_705,4,20,"[0, 2, 3]",70,"The address is Parkside, Cambridge. Do you need anything else? The address is Parkside, Cambridge. Do you need anything else? I am going to kings lynn I am going to kings lynn What time does it depart? What time does it depart? from Charlie chan from Charlie chan ok its a yellow ford and the contact number is 07048042435 ok its a yellow ford and the contact number is 07048042435",1
dialseg711_dial_557,20,20,[4],6,"Sounds good, thanks. Sounds good, thanks.",0
dialseg711_dial_056,2,10,"[0, 2]",80,The Parkside Police Station's telephone number is 01223358966. Are you in need of medical assistance? The Addenbrookes Hospital's Telephone number is 01223245151 The Parkside Police Station's telephone number is 01223358966. Are you in need of medical assistance? The Addenbrookes Hospital's Telephone number is 01223245151 The Acorn Guest House fits your criteria. It is located in the North. Would you like a reservation? The Acorn Guest House fits your criteria. It is located in the North. Would you like a reservation?,0
dialseg711_dial_632,15,27,"[2, 4]",38,Do either of those have free wifi? Do either of those have free wifi? yes. both have WiFi connection yes. both have WiFi connection give me directions to my friends house give me directions to my friends house,0
dialseg711_dial_086,20,20,[4],12,"Hills rd, Cambridge, post code CB20QQ. Hills rd, Cambridge, post code CB20QQ.",0
dialseg711_dial_684,2,17,"[0, 3]",50,"The conference is at 10 am on Monday. The conference is at 10 am on Monday. As long as they serve British cuisine and moderately priced, that sounds great. Thanks for your help. As long as they serve British cuisine and moderately priced, that sounds great. Thanks for your help.",1
dialseg711_dial_263,9,18,[2],92,"I would prefer something moderately priced in the centre of town I would prefer something moderately priced in the centre of town OK. I can do that for you. I need number of people, length of stay, and day of arrival. OK. I can do that for you. I need number of people, length of stay, and day of arrival. The postcode for Kirkwood House is cb41da. Is there anything else I can help you with? The postcode for Kirkwood House is cb41da. Is there anything else I can help you with?",1
dialseg711_dial_362,22,22,[3],18,You are welcome. Do you need any further assistance? You are welcome. Do you need any further assistance?,1
dialseg711_dial_269,4,4,[0],26,The phone number is 01223358966. We have already given you the physical address.. The phone number is 01223358966. We have already given you the physical address..,1
dialseg711_dial_022,15,15,[3],20,what's the weather going to be like for this week what's the weather going to be like for this week,0
dialseg711_dial_448,3,3,[1],22,You can help by getting me a taxi to curry king You can help by getting me a taxi to curry king,0
dialseg711_dial_517,19,19,[2],20,I will be leaving Cambridge to go to Bishops Stortford. I will be leaving Cambridge to go to Bishops Stortford.,0
dialseg711_dial_432,19,26,"[2, 4]",68,"you're welcome, thank you for using our system. you're welcome, thank you for using our system. Do any of those include free parking? Do any of those include free parking? I would need a hotel for 6 people, starting from Thursday and lasting 4 nights. Is there anything available? I would need a hotel for 6 people, starting from Thursday and lasting 4 nights. Is there anything available?",1
dialseg711_dial_375,5,5,[1],12,show me traffic for going home show me traffic for going home,0
dialseg711_dial_564,3,26,"[0, 1, 2, 3, 4]",112,"Yes I would, for 3 people Wednesday at 18:15. Yes I would, for 3 people Wednesday at 18:15. Can you check for 17:15 on the same day? Can you check for 17:15 on the same day? of course. ive got some options. you can check the out of course. ive got some options. you can check the out Hi, I am looking for a cheap Italian restaurant please. Hi, I am looking for a cheap Italian restaurant please. check the weather for today check the weather for today The nearest hospital is Addenbrookes Hospital at Hills Rd, Cambridge, postcode CB20QQ. The general telephone number is 01223245151. Do you need a particular department?",0
dialseg711_dial_564,26,26,[4],24,"The nearest hospital is Addenbrookes Hospital at Hills Rd, Cambridge, postcode CB20QQ. The general telephone number is 01223245151. Do you need a particular department?",0
dialseg711_dial_213,9,23,"[0, 2]",82,"I think that should be fine. Can I book one for Wednesday for 4 nights? There will be 4 of us. I think that should be fine. Can I book one for Wednesday for 4 nights? There will be 4 of us. It doesn't matter to me. It doesn't matter to me. I need to make a reservation for 4 nights starting from Tuesday, for 6 people. I need to make a reservation for 4 nights starting from Tuesday, for 6 people.",0
dialseg711_dial_289,20,40,"[0, 2, 4]",98,"That worked, I guess you just needed a larger room. Your reference number is PR0ABUBI. Can I be of further assistance? That worked, I guess you just needed a larger room. Your reference number is PR0ABUBI. Can I be of further assistance? There are many trains available. Do you have a specific day or time in mind? There are many trains available. Do you have a specific day or time in mind? Okay, I am scheduling an optometrist appointment with Jeff for today at 7pm. Okay, I am scheduling an optometrist appointment with Jeff for today at 7pm.",1
dialseg711_dial_579,16,24,"[2, 3]",90,"Certainly, we have 21. Do you have a cuisine type or a price range? Certainly, we have 21. Do you have a cuisine type or a price range? Someone just hit my car and then attacked me, get the cops for me now! Someone just hit my car and then attacked me, get the cops for me now! They are located in Parkside, Cambridge with postal code CB11JG. Can I hep with anything else? They are located in Parkside, Cambridge with postal code CB11JG. Can I hep with anything else?",0
dialseg711_dial_198,6,10,[1],124,"I have 2,828 trains with different routes, to help narrow it down, where will you be departing/arriving, and what day/time? I have 2,828 trains with different routes, to help narrow it down, where will you be departing/arriving, and what day/time? The train should depart from Cambridge on Wednesday and headed for Stansted Airport. It should arrive by 15:15. I would also like you to make a booking for 6 people. The train should depart from Cambridge on Wednesday and headed for Stansted Airport. It should arrive by 15:15. I would also like you to make a booking for 6 people. Sure thing! I've booked the train for 8, and your reference number is I62H3VUY. Is there anything else I can do for you today?",1
dialseg711_dial_198,10,14,"[1, 3]",40,"Sure thing! I've booked the train for 8, and your reference number is I62H3VUY. Is there anything else I can do for you today? Oh no! The address is Hills Rd, Cambridge. Oh no! The address is Hills Rd, Cambridge.",1
dialseg711_dial_005,28,28,[3],50,"I'm sorry, I think I misunderstood you. You want to leave before 20:30. You should book TR2602, leaving at 20:09. Travel time is 105 minutes. I'm sorry, I think I misunderstood you. You want to leave before 20:30. You should book TR2602, leaving at 20:09. Travel time is 105 minutes.",1
dialseg711_dial_544,8,18,"[1, 3]",100,"No problem, I have many options for you. Do you have a particular day of the week you would like to travel, or time? No problem, I have many options for you. Do you have a particular day of the week you would like to travel, or time? I have a train leaving Thursday at 13:59, would you like me to book it for you? I have a train leaving Thursday at 13:59, would you like me to book it for you? What day and time are you wanting to travel? What day and time are you wanting to travel?",0
dialseg711_dial_653,17,32,"[3, 4]",44,I want to find a 4 star hotel with a moderate price. I want to find a 4 star hotel with a moderate price. Setting fastest route to Round Table which has moderate traffic. Setting fastest route to Round Table which has moderate traffic.,0
dialseg711_dial_279,14,14,[2],36,We have one. It is the city stop restaurant. Would you like me to book it for you? We have one. It is the city stop restaurant. Would you like me to book it for you?,0
dialseg711_dial_392,8,25,"[1, 2, 4]",64,"Addenbrookes Hospital is nearby, at Hills Rd, Cambridge. Do you need a particular department? Addenbrookes Hospital is nearby, at Hills Rd, Cambridge. Do you need a particular department? find me a nearby parking garage or parking lot find me a nearby parking garage or parking lot Ok, please give me directions via the fastest route. Ok, please give me directions via the fastest route.",0
dialseg711_dial_042,4,24,"[0, 3]",40,"We will avoid the heavy traffic to Peets.. We will avoid the heavy traffic to Peets.. I've booked a yellow Tesla for you, the contact number is: 07908194770 I've booked a yellow Tesla for you, the contact number is: 07908194770",1
dialseg711_dial_408,4,19,"[0, 1, 3]",100,"The acute medical assessment unit can be reached at 01223348314. The acute medical assessment unit can be reached at 01223348314. I have a train that leaves Cambridge at 15:50 and arrives in Ely at 16:07, would you like me to book it for you? I have a train that leaves Cambridge at 15:50 and arrives in Ely at 16:07, would you like me to book it for you? I would like to go to Birmingham New Street and the train should leave after 14:15. I would like to go to Birmingham New Street and the train should leave after 14:15.",1
dialseg711_dial_244,9,9,[1],22,Tell me the one that I can get to the quickest Tell me the one that I can get to the quickest,0
dialseg711_dial_666,12,19,"[2, 3]",42,I'd be happy to help! Where are you coming from? I'd be happy to help! Where are you coming from? Looking at the weekly forecast will in snow in los angeles? Looking at the weekly forecast will in snow in los angeles?,0
dialseg711_dial_585,1,27,"[0, 2, 4]",78,Can you book me a taxi to da vinci pizzeria? Can you book me a taxi to da vinci pizzeria? I'd be happy to help! Where are you coming from? I'd be happy to help! Where are you coming from? How about The Lensfield Hotel? Would you also like to make a booking? How about The Lensfield Hotel? Would you also like to make a booking? Am looking for the Addenbrookes Hospital Am looking for the Addenbrookes Hospital,0
dialseg711_dial_543,19,24,"[3, 4]",26,schedule dentist appointment schedule dentist appointment I'm departing from Norwich and need to arrive by 12:15. I'm departing from Norwich and need to arrive by 12:15.,0
dialseg711_dial_419,8,27,"[0, 2, 3]",72,"Is there anything else I can do for you today, then? Is there anything else I can do for you today, then? its called city stop restaurant, serves european food and address is Cambridge City Football Club Milton Road Chesterton its called city stop restaurant, serves european food and address is Cambridge City Football Club Milton Road Chesterton where can i find tea around me where can i find tea around me",1
dialseg711_dial_584,4,4,[0],34,I booked that for you. The car is a white skoda and the contact number is 07158145955. I booked that for you. The car is a white skoda and the contact number is 07158145955.,1
dialseg711_dial_435,6,12,"[0, 2]",76,"la tasca meets your standards. would you like to book this restaurant? la tasca meets your standards. would you like to book this restaurant? Unfortunately, I don't see any restaurants that serve Venetian in the centre of town. Would you like to try a different area or type of cuisine? Unfortunately, I don't see any restaurants that serve Venetian in the centre of town. Would you like to try a different area or type of cuisine?",0
dialseg711_dial_356,14,19,"[1, 2]",82,"Okay, I changed the day of travel to tuesday for you. Do you know what time you might want to leave after or arrive by? Okay, I changed the day of travel to tuesday for you. Do you know what time you might want to leave after or arrive by? Ok, thanks. Could I also get the address and postal code? I need it for directions. Ok, thanks. Could I also get the address and postal code? I need it for directions.",0
dialseg711_dial_154,7,9,[0],44,No. Not right now. thank you very much for your help today. No. Not right now. thank you very much for your help today. No that is all for the time being. Thank you. No that is all for the time being. Thank you.,0
dialseg711_dial_469,4,8,"[1, 2]",68,Where are you wanting to know the snow forecast for? Where are you wanting to know the snow forecast for? I need a taxi to pick me up at 01:00 at the arbury lodge guesthouse and have me at the varsity restaurant at 01:30 I need a taxi to pick me up at 01:00 at the arbury lodge guesthouse and have me at the varsity restaurant at 01:30,1
dialseg711_dial_493,19,19,[3],12,Find my friend's current address please. Find my friend's current address please.,0
dialseg711_dial_079,1,1,[0],10,set an appointment for swimming set an appointment for swimming,1
dialseg711_dial_158,5,5,[0],16,"Thanks. What is the postcode, address, and area? Thanks. What is the postcode, address, and area?",0
dialseg711_dial_582,13,24,"[1, 4]",80,What time is my meeting and who is going to be there and what is the agenda? What time is my meeting and who is going to be there and what is the agenda? You have two football events scheduled; one with Jeff at 6pm on Friday and one with Alex at 1pm on the same day. You have two football events scheduled; one with Jeff at 6pm on Friday and one with Alex at 1pm on the same day.,0
dialseg711_dial_019,13,18,"[2, 3]",54,"May I also get the postcode, the address, and the entrance fee? May I also get the postcode, the address, and the entrance fee? We have 21 entries that match. Do you have a preference on type of food? We have 21 entries that match. Do you have a preference on type of food?",0
dialseg711_dial_324,12,26,"[1, 2]",118,We dont have any one star hotels We dont have any one star hotels The hotel should be in the cheap price range and should include free wifi. The hotel should be in the cheap price range and should include free wifi. I am looking for a restaurant. The restaurant should be in the north and should serve italian food I am looking for a restaurant. The restaurant should be in the north and should serve italian food The phone number is 01223351707 and the address is 20 Milton Road Chesterton. Would you like to make a reservation? The phone number is 01223351707 and the address is 20 Milton Road Chesterton. Would you like to make a reservation?,0
dialseg711_dial_174,12,18,[2],82,"There are many results for a guesthouse with free wifi, to help narrow the results what area are you looking to stay in? There are many results for a guesthouse with free wifi, to help narrow the results what area are you looking to stay in? I'm sorry that many nights is not available. Could you try a shorter stay or another day perhaps? I'm sorry that many nights is not available. Could you try a shorter stay or another day perhaps?",0
dialseg711_dial_004,2,20,"[0, 1, 3]",76,"Absolutely, where will the taxi be picking you up from today? Absolutely, where will the taxi be picking you up from today? The closest hospital, Stanford Express Care is 8 miles from your location The closest hospital, Stanford Express Care is 8 miles from your location I'm hurt and I need the nearest hospital. I'm hurt and I need the nearest hospital. I'm just going to call an ambulance. I'm just going to call an ambulance.",0
dialseg711_dial_652,1,14,"[0, 2]",94,"Aloha! Can you help me find a hotel, please? Aloha! Can you help me find a hotel, please? I need free parking. I need free parking. You have a reservation at Autumn House, located at 710 newmarket road. Reference number BFT509GX. Can I help you with anything else today? You have a reservation at Autumn House, located at 710 newmarket road. Reference number BFT509GX. Can I help you with anything else today? The Addenbrookes Hospital is located at Hills Rd, Cambridge Postcode CB20QQ The Addenbrookes Hospital is located at Hills Rd, Cambridge Postcode CB20QQ",1
dialseg711_dial_100,1,7,"[0, 1]",34,Can you find me a coffee place near me? Can you find me a coffee place near me? I am looking for a nearest police station I am looking for a nearest police station,0
dialseg711_dial_114,1,18,"[0, 2, 3]",70,"I'm looking for a cheap place to dine, preferably in the centre of town. I'm looking for a cheap place to dine, preferably in the centre of town. What is the postcode and their phone number? What is the postcode and their phone number? Temperature in Alhambra this week ranges in the mid 60, 70, and 80s Temperature in Alhambra this week ranges in the mid 60, 70, and 80s",1
dialseg711_dial_081,25,26,[3],66,Tell me the arrival time of the 09:39 train please Tell me the arrival time of the 09:39 train please Sure. The 9:30 train leaves London Liverpool Street on Friday and arrives in Cambridge by 11:07. Would you like me to book that? Sure. The 9:30 train leaves London Liverpool Street on Friday and arrives in Cambridge by 11:07. Would you like me to book that?,0
dialseg711_dial_525,5,5,[1],32,Can you tell me if one of those is located in the northern part of town? Can you tell me if one of those is located in the northern part of town?,0
dialseg711_dial_656,9,9,[1],12,directions to the nearest coffee shop directions to the nearest coffee shop,0
dialseg711_dial_200,12,16,"[1, 2]",72,"It will not be humid in Fresno this week. It will not be humid in Fresno this week. In this moment there is moderate traffic on our way but the house is only 5 miles far, you should be able to reach it fast enough In this moment there is moderate traffic on our way but the house is only 5 miles far, you should be able to reach it fast enough",1
dialseg711_dial_311,8,8,[2],16,The high temperature in Mountain View is 90F. The high temperature in Mountain View is 90F.,1
dialseg711_dial_478,1,1,[0],44,"Hi! I'd like to book a taxi to Travellers Rest, please, and I need to get there absolutely no later than 11:45. Hi! I'd like to book a taxi to Travellers Rest, please, and I need to get there absolutely no later than 11:45.",0
dialseg711_dial_055,10,10,[2],36,I am sorry there are no matches. Would you like to try a 3 or 4 star hotel? I am sorry there are no matches. Would you like to try a 3 or 4 star hotel?,0
dialseg711_dial_135,26,26,[4],34,"Yes, there's the Good Luck Chinese Food Takeaway, Peking Restaurant, and Taj Tandoori. How do those sound? Yes, there's the Good Luck Chinese Food Takeaway, Peking Restaurant, and Taj Tandoori. How do those sound?",0
dialseg711_dial_184,18,18,[3],56,Sorry I tried alexander bed and breakfast but it seems that they have all booked out at for these days. Do you want to change to another place? Sorry I tried alexander bed and breakfast but it seems that they have all booked out at for these days. Do you want to change to another place?,0
dialseg711_dial_634,19,27,"[3, 4]",64,"I would like to leave at 10:45 I would like to leave at 10:45 I need to get to a restaurant known as the Lucky star I need to get to a restaurant known as the Lucky star Thanks, please make a reservation there for 2 people at 18:00 on saturday. Thanks, please make a reservation there for 2 people at 18:00 on saturday.",0
dialseg711_dial_618,6,6,[2],20,I am looking for information on the Kings college attraction I am looking for information on the Kings college attraction,0
dialseg711_dial_668,16,16,[4],34,"My pleasure, I will schedule a doctor appointment at 10 am. The 14th of August with Alex. My pleasure, I will schedule a doctor appointment at 10 am. The 14th of August with Alex.",0
dialseg711_dial_285,5,5,[1],10,Where can I get pizza? Where can I get pizza?,0
dialseg711_dial_287,10,11,"[1, 2]",68,"Papa Johns is closest at 4 miles and moderate traffic. It's located at 110 Arastradero Rd. Papa Johns is closest at 4 miles and moderate traffic. It's located at 110 Arastradero Rd. I am looking for a hotel on the east side, and I would prefer a four star hotel I am looking for a hotel on the east side, and I would prefer a four star hotel",1
dialseg711_dial_552,22,23,[3],24,thanks for helping thanks for helping Do you need me to book you a reservation? Do you need me to book you a reservation?,1
dialseg711_dial_021,17,31,"[2, 4]",28,"take me to the nearest starbucks take me to the nearest starbucks Ok great, can I have the contact number? Ok great, can I have the contact number?",0
dialseg711_dial_524,16,16,[4],20,is it going to rain at all this upcoming week is it going to rain at all this upcoming week,0
dialseg711_dial_322,3,14,"[1, 2, 4]",56,"get me directions to the mall get me directions to the mall Yes, please, and avoid all heavy traffic if possible! Yes, please, and avoid all heavy traffic if possible! what time do the lab results come in what time do the lab results come in I am in Mountain View I am in Mountain View",1
dialseg711_dial_262,3,13,"[1, 2]",78,"I need a train to Cambridge. I need a train to Cambridge. TR0212 departs Ely Friday at 11:35, would you like to book a ticket for this train? TR0212 departs Ely Friday at 11:35, would you like to book a ticket for this train? Yes, please. There will be 2 of us staying for 4 nights, and we'll arrive on Sunday. Yes, please. There will be 2 of us staying for 4 nights, and we'll arrive on Sunday.",0
dialseg711_dial_312,24,24,[2],26,Your taxi will pick you up at 21:30. It is a grey Honda. Your taxi will pick you up at 21:30. It is a grey Honda.,0
dialseg711_dial_364,3,3,[1],20,I am looking for a hotel called alpha-milton guest house I am looking for a hotel called alpha-milton guest house,0
dialseg711_dial_655,7,17,"[1, 2]",28,Know any good bites around here? Know any good bites around here? Yes please. Can you recommend me of them? Yes please. Can you recommend me of them?,0
dialseg711_dial_604,6,25,"[0, 4]",96,"I've made the change for you. The new car is a White Toyota, and the contact number is 07338867597. Can I help you with anything else? I've made the change for you. The new car is a White Toyota, and the contact number is 07338867597. Can I help you with anything else? Either is fine. Can you see if one of them might have a room on Wednesday for 3 people and 3 nights? Either is fine. Can you see if one of them might have a room on Wednesday for 3 people and 3 nights?",1
dialseg711_dial_138,9,9,[1],10,What is the phone number? What is the phone number?,0
dialseg711_dial_330,2,4,[0],40,It would be a 1 mile drive through heavy traffic to Topanga Mall at 171 Oak Rd It would be a 1 mile drive through heavy traffic to Topanga Mall at 171 Oak Rd Setting navigation now. Setting navigation now.,0
dialseg711_dial_266,6,6,[2],20,The nearest gas station is Chevron at 783 Arcadia Pl The nearest gas station is Chevron at 783 Arcadia Pl,0
dialseg711_dial_436,13,13,[1],16,TR9904 leaves at 09:29 and takes 38 minutes. TR9904 leaves at 09:29 and takes 38 minutes.,1
dialseg711_dial_219,5,5,[2],28,Car I wanna go to a shopping center: is there anything within 3 miles? Car I wanna go to a shopping center: is there anything within 3 miles?,0
dialseg711_dial_474,32,32,[4],20,Acorn guest house is available if that works for you. Acorn guest house is available if that works for you.,0
dialseg711_dial_023,28,28,[4],36,"Yes, that did it. Your reference number is X5XFGMK0. Can I assist you with any other plans today? Yes, that did it. Your reference number is X5XFGMK0. Can I assist you with any other plans today?",0
dialseg711_dial_626,23,23,[4],12,"Corona, will it drizzle this week? Corona, will it drizzle this week?",0
dialseg711_dial_060,1,1,[0],16,Does the Addenbrookes Hospital have a psychiatry department? Does the Addenbrookes Hospital have a psychiatry department?,0
dialseg711_dial_365,2,2,[0],28,"Here is the information for contacting police. Telephone:01223358966 Address :Parkside, Cambridge. Postcode : CB11JG Here is the information for contacting police. Telephone:01223358966 Address :Parkside, Cambridge. Postcode : CB11JG",0
dialseg711_dial_191,2,22,"[0, 3, 4]",110,"I can help book that, what is your destination? I can help book that, what is your destination? Setting a reminder for your meeting with management at 2 pm on the 11th to discuss the company picnic. Setting a reminder for your meeting with management at 2 pm on the 11th to discuss the company picnic. I actually want a 0 star location and with free parking too I actually want a 0 star location and with free parking too Reference number is : YBUKJ2IZ. Would you like restaurant reservations or information on area attractions? Reference number is : YBUKJ2IZ. Would you like restaurant reservations or information on area attractions?",1
dialseg711_dial_236,20,39,"[2, 4]",22,Do you need additional help today? Do you need additional help today? How about 11:15 on Thursday? How about 11:15 on Thursday?,1
dialseg711_dial_257,5,5,[0],22,"Yes, that all sounds good. I would like to book it. Yes, that all sounds good. I would like to book it.",0
dialseg711_dial_207,5,17,"[1, 2]",62,"I would like the address and postcode please. I would like the address and postcode please. Actually I need the reservation to be for 4 nights, 6 people, starting from wednesday. Could you change the reservation for me please? Actually I need the reservation to be for 4 nights, 6 people, starting from wednesday. Could you change the reservation for me please?",0
dialseg711_dial_201,5,5,[1],24,I'm looking for a train going to Cambridge that leaves at 11:30. I'm looking for a train going to Cambridge that leaves at 11:30.,0
dialseg711_dial_444,10,10,[1],36,Your booking was and your reference number is EY36GH17. Is there anything else you need help with today? Your booking was and your reference number is EY36GH17. Is there anything else you need help with today?,1
dialseg711_dial_664,24,24,[1],32,"Sorry, the Acorn is not open then, shall I try somewhere else that fits your criteria? Sorry, the Acorn is not open then, shall I try somewhere else that fits your criteria?",0
dialseg711_dial_063,20,20,[4],30,Pizza Chicago is the closest at 5 miles with no traffic at 550 Alester Avenue. Pizza Chicago is the closest at 5 miles with no traffic at 550 Alester Avenue.,0
dialseg711_dial_342,22,22,[4],30,"Okay great, I have you a blue skoda booked and your contact number is 07101981582. Okay great, I have you a blue skoda booked and your contact number is 07101981582.",0
dialseg711_dial_404,10,10,[1],32,That booking was made for Friday for a party of 5 at 12:00. Was that correct? That booking was made for Friday for a party of 5 at 12:00. Was that correct?,0
dialseg711_dial_296,14,32,"[2, 4]",64,there is a shopping center 1 mile away. it is called Topanga Mall there is a shopping center 1 mile away. it is called Topanga Mall The cambridge and county folk museum is in the west area. Would you care for more information on it? The cambridge and county folk museum is in the west area. Would you care for more information on it?,0
dialseg711_dial_605,19,32,"[3, 4]",58,"Please just book a cheap Italian one for me in the centre, I need it for 8 people at 13:45 on Saturday. Please just book a cheap Italian one for me in the centre, I need it for 8 people at 13:45 on Saturday. The Worth house is in the North. The Worth house is in the North.",0
dialseg711_dial_299,5,5,[0],16,I don't have a preference on leave time. I don't have a preference on leave time.,0
dialseg711_dial_533,25,30,"[3, 4]",42,I need to arrive by 11:45. I need to arrive by 11:45. There are nine restaurants in the east. Do you have a price range in mind? There are nine restaurants in the east. Do you have a price range in mind?,0
dialseg711_dial_117,16,16,[4],14,Yippee noodle bar serves asian oriental food. Yippee noodle bar serves asian oriental food.,0
dialseg711_dial_104,14,14,[4],46,Your conference with the sales team is on the 10th at 6 pm in the 100 conference room to discuss the dress code. Your conference with the sales team is on the 10th at 6 pm in the 100 conference room to discuss the dress code.,0
dialseg711_dial_562,15,25,"[2, 3]",36,Does that train arrive in Cambridge before 17:15? Does that train arrive in Cambridge before 17:15? Is it going to foggy is Compton anytime this week? Is it going to foggy is Compton anytime this week?,0
dialseg711_dial_098,6,6,[0],22,It is located in the west. Will that be all today? It is located in the west. Will that be all today?,1
dialseg711_dial_367,12,12,[3],14,What destination will you be traveling to? What destination will you be traveling to?,0
dialseg711_dial_426,4,5,"[1, 2]",36,"No, today is gonna be cloudy in Los Angeles No, today is gonna be cloudy in Los Angeles Will the weather be warm tomorrow in Los Angeles? Will the weather be warm tomorrow in Los Angeles?",1
dialseg711_dial_246,12,12,[3],16,"Addenbrookes Hospital is located on Hills Rd, Cambridge. Addenbrookes Hospital is located on Hills Rd, Cambridge.",0
dialseg711_dial_171,19,22,[4],54,I need a taxi at Cambridge Museum of Technology to go to the Museum of Classical Archaeology. I need a taxi at Cambridge Museum of Technology to go to the Museum of Classical Archaeology. Booking completed! Booked car type blue audi contact number 07885719005 Booking completed! Booked car type blue audi contact number 07885719005,0
dialseg711_dial_503,19,19,[3],58,Your booking was successful. The ticket fee is 14.08 pounds and is payable at the station. Your reference number is 23G7RUXL. May I assist you with anything else today? Your booking was successful. The ticket fee is 14.08 pounds and is payable at the station. Your reference number is 23G7RUXL. May I assist you with anything else today?,1
dialseg711_dial_636,3,14,"[1, 2]",60,I got injured and are looking for a hospital nearby it should have the teenage cancer trust unit department I got injured and are looking for a hospital nearby it should have the teenage cancer trust unit department I've reserved six tickets for you. Your reference number is X1C6NI79. I've reserved six tickets for you. Your reference number is X1C6NI79.,1
dialseg711_dial_347,5,20,"[1, 4]",30,I want to find a hospital in town I want to find a hospital in town Sure! when would you like to arrive? Sure! when would you like to arrive?,0
dialseg711_dial_057,22,22,[2],28,Where from the town centre do you need the taxi to pick you up? Where from the town centre do you need the taxi to pick you up?,0
dialseg711_dial_294,23,23,[4],46,"The next 48 hours in Seattle are predicted to be misty along with cleat skies, the temperature should range between 30F and 70F The next 48 hours in Seattle are predicted to be misty along with cleat skies, the temperature should range between 30F and 70F",0
dialseg711_dial_108,4,4,[0],32,"There are three galleries, two museums, kettle's yard, and the people's portraits exhibition at girton college. There are three galleries, two museums, kettle's yard, and the people's portraits exhibition at girton college.",0
dialseg711_dial_028,18,21,[4],66,"Where are you departing from? Where are you departing from? As I said, I want to be picked up from lan hong house and taken to great saint mary's church please. I would like to arrive by 20:15. As I said, I want to be picked up from lan hong house and taken to great saint mary's church please. I would like to arrive by 20:15.",0
dialseg711_dial_675,10,10,[1],34,This tuesday in alhambra the temperature will be a low of 20F and a high of 30F This tuesday in alhambra the temperature will be a low of 20F and a high of 30F,1
dialseg711_dial_103,18,18,[3],20,When is my dentist appointment? Who am I going with? When is my dentist appointment? Who am I going with?,0
dialseg711_dial_612,22,22,[4],12,That's all I needed. Thank you! That's all I needed. Thank you!,0
dialseg711_dial_149,11,11,[1],20,I will need the taxi to depart from archway house. I will need the taxi to depart from archway house.,0
dialseg711_dial_327,23,24,[4],24,tell me the time of today's meeting tell me the time of today's meeting the meeting is at 7pm the meeting is at 7pm,0
dialseg711_dial_671,4,4,[1],56,"I have 5 results that match your criteria, do you have a certain area of town you'd like to stay in or a price range you're looking for? I have 5 results that match your criteria, do you have a certain area of town you'd like to stay in or a price range you're looking for?",0
dialseg711_dial_291,24,24,[4],46,Thank you. I have booked a grey honda for you for that time. Is there anything else I can assist you with today? Thank you. I have booked a grey honda for you for that time. Is there anything else I can assist you with today?,0
dialseg711_dial_541,17,17,[2],12,I would love the phone number. I would love the phone number.,0
dialseg711_dial_358,2,2,[0],12,Where would you like to go? Where would you like to go?,0
dialseg711_dial_017,8,8,[0],20,I have booked you and your reference number is 93NZYRZQ. I have booked you and your reference number is 93NZYRZQ.,1
dialseg711_dial_083,9,9,[1],36,what's the weather going to be today and also what is the weather going to be this week what's the weather going to be today and also what is the weather going to be this week,0
dialseg711_dial_431,13,13,[3],14,What location do you need information about? What location do you need information about?,0
dialseg711_dial_217,9,9,[1],4,Yes please. Yes please.,0
